Stochastic worm QMC sampler
model=hardcore_boson, boundary=periodic, L=4, beta=1, t=1, trap=off, M=260, therm=10000, sweeps=100000, chains=12, seed=12345

N            QMC E +/-       err         Exact          diff     <Nop>       <D>       <H>       <P>         <V>     <sgn>   sgn_err      accD      accW      accS
---------------------------------------------------------------------------------------------------------------------------------------------------------------------------
[KRunning N=2 | per-chain progress
[Kchain  0 [>                             ]   0% (0/110000)
[Kchain  1 [>                             ]   0% (0/110000)
[Kchain  2 [>                             ]   0% (0/110000)
[Kchain  3 [>                             ]   0% (0/110000)
[Kchain  4 [>                             ]   0% (0/110000)
[Kchain  5 [>                             ]   0% (0/110000)
[Kchain  6 [>                             ]   0% (0/110000)
[Kchain  7 [>                             ]   0% (0/110000)
[Kchain  8 [>                             ]   0% (0/110000)
[Kchain  9 [>                             ]   0% (0/110000)
[Kchain 10 [>                             ]   0% (0/110000)
[Kchain 11 [>                             ]   0% (0/110000)
[13A[KRunning N=2 | per-chain progress
[Kchain  0 [>                             ]   0% (0/110000)
[Kchain  1 [>                             ]   0% (0/110000)
[Kchain  2 [>                             ]   0% (0/110000)
[Kchain  3 [>                             ]   0% (0/110000)
[Kchain  4 [>                             ]   0% (0/110000)
[Kchain  5 [>                             ]   0% (0/110000)
[Kchain  6 [>                             ]   0% (0/110000)
[Kchain  7 [>                             ]   0% (0/110000)
[Kchain  8 [>                             ]   0% (0/110000)
[Kchain  9 [>                             ]   0% (0/110000)
[Kchain 10 [>                             ]   0% (0/110000)
[Kchain 11 [>                             ]   0% (0/110000)
[13A[KRunning N=2 | per-chain progress
[Kchain  0 [>                             ]   0% (0/110000)
[Kchain  1 [>                             ]   0% (0/110000)
[Kchain  2 [>                             ]   0% (0/110000)
[Kchain  3 [>                             ]   0% (0/110000)
[Kchain  4 [>                             ]   0% (0/110000)
[Kchain  5 [>                             ]   0% (0/110000)
[Kchain  6 [>                             ]   0% (0/110000)
[Kchain  7 [>                             ]   0% (0/110000)
[Kchain  8 [>                             ]   0% (0/110000)
[Kchain  9 [>                             ]   0% (0/110000)
[Kchain 10 [>                             ]   0% (0/110000)
[Kchain 11 [>                             ]   0% (0/110000)
[13A[KRunning N=2 | per-chain progress
[Kchain  0 [>                             ]   0% (0/110000)
[Kchain  1 [>                             ]   0% (0/110000)
[Kchain  2 [>                             ]   0% (0/110000)
[Kchain  3 [>                             ]   0% (0/110000)
[Kchain  4 [>                             ]   0% (0/110000)
[Kchain  5 [>                             ]   0% (0/110000)
[Kchain  6 [>                             ]   0% (0/110000)
[Kchain  7 [>                             ]   0% (0/110000)
[Kchain  8 [>                             ]   0% (0/110000)
[Kchain  9 [>                             ]   0% (0/110000)
[Kchain 10 [>                             ]   0% (0/110000)
[Kchain 11 [>                             ]   0% (0/110000)
[13A[KRunning N=2 | per-chain progress
[Kchain  0 [>                             ]   0% (0/110000)
[Kchain  1 [>                             ]   0% (0/110000)
[Kchain  2 [>                             ]   0% (0/110000)
[Kchain  3 [>                             ]   0% (0/110000)
[Kchain  4 [>                             ]   0% (0/110000)
[Kchain  5 [>                             ]   0% (0/110000)
[Kchain  6 [>                             ]   0% (0/110000)
[Kchain  7 [>                             ]   0% (0/110000)
[Kchain  8 [>                             ]   0% (0/110000)
[Kchain  9 [>                             ]   0% (0/110000)
[Kchain 10 [>                             ]   0% (0/110000)
[Kchain 11 [>                             ]   0% (0/110000)
[13A[KRunning N=2 | per-chain progress
[Kchain  0 [>                             ]   0% (0/110000)
[Kchain  1 [>                             ]   1% (1100/110000)
[Kchain  2 [>                             ]   0% (0/110000)
[Kchain  3 [>                             ]   0% (0/110000)
[Kchain  4 [>                             ]   0% (0/110000)
[Kchain  5 [>                             ]   0% (0/110000)
[Kchain  6 [>                             ]   0% (0/110000)
[Kchain  7 [>                             ]   0% (0/110000)
[Kchain  8 [>                             ]   0% (0/110000)
[Kchain  9 [>                             ]   0% (0/110000)
[Kchain 10 [>                             ]   0% (0/110000)
[Kchain 11 [>                             ]   0% (0/110000)
[13A[KRunning N=2 | per-chain progress
[Kchain  0 [>                             ]   1% (1100/110000)
[Kchain  1 [>                             ]   1% (1100/110000)
[Kchain  2 [>                             ]   0% (0/110000)
[Kchain  3 [>                             ]   0% (0/110000)
[Kchain  4 [>                             ]   0% (0/110000)
[Kchain  5 [>                             ]   0% (0/110000)
[Kchain  6 [>                             ]   0% (0/110000)
[Kchain  7 [>                             ]   0% (0/110000)
[Kchain  8 [>                             ]   0% (0/110000)
[Kchain  9 [>                             ]   0% (0/110000)
[Kchain 10 [>                             ]   0% (0/110000)
[Kchain 11 [>                             ]   0% (0/110000)
[13A[KRunning N=2 | per-chain progress
[Kchain  0 [>                             ]   1% (1100/110000)
[Kchain  1 [>                             ]   1% (1100/110000)
[Kchain  2 [>                             ]   0% (0/110000)
[Kchain  3 [>                             ]   0% (0/110000)
[Kchain  4 [>                             ]   0% (0/110000)
[Kchain  5 [>                             ]   0% (0/110000)
[Kchain  6 [>                             ]   0% (0/110000)
[Kchain  7 [>                             ]   0% (0/110000)
[Kchain  8 [>                             ]   1% (1100/110000)
[Kchain  9 [>                             ]   0% (0/110000)
[Kchain 10 [>                             ]   0% (0/110000)
[Kchain 11 [>                             ]   0% (0/110000)
[13A[KRunning N=2 | per-chain progress
[Kchain  0 [>                             ]   1% (1100/110000)
[Kchain  1 [>                             ]   1% (1100/110000)
[Kchain  2 [>                             ]   0% (0/110000)
[Kchain  3 [>                             ]   0% (0/110000)
[Kchain  4 [>                             ]   0% (0/110000)
[Kchain  5 [>                             ]   0% (0/110000)
[Kchain  6 [>                             ]   0% (0/110000)
[Kchain  7 [>                             ]   0% (0/110000)
[Kchain  8 [>                             ]   1% (1100/110000)
[Kchain  9 [>                             ]   0% (0/110000)
[Kchain 10 [>                             ]   0% (0/110000)
[Kchain 11 [>                             ]   0% (0/110000)
[13A[KRunning N=2 | per-chain progress
[Kchain  0 [>                             ]   1% (1100/110000)
[Kchain  1 [>                             ]   1% (1100/110000)
[Kchain  2 [>                             ]   0% (0/110000)
[Kchain  3 [>                             ]   1% (1100/110000)
[Kchain  4 [>                             ]   0% (0/110000)
[Kchain  5 [>                             ]   0% (0/110000)
[Kchain  6 [>                             ]   0% (0/110000)
[Kchain  7 [>                             ]   0% (0/110000)
[Kchain  8 [>                             ]   1% (1100/110000)
[Kchain  9 [>                             ]   0% (0/110000)
[Kchain 10 [>                             ]   0% (0/110000)
[Kchain 11 [>                             ]   0% (0/110000)
[13A[KRunning N=2 | per-chain progress
[Kchain  0 [>                             ]   1% (1100/110000)
[Kchain  1 [>                             ]   1% (1100/110000)
[Kchain  2 [>                             ]   0% (0/110000)
[Kchain  3 [>                             ]   1% (1100/110000)
[Kchain  4 [>                             ]   0% (0/110000)
[Kchain  5 [>                             ]   0% (0/110000)
[Kchain  6 [>                             ]   0% (0/110000)
[Kchain  7 [>                             ]   0% (0/110000)
[Kchain  8 [>                             ]   1% (1100/110000)
[Kchain  9 [>                             ]   0% (0/110000)
[Kchain 10 [>                             ]   0% (0/110000)
[Kchain 11 [>                             ]   0% (0/110000)
[13A[KRunning N=2 | per-chain progress
[Kchain  0 [>                             ]   2% (2200/110000)
[Kchain  1 [>                             ]   1% (1100/110000)
[Kchain  2 [>                             ]   0% (0/110000)
[Kchain  3 [>                             ]   1% (1100/110000)
[Kchain  4 [>                             ]   0% (0/110000)
[Kchain  5 [>                             ]   0% (0/110000)
[Kchain  6 [>                             ]   1% (1100/110000)
[Kchain  7 [>                             ]   0% (0/110000)
[Kchain  8 [>                             ]   1% (1100/110000)
[Kchain  9 [>                             ]   0% (0/110000)
[Kchain 10 [>                             ]   0% (0/110000)
[Kchain 11 [>                             ]   1% (1100/110000)
[13A[KRunning N=2 | per-chain progress
[Kchain  0 [>                             ]   2% (2200/110000)
[Kchain  1 [>                             ]   1% (1100/110000)
[Kchain  2 [>                             ]   0% (0/110000)
[Kchain  3 [>                             ]   1% (1100/110000)
[Kchain  4 [>                             ]   0% (0/110000)
[Kchain  5 [>                             ]   0% (0/110000)
[Kchain  6 [>                             ]   1% (1100/110000)
[Kchain  7 [>                             ]   1% (1100/110000)
[Kchain  8 [>                             ]   1% (1100/110000)
[Kchain  9 [>                             ]   0% (0/110000)
[Kchain 10 [>                             ]   0% (0/110000)
[Kchain 11 [>                             ]   1% (1100/110000)
[13A[KRunning N=2 | per-chain progress
[Kchain  0 [>                             ]   2% (2200/110000)
[Kchain  1 [>                             ]   1% (1100/110000)
[Kchain  2 [>                             ]   0% (0/110000)
[Kchain  3 [>                             ]   1% (1100/110000)
[Kchain  4 [>                             ]   0% (0/110000)
[Kchain  5 [>                             ]   0% (0/110000)
[Kchain  6 [>                             ]   1% (1100/110000)
[Kchain  7 [>                             ]   1% (1100/110000)
[Kchain  8 [>                             ]   1% (1100/110000)
[Kchain  9 [>                             ]   1% (1100/110000)
[Kchain 10 [>                             ]   0% (0/110000)
[Kchain 11 [>                             ]   1% (1100/110000)
[13A[KRunning N=2 | per-chain progress
[Kchain  0 [>                             ]   2% (2200/110000)
[Kchain  1 [>                             ]   1% (1100/110000)
[Kchain  2 [>                             ]   0% (0/110000)
[Kchain  3 [>                             ]   1% (1100/110000)
[Kchain  4 [>                             ]   0% (0/110000)
[Kchain  5 [>                             ]   0% (0/110000)
[Kchain  6 [>                             ]   1% (1100/110000)
[Kchain  7 [>                             ]   1% (1100/110000)
[Kchain  8 [>                             ]   1% (1100/110000)
[Kchain  9 [>                             ]   1% (1100/110000)
[Kchain 10 [>                             ]   0% (0/110000)
[Kchain 11 [>                             ]   1% (1100/110000)
[13A[KRunning N=2 | per-chain progress
[Kchain  0 [>                             ]   2% (2200/110000)
[Kchain  1 [>                             ]   1% (1100/110000)
[Kchain  2 [>                             ]   0% (0/110000)
[Kchain  3 [>                             ]   1% (1100/110000)
[Kchain  4 [>                             ]   0% (0/110000)
[Kchain  5 [>                             ]   1% (1100/110000)
[Kchain  6 [>                             ]   1% (1100/110000)
[Kchain  7 [>                             ]   1% (1100/110000)
[Kchain  8 [>                             ]   1% (1100/110000)
[Kchain  9 [>                             ]   1% (1100/110000)
[Kchain 10 [>                             ]   0% (0/110000)
[Kchain 11 [>                             ]   1% (1100/110000)
[13A[KRunning N=2 | per-chain progress
[Kchain  0 [>                             ]   2% (2200/110000)
[Kchain  1 [>                             ]   1% (1100/110000)
[Kchain  2 [>                             ]   0% (0/110000)
[Kchain  3 [>                             ]   1% (1100/110000)
[Kchain  4 [>                             ]   1% (1100/110000)
[Kchain  5 [>                             ]   1% (1100/110000)
[Kchain  6 [>                             ]   1% (1100/110000)
[Kchain  7 [>                             ]   1% (1100/110000)
[Kchain  8 [>                             ]   1% (1100/110000)
[Kchain  9 [>                             ]   1% (1100/110000)
[Kchain 10 [>                             ]   1% (1100/110000)
[Kchain 11 [>                             ]   1% (1100/110000)
[13A[KRunning N=2 | per-chain progress
[Kchain  0 [>                             ]   2% (2200/110000)
[Kchain  1 [>                             ]   1% (1100/110000)
[Kchain  2 [>                             ]   0% (0/110000)
[Kchain  3 [>                             ]   1% (1100/110000)
[Kchain  4 [>                             ]   1% (1100/110000)
[Kchain  5 [>                             ]   1% (1100/110000)
[Kchain  6 [>                             ]   1% (1100/110000)
[Kchain  7 [>                             ]   1% (1100/110000)
[Kchain  8 [>                             ]   1% (1100/110000)
[Kchain  9 [>                             ]   1% (1100/110000)
[Kchain 10 [>                             ]   1% (1100/110000)
[Kchain 11 [>                             ]   1% (1100/110000)
[13A[KRunning N=2 | per-chain progress
[Kchain  0 [>                             ]   2% (2200/110000)
[Kchain  1 [>                             ]   2% (2200/110000)
[Kchain  2 [>                             ]   0% (0/110000)
[Kchain  3 [>                             ]   1% (1100/110000)
[Kchain  4 [>                             ]   1% (1100/110000)
[Kchain  5 [>                             ]   1% (1100/110000)
[Kchain  6 [>                             ]   1% (1100/110000)
[Kchain  7 [>                             ]   1% (1100/110000)
[Kchain  8 [>                             ]   1% (1100/110000)
[Kchain  9 [>                             ]   1% (1100/110000)
[Kchain 10 [>                             ]   1% (1100/110000)
[Kchain 11 [>                             ]   1% (1100/110000)
[13A[KRunning N=2 | per-chain progress
[Kchain  0 [>                             ]   2% (2200/110000)
[Kchain  1 [>                             ]   2% (2200/110000)
[Kchain  2 [>                             ]   1% (1100/110000)
[Kchain  3 [>                             ]   1% (1100/110000)
[Kchain  4 [>                             ]   1% (1100/110000)
[Kchain  5 [>                             ]   1% (1100/110000)
[Kchain  6 [>                             ]   1% (1100/110000)
[Kchain  7 [>                             ]   1% (1100/110000)
[Kchain  8 [>                             ]   1% (1100/110000)
[Kchain  9 [>                             ]   1% (1100/110000)
[Kchain 10 [>                             ]   1% (1100/110000)
[Kchain 11 [>                             ]   1% (1100/110000)
[13A[KRunning N=2 | per-chain progress
[Kchain  0 [>                             ]   2% (2200/110000)
[Kchain  1 [>                             ]   2% (2200/110000)
[Kchain  2 [>                             ]   1% (1100/110000)
[Kchain  3 [>                             ]   1% (1100/110000)
[Kchain  4 [>                             ]   1% (1100/110000)
[Kchain  5 [>                             ]   1% (1100/110000)
[Kchain  6 [>                             ]   1% (1100/110000)
[Kchain  7 [>                             ]   1% (1100/110000)
[Kchain  8 [>                             ]   2% (2200/110000)
[Kchain  9 [>                             ]   1% (1100/110000)
[Kchain 10 [>                             ]   1% (1100/110000)
[Kchain 11 [>                             ]   1% (1100/110000)
[13A[KRunning N=2 | per-chain progress
[Kchain  0 [>                             ]   2% (2200/110000)
[Kchain  1 [>                             ]   2% (2200/110000)
[Kchain  2 [>                             ]   1% (1100/110000)
[Kchain  3 [>                             ]   2% (2200/110000)
[Kchain  4 [>                             ]   1% (1100/110000)
[Kchain  5 [>                             ]   1% (1100/110000)
[Kchain  6 [>                             ]   1% (1100/110000)
[Kchain  7 [>                             ]   1% (1100/110000)
[Kchain  8 [>                             ]   2% (2200/110000)
[Kchain  9 [>                             ]   1% (1100/110000)
[Kchain 10 [>                             ]   1% (1100/110000)
[Kchain 11 [>                             ]   1% (1100/110000)
[13A[KRunning N=2 | per-chain progress
[Kchain  0 [>                             ]   3% (3300/110000)
[Kchain  1 [>                             ]   2% (2200/110000)
[Kchain  2 [>                             ]   1% (1100/110000)
[Kchain  3 [>                             ]   2% (2200/110000)
[Kchain  4 [>                             ]   1% (1100/110000)
[Kchain  5 [>                             ]   1% (1100/110000)
[Kchain  6 [>                             ]   1% (1100/110000)
[Kchain  7 [>                             ]   1% (1100/110000)
[Kchain  8 [>                             ]   2% (2200/110000)
[Kchain  9 [>                             ]   1% (1100/110000)
[Kchain 10 [>                             ]   1% (1100/110000)
[Kchain 11 [>                             ]   1% (1100/110000)
[13A[KRunning N=2 | per-chain progress
[Kchain  0 [>                             ]   3% (3300/110000)
[Kchain  1 [>                             ]   2% (2200/110000)
[Kchain  2 [>                             ]   1% (1100/110000)
[Kchain  3 [>                             ]   2% (2200/110000)
[Kchain  4 [>                             ]   1% (1100/110000)
[Kchain  5 [>                             ]   1% (1100/110000)
[Kchain  6 [>                             ]   1% (1100/110000)
[Kchain  7 [>                             ]   1% (1100/110000)
[Kchain  8 [>                             ]   2% (2200/110000)
[Kchain  9 [>                             ]   1% (1100/110000)
[Kchain 10 [>                             ]   1% (1100/110000)
[Kchain 11 [>                             ]   1% (1100/110000)
[13A[KRunning N=2 | per-chain progress
[Kchain  0 [>                             ]   3% (3300/110000)
[Kchain  1 [>                             ]   2% (2200/110000)
[Kchain  2 [>                             ]   1% (1100/110000)
[Kchain  3 [>                             ]   2% (2200/110000)
[Kchain  4 [>                             ]   1% (1100/110000)
[Kchain  5 [>                             ]   1% (1100/110000)
[Kchain  6 [>                             ]   2% (2200/110000)
[Kchain  7 [>                             ]   1% (1100/110000)
[Kchain  8 [>                             ]   2% (2200/110000)
[Kchain  9 [>                             ]   1% (1100/110000)
[Kchain 10 [>                             ]   1% (1100/110000)
[Kchain 11 [>                             ]   2% (2200/110000)
[13A[KRunning N=2 | per-chain progress
[Kchain  0 [>                             ]   3% (3300/110000)
[Kchain  1 [>                             ]   2% (2200/110000)
[Kchain  2 [>                             ]   1% (1100/110000)
[Kchain  3 [>                             ]   2% (2200/110000)
[Kchain  4 [>                             ]   1% (1100/110000)
[Kchain  5 [>                             ]   1% (1100/110000)
[Kchain  6 [>                             ]   2% (2200/110000)
[Kchain  7 [>                             ]   2% (2200/110000)
[Kchain  8 [>                             ]   2% (2200/110000)
[Kchain  9 [>                             ]   2% (2200/110000)
[Kchain 10 [>                             ]   1% (1100/110000)
[Kchain 11 [>                             ]   2% (2200/110000)
[13A[KRunning N=2 | per-chain progress
[Kchain  0 [>                             ]   3% (3300/110000)
[Kchain  1 [>                             ]   2% (2200/110000)
[Kchain  2 [>                             ]   1% (1100/110000)
[Kchain  3 [>                             ]   2% (2200/110000)
[Kchain  4 [>                             ]   1% (1100/110000)
[Kchain  5 [>                             ]   1% (1100/110000)
[Kchain  6 [>                             ]   2% (2200/110000)
[Kchain  7 [>                             ]   2% (2200/110000)
[Kchain  8 [>                             ]   2% (2200/110000)
[Kchain  9 [>                             ]   2% (2200/110000)
[Kchain 10 [>                             ]   1% (1100/110000)
[Kchain 11 [>                             ]   2% (2200/110000)
[13A[KRunning N=2 | per-chain progress
[Kchain  0 [>                             ]   3% (3300/110000)
[Kchain  1 [>                             ]   2% (2200/110000)
[Kchain  2 [>                             ]   1% (1100/110000)
[Kchain  3 [>                             ]   2% (2200/110000)
[Kchain  4 [>                             ]   1% (1100/110000)
[Kchain  5 [>                             ]   2% (2200/110000)
[Kchain  6 [>                             ]   2% (2200/110000)
[Kchain  7 [>                             ]   2% (2200/110000)
[Kchain  8 [>                             ]   2% (2200/110000)
[Kchain  9 [>                             ]   2% (2200/110000)
[Kchain 10 [>                             ]   1% (1100/110000)
[Kchain 11 [>                             ]   2% (2200/110000)
[13A[KRunning N=2 | per-chain progress
[Kchain  0 [>                             ]   3% (3300/110000)
[Kchain  1 [>                             ]   2% (2200/110000)
[Kchain  2 [>                             ]   1% (1100/110000)
[Kchain  3 [>                             ]   2% (2200/110000)
[Kchain  4 [>                             ]   2% (2200/110000)
[Kchain  5 [>                             ]   2% (2200/110000)
[Kchain  6 [>                             ]   2% (2200/110000)
[Kchain  7 [>                             ]   2% (2200/110000)
[Kchain  8 [>                             ]   2% (2200/110000)
[Kchain  9 [>                             ]   2% (2200/110000)
[Kchain 10 [>                             ]   2% (2200/110000)
[Kchain 11 [>                             ]   2% (2200/110000)
[13A[KRunning N=2 | per-chain progress
[Kchain  0 [>                             ]   3% (3300/110000)
[Kchain  1 [>                             ]   2% (2200/110000)
[Kchain  2 [>                             ]   1% (1100/110000)
[Kchain  3 [>                             ]   2% (2200/110000)
[Kchain  4 [>                             ]   2% (2200/110000)
[Kchain  5 [>                             ]   2% (2200/110000)
[Kchain  6 [>                             ]   2% (2200/110000)
[Kchain  7 [>                             ]   2% (2200/110000)
[Kchain  8 [>                             ]   2% (2200/110000)
[Kchain  9 [>                             ]   2% (2200/110000)
[Kchain 10 [>                             ]   2% (2200/110000)
[Kchain 11 [>                             ]   2% (2200/110000)
[13A[KRunning N=2 | per-chain progress
[Kchain  0 [>                             ]   3% (3300/110000)
[Kchain  1 [>                             ]   3% (3300/110000)
[Kchain  2 [>                             ]   1% (1100/110000)
[Kchain  3 [>                             ]   2% (2200/110000)
[Kchain  4 [>                             ]   2% (2200/110000)
[Kchain  5 [>                             ]   2% (2200/110000)
[Kchain  6 [>                             ]   2% (2200/110000)
[Kchain  7 [>                             ]   2% (2200/110000)
[Kchain  8 [>                             ]   2% (2200/110000)
[Kchain  9 [>                             ]   2% (2200/110000)
[Kchain 10 [>                             ]   2% (2200/110000)
[Kchain 11 [>                             ]   2% (2200/110000)
[13A[KRunning N=2 | per-chain progress
[Kchain  0 [>                             ]   3% (3300/110000)
[Kchain  1 [>                             ]   3% (3300/110000)
[Kchain  2 [>                             ]   2% (2200/110000)
[Kchain  3 [>                             ]   2% (2200/110000)
[Kchain  4 [>                             ]   2% (2200/110000)
[Kchain  5 [>                             ]   2% (2200/110000)
[Kchain  6 [>                             ]   2% (2200/110000)
[Kchain  7 [>                             ]   2% (2200/110000)
[Kchain  8 [>                             ]   3% (3300/110000)
[Kchain  9 [>                             ]   2% (2200/110000)
[Kchain 10 [>                             ]   2% (2200/110000)
[Kchain 11 [>                             ]   2% (2200/110000)
[13A[KRunning N=2 | per-chain progress
[Kchain  0 [>                             ]   3% (3300/110000)
[Kchain  1 [>                             ]   3% (3300/110000)
[Kchain  2 [>                             ]   2% (2200/110000)
[Kchain  3 [>                             ]   2% (2200/110000)
[Kchain  4 [>                             ]   2% (2200/110000)
[Kchain  5 [>                             ]   2% (2200/110000)
[Kchain  6 [>                             ]   2% (2200/110000)
[Kchain  7 [>                             ]   2% (2200/110000)
[Kchain  8 [>                             ]   3% (3300/110000)
[Kchain  9 [>                             ]   2% (2200/110000)
[Kchain 10 [>                             ]   2% (2200/110000)
[Kchain 11 [>                             ]   2% (2200/110000)
[13A[KRunning N=2 | per-chain progress
[Kchain  0 [>                             ]   3% (3300/110000)
[Kchain  1 [>                             ]   3% (3300/110000)
[Kchain  2 [>                             ]   2% (2200/110000)
[Kchain  3 [>                             ]   3% (3300/110000)
[Kchain  4 [>                             ]   2% (2200/110000)
[Kchain  5 [>                             ]   2% (2200/110000)
[Kchain  6 [>                             ]   2% (2200/110000)
[Kchain  7 [>                             ]   2% (2200/110000)
[Kchain  8 [>                             ]   3% (3300/110000)
[Kchain  9 [>                             ]   2% (2200/110000)
[Kchain 10 [>                             ]   2% (2200/110000)
[Kchain 11 [>                             ]   2% (2200/110000)
[13A[KRunning N=2 | per-chain progress
[Kchain  0 [=>                            ]   4% (4400/110000)
[Kchain  1 [>                             ]   3% (3300/110000)
[Kchain  2 [>                             ]   2% (2200/110000)
[Kchain  3 [>                             ]   3% (3300/110000)
[Kchain  4 [>                             ]   2% (2200/110000)
[Kchain  5 [>                             ]   2% (2200/110000)
[Kchain  6 [>                             ]   2% (2200/110000)
[Kchain  7 [>                             ]   2% (2200/110000)
[Kchain  8 [>                             ]   3% (3300/110000)
[Kchain  9 [>                             ]   2% (2200/110000)
[Kchain 10 [>                             ]   2% (2200/110000)
[Kchain 11 [>                             ]   2% (2200/110000)
[13A[KRunning N=2 | per-chain progress
[Kchain  0 [=>                            ]   4% (4400/110000)
[Kchain  1 [>                             ]   3% (3300/110000)
[Kchain  2 [>                             ]   2% (2200/110000)
[Kchain  3 [>                             ]   3% (3300/110000)
[Kchain  4 [>                             ]   2% (2200/110000)
[Kchain  5 [>                             ]   2% (2200/110000)
[Kchain  6 [>                             ]   3% (3300/110000)
[Kchain  7 [>                             ]   2% (2200/110000)
[Kchain  8 [>                             ]   3% (3300/110000)
[Kchain  9 [>                             ]   2% (2200/110000)
[Kchain 10 [>                             ]   2% (2200/110000)
[Kchain 11 [>                             ]   2% (2200/110000)
[13A[KRunning N=2 | per-chain progress
[Kchain  0 [=>                            ]   4% (4400/110000)
[Kchain  1 [>                             ]   3% (3300/110000)
[Kchain  2 [>                             ]   2% (2200/110000)
[Kchain  3 [>                             ]   3% (3300/110000)
[Kchain  4 [>                             ]   2% (2200/110000)
[Kchain  5 [>                             ]   2% (2200/110000)
[Kchain  6 [>                             ]   3% (3300/110000)
[Kchain  7 [>                             ]   2% (2200/110000)
[Kchain  8 [>                             ]   3% (3300/110000)
[Kchain  9 [>                             ]   2% (2200/110000)
[Kchain 10 [>                             ]   2% (2200/110000)
[Kchain 11 [>                             ]   2% (2200/110000)
[13A[KRunning N=2 | per-chain progress
[Kchain  0 [=>                            ]   4% (4400/110000)
[Kchain  1 [>                             ]   3% (3300/110000)
[Kchain  2 [>                             ]   2% (2200/110000)
[Kchain  3 [>                             ]   3% (3300/110000)
[Kchain  4 [>                             ]   2% (2200/110000)
[Kchain  5 [>                             ]   2% (2200/110000)
[Kchain  6 [>                             ]   3% (3300/110000)
[Kchain  7 [>                             ]   3% (3300/110000)
[Kchain  8 [>                             ]   3% (3300/110000)
[Kchain  9 [>                             ]   3% (3300/110000)
[Kchain 10 [>                             ]   2% (2200/110000)
[Kchain 11 [>                             ]   3% (3300/110000)
[13A[KRunning N=2 | per-chain progress
[Kchain  0 [=>                            ]   4% (4400/110000)
[Kchain  1 [>                             ]   3% (3300/110000)
[Kchain  2 [>                             ]   2% (2200/110000)
[Kchain  3 [>                             ]   3% (3300/110000)
[Kchain  4 [>                             ]   2% (2200/110000)
[Kchain  5 [>                             ]   2% (2200/110000)
[Kchain  6 [>                             ]   3% (3300/110000)
[Kchain  7 [>                             ]   3% (3300/110000)
[Kchain  8 [>                             ]   3% (3300/110000)
[Kchain  9 [>                             ]   3% (3300/110000)
[Kchain 10 [>                             ]   2% (2200/110000)
[Kchain 11 [>                             ]   3% (3300/110000)
[13A[KRunning N=2 | per-chain progress
[Kchain  0 [=>                            ]   4% (4400/110000)
[Kchain  1 [>                             ]   3% (3300/110000)
[Kchain  2 [>                             ]   2% (2200/110000)
[Kchain  3 [>                             ]   3% (3300/110000)
[Kchain  4 [>                             ]   2% (2200/110000)
[Kchain  5 [>                             ]   3% (3300/110000)
[Kchain  6 [>                             ]   3% (3300/110000)
[Kchain  7 [>                             ]   3% (3300/110000)
[Kchain  8 [>                             ]   3% (3300/110000)
[Kchain  9 [>                             ]   3% (3300/110000)
[Kchain 10 [>                             ]   2% (2200/110000)
[Kchain 11 [>                             ]   3% (3300/110000)
[13A[KRunning N=2 | per-chain progress
[Kchain  0 [=>                            ]   4% (4400/110000)
[Kchain  1 [>                             ]   3% (3300/110000)
[Kchain  2 [>                             ]   2% (2200/110000)
[Kchain  3 [>                             ]   3% (3300/110000)
[Kchain  4 [>                             ]   3% (3300/110000)
[Kchain  5 [>                             ]   3% (3300/110000)
[Kchain  6 [>                             ]   3% (3300/110000)
[Kchain  7 [>                             ]   3% (3300/110000)
[Kchain  8 [>                             ]   3% (3300/110000)
[Kchain  9 [>                             ]   3% (3300/110000)
[Kchain 10 [>                             ]   3% (3300/110000)
[Kchain 11 [>                             ]   3% (3300/110000)
[13A[KRunning N=2 | per-chain progress
[Kchain  0 [=>                            ]   4% (4400/110000)
[Kchain  1 [>                             ]   3% (3300/110000)
[Kchain  2 [>                             ]   2% (2200/110000)
[Kchain  3 [>                             ]   3% (3300/110000)
[Kchain  4 [>                             ]   3% (3300/110000)
[Kchain  5 [>                             ]   3% (3300/110000)
[Kchain  6 [>                             ]   3% (3300/110000)
[Kchain  7 [>                             ]   3% (3300/110000)
[Kchain  8 [>                             ]   3% (3300/110000)
[Kchain  9 [>                             ]   3% (3300/110000)
[Kchain 10 [>                             ]   3% (3300/110000)
[Kchain 11 [>                             ]   3% (3300/110000)
[13A[KRunning N=2 | per-chain progress
[Kchain  0 [=>                            ]   4% (4400/110000)
[Kchain  1 [=>                            ]   4% (4400/110000)
[Kchain  2 [>                             ]   2% (2200/110000)
[Kchain  3 [>                             ]   3% (3300/110000)
[Kchain  4 [>                             ]   3% (3300/110000)
[Kchain  5 [>                             ]   3% (3300/110000)
[Kchain  6 [>                             ]   3% (3300/110000)
[Kchain  7 [>                             ]   3% (3300/110000)
[Kchain  8 [>                             ]   3% (3300/110000)
[Kchain  9 [>                             ]   3% (3300/110000)
[Kchain 10 [>                             ]   3% (3300/110000)
[Kchain 11 [>                             ]   3% (3300/110000)
[13A[KRunning N=2 | per-chain progress
[Kchain  0 [=>                            ]   4% (4400/110000)
[Kchain  1 [=>                            ]   4% (4400/110000)
[Kchain  2 [>                             ]   3% (3300/110000)
[Kchain  3 [>                             ]   3% (3300/110000)
[Kchain  4 [>                             ]   3% (3300/110000)
[Kchain  5 [>                             ]   3% (3300/110000)
[Kchain  6 [>                             ]   3% (3300/110000)
[Kchain  7 [>                             ]   3% (3300/110000)
[Kchain  8 [=>                            ]   4% (4400/110000)
[Kchain  9 [>                             ]   3% (3300/110000)
[Kchain 10 [>                             ]   3% (3300/110000)
[Kchain 11 [>                             ]   3% (3300/110000)
[13A[KRunning N=2 | per-chain progress
[Kchain  0 [=>                            ]   4% (4400/110000)
[Kchain  1 [=>                            ]   4% (4400/110000)
[Kchain  2 [>                             ]   3% (3300/110000)
[Kchain  3 [>                             ]   3% (3300/110000)
[Kchain  4 [>                             ]   3% (3300/110000)
[Kchain  5 [>                             ]   3% (3300/110000)
[Kchain  6 [>                             ]   3% (3300/110000)
[Kchain  7 [>                             ]   3% (3300/110000)
[Kchain  8 [=>                            ]   4% (4400/110000)
[Kchain  9 [>                             ]   3% (3300/110000)
[Kchain 10 [>                             ]   3% (3300/110000)
[Kchain 11 [>                             ]   3% (3300/110000)
[13A[KRunning N=2 | per-chain progress
[Kchain  0 [=>                            ]   4% (4400/110000)
[Kchain  1 [=>                            ]   4% (4400/110000)
[Kchain  2 [>                             ]   3% (3300/110000)
[Kchain  3 [=>                            ]   4% (4400/110000)
[Kchain  4 [>                             ]   3% (3300/110000)
[Kchain  5 [>                             ]   3% (3300/110000)
[Kchain  6 [>                             ]   3% (3300/110000)
[Kchain  7 [>                             ]   3% (3300/110000)
[Kchain  8 [=>                            ]   4% (4400/110000)
[Kchain  9 [>                             ]   3% (3300/110000)
[Kchain 10 [>                             ]   3% (3300/110000)
[Kchain 11 [>                             ]   3% (3300/110000)
[13A[KRunning N=2 | per-chain progress
[Kchain  0 [=>                            ]   5% (5500/110000)
[Kchain  1 [=>                            ]   4% (4400/110000)
[Kchain  2 [>                             ]   3% (3300/110000)
[Kchain  3 [=>                            ]   4% (4400/110000)
[Kchain  4 [>                             ]   3% (3300/110000)
[Kchain  5 [>                             ]   3% (3300/110000)
[Kchain  6 [>                             ]   3% (3300/110000)
[Kchain  7 [>                             ]   3% (3300/110000)
[Kchain  8 [=>                            ]   4% (4400/110000)
[Kchain  9 [>                             ]   3% (3300/110000)
[Kchain 10 [>                             ]   3% (3300/110000)
[Kchain 11 [>                             ]   3% (3300/110000)
[13A[KRunning N=2 | per-chain progress
[Kchain  0 [=>                            ]   5% (5500/110000)
[Kchain  1 [=>                            ]   4% (4400/110000)
[Kchain  2 [>                             ]   3% (3300/110000)
[Kchain  3 [=>                            ]   4% (4400/110000)
[Kchain  4 [>                             ]   3% (3300/110000)
[Kchain  5 [>                             ]   3% (3300/110000)
[Kchain  6 [=>                            ]   4% (4400/110000)
[Kchain  7 [>                             ]   3% (3300/110000)
[Kchain  8 [=>                            ]   4% (4400/110000)
[Kchain  9 [>                             ]   3% (3300/110000)
[Kchain 10 [>                             ]   3% (3300/110000)
[Kchain 11 [>                             ]   3% (3300/110000)
[13A[KRunning N=2 | per-chain progress
[Kchain  0 [=>                            ]   5% (5500/110000)
[Kchain  1 [=>                            ]   4% (4400/110000)
[Kchain  2 [>                             ]   3% (3300/110000)
[Kchain  3 [=>                            ]   4% (4400/110000)
[Kchain  4 [>                             ]   3% (3300/110000)
[Kchain  5 [>                             ]   3% (3300/110000)
[Kchain  6 [=>                            ]   4% (4400/110000)
[Kchain  7 [=>                            ]   4% (4400/110000)
[Kchain  8 [=>                            ]   4% (4400/110000)
[Kchain  9 [>                             ]   3% (3300/110000)
[Kchain 10 [>                             ]   3% (3300/110000)
[Kchain 11 [>                             ]   3% (3300/110000)
[13A[KRunning N=2 | per-chain progress
[Kchain  0 [=>                            ]   5% (5500/110000)
[Kchain  1 [=>                            ]   4% (4400/110000)
[Kchain  2 [>                             ]   3% (3300/110000)
[Kchain  3 [=>                            ]   4% (4400/110000)
[Kchain  4 [>                             ]   3% (3300/110000)
[Kchain  5 [>                             ]   3% (3300/110000)
[Kchain  6 [=>                            ]   4% (4400/110000)
[Kchain  7 [=>                            ]   4% (4400/110000)
[Kchain  8 [=>                            ]   4% (4400/110000)
[Kchain  9 [=>                            ]   4% (4400/110000)
[Kchain 10 [>                             ]   3% (3300/110000)
[Kchain 11 [=>                            ]   4% (4400/110000)
[13A[KRunning N=2 | per-chain progress
[Kchain  0 [=>                            ]   5% (5500/110000)
[Kchain  1 [=>                            ]   4% (4400/110000)
[Kchain  2 [>                             ]   3% (3300/110000)
[Kchain  3 [=>                            ]   4% (4400/110000)
[Kchain  4 [>                             ]   3% (3300/110000)
[Kchain  5 [>                             ]   3% (3300/110000)
[Kchain  6 [=>                            ]   4% (4400/110000)
[Kchain  7 [=>                            ]   4% (4400/110000)
[Kchain  8 [=>                            ]   4% (4400/110000)
[Kchain  9 [=>                            ]   4% (4400/110000)
[Kchain 10 [>                             ]   3% (3300/110000)
[Kchain 11 [=>                            ]   4% (4400/110000)
[13A[KRunning N=2 | per-chain progress
[Kchain  0 [=>                            ]   5% (5500/110000)
[Kchain  1 [=>                            ]   4% (4400/110000)
[Kchain  2 [>                             ]   3% (3300/110000)
[Kchain  3 [=>                            ]   4% (4400/110000)
[Kchain  4 [>                             ]   3% (3300/110000)
[Kchain  5 [=>                            ]   4% (4400/110000)
[Kchain  6 [=>                            ]   4% (4400/110000)
[Kchain  7 [=>                            ]   4% (4400/110000)
[Kchain  8 [=>                            ]   4% (4400/110000)
[Kchain  9 [=>                            ]   4% (4400/110000)
[Kchain 10 [>                             ]   3% (3300/110000)
[Kchain 11 [=>                            ]   4% (4400/110000)
[13A[KRunning N=2 | per-chain progress
[Kchain  0 [=>                            ]   5% (5500/110000)
[Kchain  1 [=>                            ]   4% (4400/110000)
[Kchain  2 [>                             ]   3% (3300/110000)
[Kchain  3 [=>                            ]   4% (4400/110000)
[Kchain  4 [=>                            ]   4% (4400/110000)
[Kchain  5 [=>                            ]   4% (4400/110000)
[Kchain  6 [=>                            ]   4% (4400/110000)
[Kchain  7 [=>                            ]   4% (4400/110000)
[Kchain  8 [=>                            ]   4% (4400/110000)
[Kchain  9 [=>                            ]   4% (4400/110000)
[Kchain 10 [=>                            ]   4% (4400/110000)
[Kchain 11 [=>                            ]   4% (4400/110000)
[13A[KRunning N=2 | per-chain progress
[Kchain  0 [=>                            ]   5% (5500/110000)
[Kchain  1 [=>                            ]   4% (4400/110000)
[Kchain  2 [>                             ]   3% (3300/110000)
[Kchain  3 [=>                            ]   4% (4400/110000)
[Kchain  4 [=>                            ]   4% (4400/110000)
[Kchain  5 [=>                            ]   4% (4400/110000)
[Kchain  6 [=>                            ]   4% (4400/110000)
[Kchain  7 [=>                            ]   4% (4400/110000)
[Kchain  8 [=>                            ]   4% (4400/110000)
[Kchain  9 [=>                            ]   4% (4400/110000)
[Kchain 10 [=>                            ]   4% (4400/110000)
[Kchain 11 [=>                            ]   4% (4400/110000)
[13A[KRunning N=2 | per-chain progress
[Kchain  0 [=>                            ]   5% (5500/110000)
[Kchain  1 [=>                            ]   5% (5500/110000)
[Kchain  2 [>                             ]   3% (3300/110000)
[Kchain  3 [=>                            ]   4% (4400/110000)
[Kchain  4 [=>                            ]   4% (4400/110000)
[Kchain  5 [=>                            ]   4% (4400/110000)
[Kchain  6 [=>                            ]   4% (4400/110000)
[Kchain  7 [=>                            ]   4% (4400/110000)
[Kchain  8 [=>                            ]   4% (4400/110000)
[Kchain  9 [=>                            ]   4% (4400/110000)
[Kchain 10 [=>                            ]   4% (4400/110000)
[Kchain 11 [=>                            ]   4% (4400/110000)
[13A[KRunning N=2 | per-chain progress
[Kchain  0 [=>                            ]   5% (5500/110000)
[Kchain  1 [=>                            ]   5% (5500/110000)
[Kchain  2 [=>                            ]   4% (4400/110000)
[Kchain  3 [=>                            ]   4% (4400/110000)
[Kchain  4 [=>                            ]   4% (4400/110000)
[Kchain  5 [=>                            ]   4% (4400/110000)
[Kchain  6 [=>                            ]   4% (4400/110000)
[Kchain  7 [=>                            ]   4% (4400/110000)
[Kchain  8 [=>                            ]   5% (5500/110000)
[Kchain  9 [=>                            ]   4% (4400/110000)
[Kchain 10 [=>                            ]   4% (4400/110000)
[Kchain 11 [=>                            ]   4% (4400/110000)
[13A[KRunning N=2 | per-chain progress
[Kchain  0 [=>                            ]   5% (5500/110000)
[Kchain  1 [=>                            ]   5% (5500/110000)
[Kchain  2 [=>                            ]   4% (4400/110000)
[Kchain  3 [=>                            ]   4% (4400/110000)
[Kchain  4 [=>                            ]   4% (4400/110000)
[Kchain  5 [=>                            ]   4% (4400/110000)
[Kchain  6 [=>                            ]   4% (4400/110000)
[Kchain  7 [=>                            ]   4% (4400/110000)
[Kchain  8 [=>                            ]   5% (5500/110000)
[Kchain  9 [=>                            ]   4% (4400/110000)
[Kchain 10 [=>                            ]   4% (4400/110000)
[Kchain 11 [=>                            ]   4% (4400/110000)
[13A[KRunning N=2 | per-chain progress
[Kchain  0 [=>                            ]   5% (5500/110000)
[Kchain  1 [=>                            ]   5% (5500/110000)
[Kchain  2 [=>                            ]   4% (4400/110000)
[Kchain  3 [=>                            ]   5% (5500/110000)
[Kchain  4 [=>                            ]   4% (4400/110000)
[Kchain  5 [=>                            ]   4% (4400/110000)
[Kchain  6 [=>                            ]   4% (4400/110000)
[Kchain  7 [=>                            ]   4% (4400/110000)
[Kchain  8 [=>                            ]   5% (5500/110000)
[Kchain  9 [=>                            ]   4% (4400/110000)
[Kchain 10 [=>                            ]   4% (4400/110000)
[Kchain 11 [=>                            ]   4% (4400/110000)
[13A[KRunning N=2 | per-chain progress
[Kchain  0 [=>                            ]   6% (6600/110000)
[Kchain  1 [=>                            ]   5% (5500/110000)
[Kchain  2 [=>                            ]   4% (4400/110000)
[Kchain  3 [=>                            ]   5% (5500/110000)
[Kchain  4 [=>                            ]   4% (4400/110000)
[Kchain  5 [=>                            ]   4% (4400/110000)
[Kchain  6 [=>                            ]   5% (5500/110000)
[Kchain  7 [=>                            ]   4% (4400/110000)
[Kchain  8 [=>                            ]   5% (5500/110000)
[Kchain  9 [=>                            ]   4% (4400/110000)
[Kchain 10 [=>                            ]   4% (4400/110000)
[Kchain 11 [=>                            ]   4% (4400/110000)
[13A[KRunning N=2 | per-chain progress
[Kchain  0 [=>                            ]   6% (6600/110000)
[Kchain  1 [=>                            ]   5% (5500/110000)
[Kchain  2 [=>                            ]   4% (4400/110000)
[Kchain  3 [=>                            ]   5% (5500/110000)
[Kchain  4 [=>                            ]   4% (4400/110000)
[Kchain  5 [=>                            ]   4% (4400/110000)
[Kchain  6 [=>                            ]   5% (5500/110000)
[Kchain  7 [=>                            ]   5% (5500/110000)
[Kchain  8 [=>                            ]   5% (5500/110000)
[Kchain  9 [=>                            ]   4% (4400/110000)
[Kchain 10 [=>                            ]   4% (4400/110000)
[Kchain 11 [=>                            ]   4% (4400/110000)
[13A[KRunning N=2 | per-chain progress
[Kchain  0 [=>                            ]   6% (6600/110000)
[Kchain  1 [=>                            ]   5% (5500/110000)
[Kchain  2 [=>                            ]   4% (4400/110000)
[Kchain  3 [=>                            ]   5% (5500/110000)
[Kchain  4 [=>                            ]   4% (4400/110000)
[Kchain  5 [=>                            ]   4% (4400/110000)
[Kchain  6 [=>                            ]   5% (5500/110000)
[Kchain  7 [=>                            ]   5% (5500/110000)
[Kchain  8 [=>                            ]   5% (5500/110000)
[Kchain  9 [=>                            ]   5% (5500/110000)
[Kchain 10 [=>                            ]   4% (4400/110000)
[Kchain 11 [=>                            ]   4% (4400/110000)
[13A[KRunning N=2 | per-chain progress
[Kchain  0 [=>                            ]   6% (6600/110000)
[Kchain  1 [=>                            ]   5% (5500/110000)
[Kchain  2 [=>                            ]   4% (4400/110000)
[Kchain  3 [=>                            ]   5% (5500/110000)
[Kchain  4 [=>                            ]   4% (4400/110000)
[Kchain  5 [=>                            ]   4% (4400/110000)
[Kchain  6 [=>                            ]   5% (5500/110000)
[Kchain  7 [=>                            ]   5% (5500/110000)
[Kchain  8 [=>                            ]   5% (5500/110000)
[Kchain  9 [=>                            ]   5% (5500/110000)
[Kchain 10 [=>                            ]   4% (4400/110000)
[Kchain 11 [=>                            ]   5% (5500/110000)
[13A[KRunning N=2 | per-chain progress
[Kchain  0 [=>                            ]   6% (6600/110000)
[Kchain  1 [=>                            ]   5% (5500/110000)
[Kchain  2 [=>                            ]   4% (4400/110000)
[Kchain  3 [=>                            ]   5% (5500/110000)
[Kchain  4 [=>                            ]   4% (4400/110000)
[Kchain  5 [=>                            ]   5% (5500/110000)
[Kchain  6 [=>                            ]   5% (5500/110000)
[Kchain  7 [=>                            ]   5% (5500/110000)
[Kchain  8 [=>                            ]   5% (5500/110000)
[Kchain  9 [=>                            ]   5% (5500/110000)
[Kchain 10 [=>                            ]   4% (4400/110000)
[Kchain 11 [=>                            ]   5% (5500/110000)
[13A[KRunning N=2 | per-chain progress
[Kchain  0 [=>                            ]   6% (6600/110000)
[Kchain  1 [=>                            ]   5% (5500/110000)
[Kchain  2 [=>                            ]   4% (4400/110000)
[Kchain  3 [=>                            ]   5% (5500/110000)
[Kchain  4 [=>                            ]   5% (5500/110000)
[Kchain  5 [=>                            ]   5% (5500/110000)
[Kchain  6 [=>                            ]   5% (5500/110000)
[Kchain  7 [=>                            ]   5% (5500/110000)
[Kchain  8 [=>                            ]   5% (5500/110000)
[Kchain  9 [=>                            ]   5% (5500/110000)
[Kchain 10 [=>                            ]   5% (5500/110000)
[Kchain 11 [=>                            ]   5% (5500/110000)
[13A[KRunning N=2 | per-chain progress
[Kchain  0 [=>                            ]   6% (6600/110000)
[Kchain  1 [=>                            ]   5% (5500/110000)
[Kchain  2 [=>                            ]   4% (4400/110000)
[Kchain  3 [=>                            ]   5% (5500/110000)
[Kchain  4 [=>                            ]   5% (5500/110000)
[Kchain  5 [=>                            ]   5% (5500/110000)
[Kchain  6 [=>                            ]   5% (5500/110000)
[Kchain  7 [=>                            ]   5% (5500/110000)
[Kchain  8 [=>                            ]   5% (5500/110000)
[Kchain  9 [=>                            ]   5% (5500/110000)
[Kchain 10 [=>                            ]   5% (5500/110000)
[Kchain 11 [=>                            ]   5% (5500/110000)
[13A[KRunning N=2 | per-chain progress
[Kchain  0 [=>                            ]   6% (6600/110000)
[Kchain  1 [=>                            ]   6% (6600/110000)
[Kchain  2 [=>                            ]   4% (4400/110000)
[Kchain  3 [=>                            ]   5% (5500/110000)
[Kchain  4 [=>                            ]   5% (5500/110000)
[Kchain  5 [=>                            ]   5% (5500/110000)
[Kchain  6 [=>                            ]   5% (5500/110000)
[Kchain  7 [=>                            ]   5% (5500/110000)
[Kchain  8 [=>                            ]   5% (5500/110000)
[Kchain  9 [=>                            ]   5% (5500/110000)
[Kchain 10 [=>                            ]   5% (5500/110000)
[Kchain 11 [=>                            ]   5% (5500/110000)
[13A[KRunning N=2 | per-chain progress
[Kchain  0 [=>                            ]   6% (6600/110000)
[Kchain  1 [=>                            ]   6% (6600/110000)
[Kchain  2 [=>                            ]   5% (5500/110000)
[Kchain  3 [=>                            ]   5% (5500/110000)
[Kchain  4 [=>                            ]   5% (5500/110000)
[Kchain  5 [=>                            ]   5% (5500/110000)
[Kchain  6 [=>                            ]   5% (5500/110000)
[Kchain  7 [=>                            ]   5% (5500/110000)
[Kchain  8 [=>                            ]   5% (5500/110000)
[Kchain  9 [=>                            ]   5% (5500/110000)
[Kchain 10 [=>                            ]   5% (5500/110000)
[Kchain 11 [=>                            ]   5% (5500/110000)
[13A[KRunning N=2 | per-chain progress
[Kchain  0 [=>                            ]   6% (6600/110000)
[Kchain  1 [=>                            ]   6% (6600/110000)
[Kchain  2 [=>                            ]   5% (5500/110000)
[Kchain  3 [=>                            ]   5% (5500/110000)
[Kchain  4 [=>                            ]   5% (5500/110000)
[Kchain  5 [=>                            ]   5% (5500/110000)
[Kchain  6 [=>                            ]   5% (5500/110000)
[Kchain  7 [=>                            ]   5% (5500/110000)
[Kchain  8 [=>                            ]   6% (6600/110000)
[Kchain  9 [=>                            ]   5% (5500/110000)
[Kchain 10 [=>                            ]   5% (5500/110000)
[Kchain 11 [=>                            ]   5% (5500/110000)
[13A[KRunning N=2 | per-chain progress
[Kchain  0 [=>                            ]   6% (6600/110000)
[Kchain  1 [=>                            ]   6% (6600/110000)
[Kchain  2 [=>                            ]   5% (5500/110000)
[Kchain  3 [=>                            ]   5% (5500/110000)
[Kchain  4 [=>                            ]   5% (5500/110000)
[Kchain  5 [=>                            ]   5% (5500/110000)
[Kchain  6 [=>                            ]   5% (5500/110000)
[Kchain  7 [=>                            ]   5% (5500/110000)
[Kchain  8 [=>                            ]   6% (6600/110000)
[Kchain  9 [=>                            ]   5% (5500/110000)
[Kchain 10 [=>                            ]   5% (5500/110000)
[Kchain 11 [=>                            ]   5% (5500/110000)
[13A[KRunning N=2 | per-chain progress
[Kchain  0 [=>                            ]   6% (6600/110000)
[Kchain  1 [=>                            ]   6% (6600/110000)
[Kchain  2 [=>                            ]   5% (5500/110000)
[Kchain  3 [=>                            ]   6% (6600/110000)
[Kchain  4 [=>                            ]   5% (5500/110000)
[Kchain  5 [=>                            ]   5% (5500/110000)
[Kchain  6 [=>                            ]   5% (5500/110000)
[Kchain  7 [=>                            ]   5% (5500/110000)
[Kchain  8 [=>                            ]   6% (6600/110000)
[Kchain  9 [=>                            ]   5% (5500/110000)
[Kchain 10 [=>                            ]   5% (5500/110000)
[Kchain 11 [=>                            ]   5% (5500/110000)
[13A[KRunning N=2 | per-chain progress
[Kchain  0 [==>                           ]   7% (7700/110000)
[Kchain  1 [=>                            ]   6% (6600/110000)
[Kchain  2 [=>                            ]   5% (5500/110000)
[Kchain  3 [=>                            ]   6% (6600/110000)
[Kchain  4 [=>                            ]   5% (5500/110000)
[Kchain  5 [=>                            ]   5% (5500/110000)
[Kchain  6 [=>                            ]   5% (5500/110000)
[Kchain  7 [=>                            ]   5% (5500/110000)
[Kchain  8 [=>                            ]   6% (6600/110000)
[Kchain  9 [=>                            ]   5% (5500/110000)
[Kchain 10 [=>                            ]   5% (5500/110000)
[Kchain 11 [=>                            ]   5% (5500/110000)
[13A[KRunning N=2 | per-chain progress
[Kchain  0 [==>                           ]   7% (7700/110000)
[Kchain  1 [=>                            ]   6% (6600/110000)
[Kchain  2 [=>                            ]   5% (5500/110000)
[Kchain  3 [=>                            ]   6% (6600/110000)
[Kchain  4 [=>                            ]   5% (5500/110000)
[Kchain  5 [=>                            ]   5% (5500/110000)
[Kchain  6 [=>                            ]   6% (6600/110000)
[Kchain  7 [=>                            ]   6% (6600/110000)
[Kchain  8 [=>                            ]   6% (6600/110000)
[Kchain  9 [=>                            ]   5% (5500/110000)
[Kchain 10 [=>                            ]   5% (5500/110000)
[Kchain 11 [=>                            ]   5% (5500/110000)
[13A[KRunning N=2 | per-chain progress
[Kchain  0 [==>                           ]   7% (7700/110000)
[Kchain  1 [=>                            ]   6% (6600/110000)
[Kchain  2 [=>                            ]   5% (5500/110000)
[Kchain  3 [=>                            ]   6% (6600/110000)
[Kchain  4 [=>                            ]   5% (5500/110000)
[Kchain  5 [=>                            ]   5% (5500/110000)
[Kchain  6 [=>                            ]   6% (6600/110000)
[Kchain  7 [=>                            ]   6% (6600/110000)
[Kchain  8 [=>                            ]   6% (6600/110000)
[Kchain  9 [=>                            ]   6% (6600/110000)
[Kchain 10 [=>                            ]   5% (5500/110000)
[Kchain 11 [=>                            ]   5% (5500/110000)
[13A[KRunning N=2 | per-chain progress
[Kchain  0 [==>                           ]   7% (7700/110000)
[Kchain  1 [=>                            ]   6% (6600/110000)
[Kchain  2 [=>                            ]   5% (5500/110000)
[Kchain  3 [=>                            ]   6% (6600/110000)
[Kchain  4 [=>                            ]   5% (5500/110000)
[Kchain  5 [=>                            ]   5% (5500/110000)
[Kchain  6 [=>                            ]   6% (6600/110000)
[Kchain  7 [=>                            ]   6% (6600/110000)
[Kchain  8 [=>                            ]   6% (6600/110000)
[Kchain  9 [=>                            ]   6% (6600/110000)
[Kchain 10 [=>                            ]   5% (5500/110000)
[Kchain 11 [=>                            ]   6% (6600/110000)
[13A[KRunning N=2 | per-chain progress
[Kchain  0 [==>                           ]   7% (7700/110000)
[Kchain  1 [=>                            ]   6% (6600/110000)
[Kchain  2 [=>                            ]   5% (5500/110000)
[Kchain  3 [=>                            ]   6% (6600/110000)
[Kchain  4 [=>                            ]   5% (5500/110000)
[Kchain  5 [=>                            ]   5% (5500/110000)
[Kchain  6 [=>                            ]   6% (6600/110000)
[Kchain  7 [=>                            ]   6% (6600/110000)
[Kchain  8 [=>                            ]   6% (6600/110000)
[Kchain  9 [=>                            ]   6% (6600/110000)
[Kchain 10 [=>                            ]   5% (5500/110000)
[Kchain 11 [=>                            ]   6% (6600/110000)
[13A[KRunning N=2 | per-chain progress
[Kchain  0 [==>                           ]   7% (7700/110000)
[Kchain  1 [=>                            ]   6% (6600/110000)
[Kchain  2 [=>                            ]   5% (5500/110000)
[Kchain  3 [=>                            ]   6% (6600/110000)
[Kchain  4 [=>                            ]   5% (5500/110000)
[Kchain  5 [=>                            ]   6% (6600/110000)
[Kchain  6 [=>                            ]   6% (6600/110000)
[Kchain  7 [=>                            ]   6% (6600/110000)
[Kchain  8 [=>                            ]   6% (6600/110000)
[Kchain  9 [=>                            ]   6% (6600/110000)
[Kchain 10 [=>                            ]   5% (5500/110000)
[Kchain 11 [=>                            ]   6% (6600/110000)
[13A[KRunning N=2 | per-chain progress
[Kchain  0 [==>                           ]   7% (7700/110000)
[Kchain  1 [=>                            ]   6% (6600/110000)
[Kchain  2 [=>                            ]   5% (5500/110000)
[Kchain  3 [=>                            ]   6% (6600/110000)
[Kchain  4 [=>                            ]   6% (6600/110000)
[Kchain  5 [=>                            ]   6% (6600/110000)
[Kchain  6 [=>                            ]   6% (6600/110000)
[Kchain  7 [=>                            ]   6% (6600/110000)
[Kchain  8 [=>                            ]   6% (6600/110000)
[Kchain  9 [=>                            ]   6% (6600/110000)
[Kchain 10 [=>                            ]   6% (6600/110000)
[Kchain 11 [=>                            ]   6% (6600/110000)
[13A[KRunning N=2 | per-chain progress
[Kchain  0 [==>                           ]   7% (7700/110000)
[Kchain  1 [=>                            ]   6% (6600/110000)
[Kchain  2 [=>                            ]   5% (5500/110000)
[Kchain  3 [=>                            ]   6% (6600/110000)
[Kchain  4 [=>                            ]   6% (6600/110000)
[Kchain  5 [=>                            ]   6% (6600/110000)
[Kchain  6 [=>                            ]   6% (6600/110000)
[Kchain  7 [=>                            ]   6% (6600/110000)
[Kchain  8 [=>                            ]   6% (6600/110000)
[Kchain  9 [=>                            ]   6% (6600/110000)
[Kchain 10 [=>                            ]   6% (6600/110000)
[Kchain 11 [=>                            ]   6% (6600/110000)
[13A[KRunning N=2 | per-chain progress
[Kchain  0 [==>                           ]   7% (7700/110000)
[Kchain  1 [==>                           ]   7% (7700/110000)
[Kchain  2 [=>                            ]   5% (5500/110000)
[Kchain  3 [=>                            ]   6% (6600/110000)
[Kchain  4 [=>                            ]   6% (6600/110000)
[Kchain  5 [=>                            ]   6% (6600/110000)
[Kchain  6 [=>                            ]   6% (6600/110000)
[Kchain  7 [=>                            ]   6% (6600/110000)
[Kchain  8 [=>                            ]   6% (6600/110000)
[Kchain  9 [=>                            ]   6% (6600/110000)
[Kchain 10 [=>                            ]   6% (6600/110000)
[Kchain 11 [=>                            ]   6% (6600/110000)
[13A[KRunning N=2 | per-chain progress
[Kchain  0 [==>                           ]   7% (7700/110000)
[Kchain  1 [==>                           ]   7% (7700/110000)
[Kchain  2 [=>                            ]   6% (6600/110000)
[Kchain  3 [=>                            ]   6% (6600/110000)
[Kchain  4 [=>                            ]   6% (6600/110000)
[Kchain  5 [=>                            ]   6% (6600/110000)
[Kchain  6 [=>                            ]   6% (6600/110000)
[Kchain  7 [=>                            ]   6% (6600/110000)
[Kchain  8 [==>                           ]   7% (7700/110000)
[Kchain  9 [=>                            ]   6% (6600/110000)
[Kchain 10 [=>                            ]   6% (6600/110000)
[Kchain 11 [=>                            ]   6% (6600/110000)
[13A[KRunning N=2 | per-chain progress
[Kchain  0 [==>                           ]   7% (7700/110000)
[Kchain  1 [==>                           ]   7% (7700/110000)
[Kchain  2 [=>                            ]   6% (6600/110000)
[Kchain  3 [=>                            ]   6% (6600/110000)
[Kchain  4 [=>                            ]   6% (6600/110000)
[Kchain  5 [=>                            ]   6% (6600/110000)
[Kchain  6 [=>                            ]   6% (6600/110000)
[Kchain  7 [=>                            ]   6% (6600/110000)
[Kchain  8 [==>                           ]   7% (7700/110000)
[Kchain  9 [=>                            ]   6% (6600/110000)
[Kchain 10 [=>                            ]   6% (6600/110000)
[Kchain 11 [=>                            ]   6% (6600/110000)
[13A[KRunning N=2 | per-chain progress
[Kchain  0 [==>                           ]   7% (7700/110000)
[Kchain  1 [==>                           ]   7% (7700/110000)
[Kchain  2 [=>                            ]   6% (6600/110000)
[Kchain  3 [==>                           ]   7% (7700/110000)
[Kchain  4 [=>                            ]   6% (6600/110000)
[Kchain  5 [=>                            ]   6% (6600/110000)
[Kchain  6 [=>                            ]   6% (6600/110000)
[Kchain  7 [=>                            ]   6% (6600/110000)
[Kchain  8 [==>                           ]   7% (7700/110000)
[Kchain  9 [=>                            ]   6% (6600/110000)
[Kchain 10 [=>                            ]   6% (6600/110000)
[Kchain 11 [=>                            ]   6% (6600/110000)
[13A[KRunning N=2 | per-chain progress
[Kchain  0 [==>                           ]   8% (8800/110000)
[Kchain  1 [==>                           ]   7% (7700/110000)
[Kchain  2 [=>                            ]   6% (6600/110000)
[Kchain  3 [==>                           ]   7% (7700/110000)
[Kchain  4 [=>                            ]   6% (6600/110000)
[Kchain  5 [=>                            ]   6% (6600/110000)
[Kchain  6 [==>                           ]   7% (7700/110000)
[Kchain  7 [=>                            ]   6% (6600/110000)
[Kchain  8 [==>                           ]   7% (7700/110000)
[Kchain  9 [=>                            ]   6% (6600/110000)
[Kchain 10 [=>                            ]   6% (6600/110000)
[Kchain 11 [=>                            ]   6% (6600/110000)
[13A[KRunning N=2 | per-chain progress
[Kchain  0 [==>                           ]   8% (8800/110000)
[Kchain  1 [==>                           ]   7% (7700/110000)
[Kchain  2 [=>                            ]   6% (6600/110000)
[Kchain  3 [==>                           ]   7% (7700/110000)
[Kchain  4 [=>                            ]   6% (6600/110000)
[Kchain  5 [=>                            ]   6% (6600/110000)
[Kchain  6 [==>                           ]   7% (7700/110000)
[Kchain  7 [==>                           ]   7% (7700/110000)
[Kchain  8 [==>                           ]   7% (7700/110000)
[Kchain  9 [=>                            ]   6% (6600/110000)
[Kchain 10 [=>                            ]   6% (6600/110000)
[Kchain 11 [=>                            ]   6% (6600/110000)
[13A[KRunning N=2 | per-chain progress
[Kchain  0 [==>                           ]   8% (8800/110000)
[Kchain  1 [==>                           ]   7% (7700/110000)
[Kchain  2 [=>                            ]   6% (6600/110000)
[Kchain  3 [==>                           ]   7% (7700/110000)
[Kchain  4 [=>                            ]   6% (6600/110000)
[Kchain  5 [=>                            ]   6% (6600/110000)
[Kchain  6 [==>                           ]   7% (7700/110000)
[Kchain  7 [==>                           ]   7% (7700/110000)
[Kchain  8 [==>                           ]   7% (7700/110000)
[Kchain  9 [==>                           ]   7% (7700/110000)
[Kchain 10 [=>                            ]   6% (6600/110000)
[Kchain 11 [=>                            ]   6% (6600/110000)
[13A[KRunning N=2 | per-chain progress
[Kchain  0 [==>                           ]   8% (8800/110000)
[Kchain  1 [==>                           ]   7% (7700/110000)
[Kchain  2 [=>                            ]   6% (6600/110000)
[Kchain  3 [==>                           ]   7% (7700/110000)
[Kchain  4 [=>                            ]   6% (6600/110000)
[Kchain  5 [=>                            ]   6% (6600/110000)
[Kchain  6 [==>                           ]   7% (7700/110000)
[Kchain  7 [==>                           ]   7% (7700/110000)
[Kchain  8 [==>                           ]   7% (7700/110000)
[Kchain  9 [==>                           ]   7% (7700/110000)
[Kchain 10 [=>                            ]   6% (6600/110000)
[Kchain 11 [==>                           ]   7% (7700/110000)
[13A[KRunning N=2 | per-chain progress
[Kchain  0 [==>                           ]   8% (8800/110000)
[Kchain  1 [==>                           ]   7% (7700/110000)
[Kchain  2 [=>                            ]   6% (6600/110000)
[Kchain  3 [==>                           ]   7% (7700/110000)
[Kchain  4 [=>                            ]   6% (6600/110000)
[Kchain  5 [=>                            ]   6% (6600/110000)
[Kchain  6 [==>                           ]   7% (7700/110000)
[Kchain  7 [==>                           ]   7% (7700/110000)
[Kchain  8 [==>                           ]   7% (7700/110000)
[Kchain  9 [==>                           ]   7% (7700/110000)
[Kchain 10 [=>                            ]   6% (6600/110000)
[Kchain 11 [==>                           ]   7% (7700/110000)
[13A[KRunning N=2 | per-chain progress
[Kchain  0 [==>                           ]   8% (8800/110000)
[Kchain  1 [==>                           ]   7% (7700/110000)
[Kchain  2 [=>                            ]   6% (6600/110000)
[Kchain  3 [==>                           ]   7% (7700/110000)
[Kchain  4 [=>                            ]   6% (6600/110000)
[Kchain  5 [==>                           ]   7% (7700/110000)
[Kchain  6 [==>                           ]   7% (7700/110000)
[Kchain  7 [==>                           ]   7% (7700/110000)
[Kchain  8 [==>                           ]   7% (7700/110000)
[Kchain  9 [==>                           ]   7% (7700/110000)
[Kchain 10 [=>                            ]   6% (6600/110000)
[Kchain 11 [==>                           ]   7% (7700/110000)
[13A[KRunning N=2 | per-chain progress
[Kchain  0 [==>                           ]   8% (8800/110000)
[Kchain  1 [==>                           ]   7% (7700/110000)
[Kchain  2 [=>                            ]   6% (6600/110000)
[Kchain  3 [==>                           ]   7% (7700/110000)
[Kchain  4 [==>                           ]   7% (7700/110000)
[Kchain  5 [==>                           ]   7% (7700/110000)
[Kchain  6 [==>                           ]   7% (7700/110000)
[Kchain  7 [==>                           ]   7% (7700/110000)
[Kchain  8 [==>                           ]   7% (7700/110000)
[Kchain  9 [==>                           ]   7% (7700/110000)
[Kchain 10 [==>                           ]   7% (7700/110000)
[Kchain 11 [==>                           ]   7% (7700/110000)
[13A[KRunning N=2 | per-chain progress
[Kchain  0 [==>                           ]   8% (8800/110000)
[Kchain  1 [==>                           ]   7% (7700/110000)
[Kchain  2 [=>                            ]   6% (6600/110000)
[Kchain  3 [==>                           ]   7% (7700/110000)
[Kchain  4 [==>                           ]   7% (7700/110000)
[Kchain  5 [==>                           ]   7% (7700/110000)
[Kchain  6 [==>                           ]   7% (7700/110000)
[Kchain  7 [==>                           ]   7% (7700/110000)
[Kchain  8 [==>                           ]   7% (7700/110000)
[Kchain  9 [==>                           ]   7% (7700/110000)
[Kchain 10 [==>                           ]   7% (7700/110000)
[Kchain 11 [==>                           ]   7% (7700/110000)
[13A[KRunning N=2 | per-chain progress
[Kchain  0 [==>                           ]   8% (8800/110000)
[Kchain  1 [==>                           ]   8% (8800/110000)
[Kchain  2 [=>                            ]   6% (6600/110000)
[Kchain  3 [==>                           ]   7% (7700/110000)
[Kchain  4 [==>                           ]   7% (7700/110000)
[Kchain  5 [==>                           ]   7% (7700/110000)
[Kchain  6 [==>                           ]   7% (7700/110000)
[Kchain  7 [==>                           ]   7% (7700/110000)
[Kchain  8 [==>                           ]   7% (7700/110000)
[Kchain  9 [==>                           ]   7% (7700/110000)
[Kchain 10 [==>                           ]   7% (7700/110000)
[Kchain 11 [==>                           ]   7% (7700/110000)
[13A[KRunning N=2 | per-chain progress
[Kchain  0 [==>                           ]   8% (8800/110000)
[Kchain  1 [==>                           ]   8% (8800/110000)
[Kchain  2 [==>                           ]   7% (7700/110000)
[Kchain  3 [==>                           ]   7% (7700/110000)
[Kchain  4 [==>                           ]   7% (7700/110000)
[Kchain  5 [==>                           ]   7% (7700/110000)
[Kchain  6 [==>                           ]   7% (7700/110000)
[Kchain  7 [==>                           ]   7% (7700/110000)
[Kchain  8 [==>                           ]   8% (8800/110000)
[Kchain  9 [==>                           ]   7% (7700/110000)
[Kchain 10 [==>                           ]   7% (7700/110000)
[Kchain 11 [==>                           ]   7% (7700/110000)
[13A[KRunning N=2 | per-chain progress
[Kchain  0 [==>                           ]   8% (8800/110000)
[Kchain  1 [==>                           ]   8% (8800/110000)
[Kchain  2 [==>                           ]   7% (7700/110000)
[Kchain  3 [==>                           ]   7% (7700/110000)
[Kchain  4 [==>                           ]   7% (7700/110000)
[Kchain  5 [==>                           ]   7% (7700/110000)
[Kchain  6 [==>                           ]   7% (7700/110000)
[Kchain  7 [==>                           ]   7% (7700/110000)
[Kchain  8 [==>                           ]   8% (8800/110000)
[Kchain  9 [==>                           ]   7% (7700/110000)
[Kchain 10 [==>                           ]   7% (7700/110000)
[Kchain 11 [==>                           ]   7% (7700/110000)
[13A[KRunning N=2 | per-chain progress
[Kchain  0 [==>                           ]   8% (8800/110000)
[Kchain  1 [==>                           ]   8% (8800/110000)
[Kchain  2 [==>                           ]   7% (7700/110000)
[Kchain  3 [==>                           ]   8% (8800/110000)
[Kchain  4 [==>                           ]   7% (7700/110000)
[Kchain  5 [==>                           ]   7% (7700/110000)
[Kchain  6 [==>                           ]   7% (7700/110000)
[Kchain  7 [==>                           ]   7% (7700/110000)
[Kchain  8 [==>                           ]   8% (8800/110000)
[Kchain  9 [==>                           ]   7% (7700/110000)
[Kchain 10 [==>                           ]   7% (7700/110000)
[Kchain 11 [==>                           ]   7% (7700/110000)
[13A[KRunning N=2 | per-chain progress
[Kchain  0 [==>                           ]   9% (9900/110000)
[Kchain  1 [==>                           ]   8% (8800/110000)
[Kchain  2 [==>                           ]   7% (7700/110000)
[Kchain  3 [==>                           ]   8% (8800/110000)
[Kchain  4 [==>                           ]   7% (7700/110000)
[Kchain  5 [==>                           ]   7% (7700/110000)
[Kchain  6 [==>                           ]   8% (8800/110000)
[Kchain  7 [==>                           ]   7% (7700/110000)
[Kchain  8 [==>                           ]   8% (8800/110000)
[Kchain  9 [==>                           ]   7% (7700/110000)
[Kchain 10 [==>                           ]   7% (7700/110000)
[Kchain 11 [==>                           ]   7% (7700/110000)
[13A[KRunning N=2 | per-chain progress
[Kchain  0 [==>                           ]   9% (9900/110000)
[Kchain  1 [==>                           ]   8% (8800/110000)
[Kchain  2 [==>                           ]   7% (7700/110000)
[Kchain  3 [==>                           ]   8% (8800/110000)
[Kchain  4 [==>                           ]   7% (7700/110000)
[Kchain  5 [==>                           ]   7% (7700/110000)
[Kchain  6 [==>                           ]   8% (8800/110000)
[Kchain  7 [==>                           ]   8% (8800/110000)
[Kchain  8 [==>                           ]   8% (8800/110000)
[Kchain  9 [==>                           ]   7% (7700/110000)
[Kchain 10 [==>                           ]   7% (7700/110000)
[Kchain 11 [==>                           ]   7% (7700/110000)
[13A[KRunning N=2 | per-chain progress
[Kchain  0 [==>                           ]   9% (9900/110000)
[Kchain  1 [==>                           ]   8% (8800/110000)
[Kchain  2 [==>                           ]   7% (7700/110000)
[Kchain  3 [==>                           ]   8% (8800/110000)
[Kchain  4 [==>                           ]   7% (7700/110000)
[Kchain  5 [==>                           ]   7% (7700/110000)
[Kchain  6 [==>                           ]   8% (8800/110000)
[Kchain  7 [==>                           ]   8% (8800/110000)
[Kchain  8 [==>                           ]   8% (8800/110000)
[Kchain  9 [==>                           ]   8% (8800/110000)
[Kchain 10 [==>                           ]   7% (7700/110000)
[Kchain 11 [==>                           ]   7% (7700/110000)
[13A[KRunning N=2 | per-chain progress
[Kchain  0 [==>                           ]   9% (9900/110000)
[Kchain  1 [==>                           ]   8% (8800/110000)
[Kchain  2 [==>                           ]   7% (7700/110000)
[Kchain  3 [==>                           ]   8% (8800/110000)
[Kchain  4 [==>                           ]   7% (7700/110000)
[Kchain  5 [==>                           ]   7% (7700/110000)
[Kchain  6 [==>                           ]   8% (8800/110000)
[Kchain  7 [==>                           ]   8% (8800/110000)
[Kchain  8 [==>                           ]   8% (8800/110000)
[Kchain  9 [==>                           ]   8% (8800/110000)
[Kchain 10 [==>                           ]   7% (7700/110000)
[Kchain 11 [==>                           ]   8% (8800/110000)
[13A[KRunning N=2 | per-chain progress
[Kchain  0 [==>                           ]   9% (9900/110000)
[Kchain  1 [==>                           ]   8% (8800/110000)
[Kchain  2 [==>                           ]   7% (7700/110000)
[Kchain  3 [==>                           ]   8% (8800/110000)
[Kchain  4 [==>                           ]   7% (7700/110000)
[Kchain  5 [==>                           ]   8% (8800/110000)
[Kchain  6 [==>                           ]   8% (8800/110000)
[Kchain  7 [==>                           ]   8% (8800/110000)
[Kchain  8 [==>                           ]   8% (8800/110000)
[Kchain  9 [==>                           ]   8% (8800/110000)
[Kchain 10 [==>                           ]   7% (7700/110000)
[Kchain 11 [==>                           ]   8% (8800/110000)
[13A[KRunning N=2 | per-chain progress
[Kchain  0 [==>                           ]   9% (9900/110000)
[Kchain  1 [==>                           ]   8% (8800/110000)
[Kchain  2 [==>                           ]   7% (7700/110000)
[Kchain  3 [==>                           ]   8% (8800/110000)
[Kchain  4 [==>                           ]   7% (7700/110000)
[Kchain  5 [==>                           ]   8% (8800/110000)
[Kchain  6 [==>                           ]   8% (8800/110000)
[Kchain  7 [==>                           ]   8% (8800/110000)
[Kchain  8 [==>                           ]   8% (8800/110000)
[Kchain  9 [==>                           ]   8% (8800/110000)
[Kchain 10 [==>                           ]   7% (7700/110000)
[Kchain 11 [==>                           ]   8% (8800/110000)
[13A[KRunning N=2 | per-chain progress
[Kchain  0 [==>                           ]   9% (9900/110000)
[Kchain  1 [==>                           ]   8% (8800/110000)
[Kchain  2 [==>                           ]   7% (7700/110000)
[Kchain  3 [==>                           ]   8% (8800/110000)
[Kchain  4 [==>                           ]   8% (8800/110000)
[Kchain  5 [==>                           ]   8% (8800/110000)
[Kchain  6 [==>                           ]   8% (8800/110000)
[Kchain  7 [==>                           ]   8% (8800/110000)
[Kchain  8 [==>                           ]   8% (8800/110000)
[Kchain  9 [==>                           ]   8% (8800/110000)
[Kchain 10 [==>                           ]   8% (8800/110000)
[Kchain 11 [==>                           ]   8% (8800/110000)
[13A[KRunning N=2 | per-chain progress
[Kchain  0 [==>                           ]   9% (9900/110000)
[Kchain  1 [==>                           ]   8% (8800/110000)
[Kchain  2 [==>                           ]   7% (7700/110000)
[Kchain  3 [==>                           ]   8% (8800/110000)
[Kchain  4 [==>                           ]   8% (8800/110000)
[Kchain  5 [==>                           ]   8% (8800/110000)
[Kchain  6 [==>                           ]   8% (8800/110000)
[Kchain  7 [==>                           ]   8% (8800/110000)
[Kchain  8 [==>                           ]   8% (8800/110000)
[Kchain  9 [==>                           ]   8% (8800/110000)
[Kchain 10 [==>                           ]   8% (8800/110000)
[Kchain 11 [==>                           ]   8% (8800/110000)
[13A[KRunning N=2 | per-chain progress
[Kchain  0 [==>                           ]   9% (9900/110000)
[Kchain  1 [==>                           ]   9% (9900/110000)
[Kchain  2 [==>                           ]   7% (7700/110000)
[Kchain  3 [==>                           ]   8% (8800/110000)
[Kchain  4 [==>                           ]   8% (8800/110000)
[Kchain  5 [==>                           ]   8% (8800/110000)
[Kchain  6 [==>                           ]   8% (8800/110000)
[Kchain  7 [==>                           ]   8% (8800/110000)
[Kchain  8 [==>                           ]   8% (8800/110000)
[Kchain  9 [==>                           ]   8% (8800/110000)
[Kchain 10 [==>                           ]   8% (8800/110000)
[Kchain 11 [==>                           ]   8% (8800/110000)
[13A[KRunning N=2 | per-chain progress
[Kchain  0 [==>                           ]   9% (9900/110000)
[Kchain  1 [==>                           ]   9% (9900/110000)
[Kchain  2 [==>                           ]   8% (8800/110000)
[Kchain  3 [==>                           ]   8% (8800/110000)
[Kchain  4 [==>                           ]   8% (8800/110000)
[Kchain  5 [==>                           ]   8% (8800/110000)
[Kchain  6 [==>                           ]   8% (8800/110000)
[Kchain  7 [==>                           ]   8% (8800/110000)
[Kchain  8 [==>                           ]   9% (9900/110000)
[Kchain  9 [==>                           ]   8% (8800/110000)
[Kchain 10 [==>                           ]   8% (8800/110000)
[Kchain 11 [==>                           ]   8% (8800/110000)
[13A[KRunning N=2 | per-chain progress
[Kchain  0 [==>                           ]   9% (9900/110000)
[Kchain  1 [==>                           ]   9% (9900/110000)
[Kchain  2 [==>                           ]   8% (8800/110000)
[Kchain  3 [==>                           ]   8% (8800/110000)
[Kchain  4 [==>                           ]   8% (8800/110000)
[Kchain  5 [==>                           ]   8% (8800/110000)
[Kchain  6 [==>                           ]   8% (8800/110000)
[Kchain  7 [==>                           ]   8% (8800/110000)
[Kchain  8 [==>                           ]   9% (9900/110000)
[Kchain  9 [==>                           ]   8% (8800/110000)
[Kchain 10 [==>                           ]   8% (8800/110000)
[Kchain 11 [==>                           ]   8% (8800/110000)
[13A[KRunning N=2 | per-chain progress
[Kchain  0 [==>                           ]   9% (9900/110000)
[Kchain  1 [==>                           ]   9% (9900/110000)
[Kchain  2 [==>                           ]   8% (8800/110000)
[Kchain  3 [==>                           ]   9% (9900/110000)
[Kchain  4 [==>                           ]   8% (8800/110000)
[Kchain  5 [==>                           ]   8% (8800/110000)
[Kchain  6 [==>                           ]   8% (8800/110000)
[Kchain  7 [==>                           ]   8% (8800/110000)
[Kchain  8 [==>                           ]   9% (9900/110000)
[Kchain  9 [==>                           ]   8% (8800/110000)
[Kchain 10 [==>                           ]   8% (8800/110000)
[Kchain 11 [==>                           ]   8% (8800/110000)
[13A[KRunning N=2 | per-chain progress
[Kchain  0 [===>                          ]  10% (11000/110000)
[Kchain  1 [==>                           ]   9% (9900/110000)
[Kchain  2 [==>                           ]   8% (8800/110000)
[Kchain  3 [==>                           ]   9% (9900/110000)
[Kchain  4 [==>                           ]   8% (8800/110000)
[Kchain  5 [==>                           ]   8% (8800/110000)
[Kchain  6 [==>                           ]   9% (9900/110000)
[Kchain  7 [==>                           ]   8% (8800/110000)
[Kchain  8 [==>                           ]   9% (9900/110000)
[Kchain  9 [==>                           ]   8% (8800/110000)
[Kchain 10 [==>                           ]   8% (8800/110000)
[Kchain 11 [==>                           ]   8% (8800/110000)
[13A[KRunning N=2 | per-chain progress
[Kchain  0 [===>                          ]  10% (11000/110000)
[Kchain  1 [==>                           ]   9% (9900/110000)
[Kchain  2 [==>                           ]   8% (8800/110000)
[Kchain  3 [==>                           ]   9% (9900/110000)
[Kchain  4 [==>                           ]   8% (8800/110000)
[Kchain  5 [==>                           ]   8% (8800/110000)
[Kchain  6 [==>                           ]   9% (9900/110000)
[Kchain  7 [==>                           ]   9% (9900/110000)
[Kchain  8 [==>                           ]   9% (9900/110000)
[Kchain  9 [==>                           ]   8% (8800/110000)
[Kchain 10 [==>                           ]   8% (8800/110000)
[Kchain 11 [==>                           ]   8% (8800/110000)
[13A[KRunning N=2 | per-chain progress
[Kchain  0 [===>                          ]  10% (11000/110000)
[Kchain  1 [==>                           ]   9% (9900/110000)
[Kchain  2 [==>                           ]   8% (8800/110000)
[Kchain  3 [==>                           ]   9% (9900/110000)
[Kchain  4 [==>                           ]   8% (8800/110000)
[Kchain  5 [==>                           ]   8% (8800/110000)
[Kchain  6 [==>                           ]   9% (9900/110000)
[Kchain  7 [==>                           ]   9% (9900/110000)
[Kchain  8 [==>                           ]   9% (9900/110000)
[Kchain  9 [==>                           ]   9% (9900/110000)
[Kchain 10 [==>                           ]   8% (8800/110000)
[Kchain 11 [==>                           ]   8% (8800/110000)
[13A[KRunning N=2 | per-chain progress
[Kchain  0 [===>                          ]  10% (11000/110000)
[Kchain  1 [==>                           ]   9% (9900/110000)
[Kchain  2 [==>                           ]   8% (8800/110000)
[Kchain  3 [==>                           ]   9% (9900/110000)
[Kchain  4 [==>                           ]   8% (8800/110000)
[Kchain  5 [==>                           ]   8% (8800/110000)
[Kchain  6 [==>                           ]   9% (9900/110000)
[Kchain  7 [==>                           ]   9% (9900/110000)
[Kchain  8 [==>                           ]   9% (9900/110000)
[Kchain  9 [==>                           ]   9% (9900/110000)
[Kchain 10 [==>                           ]   8% (8800/110000)
[Kchain 11 [==>                           ]   9% (9900/110000)
[13A[KRunning N=2 | per-chain progress
[Kchain  0 [===>                          ]  10% (11000/110000)
[Kchain  1 [==>                           ]   9% (9900/110000)
[Kchain  2 [==>                           ]   8% (8800/110000)
[Kchain  3 [==>                           ]   9% (9900/110000)
[Kchain  4 [==>                           ]   8% (8800/110000)
[Kchain  5 [==>                           ]   9% (9900/110000)
[Kchain  6 [==>                           ]   9% (9900/110000)
[Kchain  7 [==>                           ]   9% (9900/110000)
[Kchain  8 [==>                           ]   9% (9900/110000)
[Kchain  9 [==>                           ]   9% (9900/110000)
[Kchain 10 [==>                           ]   8% (8800/110000)
[Kchain 11 [==>                           ]   9% (9900/110000)
[13A[KRunning N=2 | per-chain progress
[Kchain  0 [===>                          ]  10% (11000/110000)
[Kchain  1 [==>                           ]   9% (9900/110000)
[Kchain  2 [==>                           ]   8% (8800/110000)
[Kchain  3 [==>                           ]   9% (9900/110000)
[Kchain  4 [==>                           ]   9% (9900/110000)
[Kchain  5 [==>                           ]   9% (9900/110000)
[Kchain  6 [==>                           ]   9% (9900/110000)
[Kchain  7 [==>                           ]   9% (9900/110000)
[Kchain  8 [==>                           ]   9% (9900/110000)
[Kchain  9 [==>                           ]   9% (9900/110000)
[Kchain 10 [==>                           ]   8% (8800/110000)
[Kchain 11 [==>                           ]   9% (9900/110000)
[13A[KRunning N=2 | per-chain progress
[Kchain  0 [===>                          ]  10% (11000/110000)
[Kchain  1 [==>                           ]   9% (9900/110000)
[Kchain  2 [==>                           ]   8% (8800/110000)
[Kchain  3 [==>                           ]   9% (9900/110000)
[Kchain  4 [==>                           ]   9% (9900/110000)
[Kchain  5 [==>                           ]   9% (9900/110000)
[Kchain  6 [==>                           ]   9% (9900/110000)
[Kchain  7 [==>                           ]   9% (9900/110000)
[Kchain  8 [==>                           ]   9% (9900/110000)
[Kchain  9 [==>                           ]   9% (9900/110000)
[Kchain 10 [==>                           ]   9% (9900/110000)
[Kchain 11 [==>                           ]   9% (9900/110000)
[13A[KRunning N=2 | per-chain progress
[Kchain  0 [===>                          ]  10% (11000/110000)
[Kchain  1 [===>                          ]  10% (11000/110000)
[Kchain  2 [==>                           ]   8% (8800/110000)
[Kchain  3 [==>                           ]   9% (9900/110000)
[Kchain  4 [==>                           ]   9% (9900/110000)
[Kchain  5 [==>                           ]   9% (9900/110000)
[Kchain  6 [==>                           ]   9% (9900/110000)
[Kchain  7 [==>                           ]   9% (9900/110000)
[Kchain  8 [==>                           ]   9% (9900/110000)
[Kchain  9 [==>                           ]   9% (9900/110000)
[Kchain 10 [==>                           ]   9% (9900/110000)
[Kchain 11 [==>                           ]   9% (9900/110000)
[13A[KRunning N=2 | per-chain progress
[Kchain  0 [===>                          ]  10% (11000/110000)
[Kchain  1 [===>                          ]  10% (11000/110000)
[Kchain  2 [==>                           ]   8% (8800/110000)
[Kchain  3 [==>                           ]   9% (9900/110000)
[Kchain  4 [==>                           ]   9% (9900/110000)
[Kchain  5 [==>                           ]   9% (9900/110000)
[Kchain  6 [==>                           ]   9% (9900/110000)
[Kchain  7 [==>                           ]   9% (9900/110000)
[Kchain  8 [==>                           ]   9% (9900/110000)
[Kchain  9 [==>                           ]   9% (9900/110000)
[Kchain 10 [==>                           ]   9% (9900/110000)
[Kchain 11 [==>                           ]   9% (9900/110000)
[13A[KRunning N=2 | per-chain progress
[Kchain  0 [===>                          ]  10% (11000/110000)
[Kchain  1 [===>                          ]  10% (11000/110000)
[Kchain  2 [==>                           ]   9% (9900/110000)
[Kchain  3 [==>                           ]   9% (9900/110000)
[Kchain  4 [==>                           ]   9% (9900/110000)
[Kchain  5 [==>                           ]   9% (9900/110000)
[Kchain  6 [==>                           ]   9% (9900/110000)
[Kchain  7 [==>                           ]   9% (9900/110000)
[Kchain  8 [===>                          ]  10% (11000/110000)
[Kchain  9 [==>                           ]   9% (9900/110000)
[Kchain 10 [==>                           ]   9% (9900/110000)
[Kchain 11 [==>                           ]   9% (9900/110000)
[13A[KRunning N=2 | per-chain progress
[Kchain  0 [===>                          ]  10% (11000/110000)
[Kchain  1 [===>                          ]  10% (11000/110000)
[Kchain  2 [==>                           ]   9% (9900/110000)
[Kchain  3 [==>                           ]   9% (9900/110000)
[Kchain  4 [==>                           ]   9% (9900/110000)
[Kchain  5 [==>                           ]   9% (9900/110000)
[Kchain  6 [==>                           ]   9% (9900/110000)
[Kchain  7 [==>                           ]   9% (9900/110000)
[Kchain  8 [===>                          ]  10% (11000/110000)
[Kchain  9 [==>                           ]   9% (9900/110000)
[Kchain 10 [==>                           ]   9% (9900/110000)
[Kchain 11 [==>                           ]   9% (9900/110000)
[13A[KRunning N=2 | per-chain progress
[Kchain  0 [===>                          ]  10% (11000/110000)
[Kchain  1 [===>                          ]  10% (11000/110000)
[Kchain  2 [==>                           ]   9% (9900/110000)
[Kchain  3 [===>                          ]  10% (11000/110000)
[Kchain  4 [==>                           ]   9% (9900/110000)
[Kchain  5 [==>                           ]   9% (9900/110000)
[Kchain  6 [==>                           ]   9% (9900/110000)
[Kchain  7 [==>                           ]   9% (9900/110000)
[Kchain  8 [===>                          ]  10% (11000/110000)
[Kchain  9 [==>                           ]   9% (9900/110000)
[Kchain 10 [==>                           ]   9% (9900/110000)
[Kchain 11 [==>                           ]   9% (9900/110000)
[13A[KRunning N=2 | per-chain progress
[Kchain  0 [===>                          ]  11% (12100/110000)
[Kchain  1 [===>                          ]  10% (11000/110000)
[Kchain  2 [==>                           ]   9% (9900/110000)
[Kchain  3 [===>                          ]  10% (11000/110000)
[Kchain  4 [==>                           ]   9% (9900/110000)
[Kchain  5 [==>                           ]   9% (9900/110000)
[Kchain  6 [==>                           ]   9% (9900/110000)
[Kchain  7 [==>                           ]   9% (9900/110000)
[Kchain  8 [===>                          ]  10% (11000/110000)
[Kchain  9 [==>                           ]   9% (9900/110000)
[Kchain 10 [==>                           ]   9% (9900/110000)
[Kchain 11 [==>                           ]   9% (9900/110000)
[13A[KRunning N=2 | per-chain progress
[Kchain  0 [===>                          ]  11% (12100/110000)
[Kchain  1 [===>                          ]  10% (11000/110000)
[Kchain  2 [==>                           ]   9% (9900/110000)
[Kchain  3 [===>                          ]  10% (11000/110000)
[Kchain  4 [==>                           ]   9% (9900/110000)
[Kchain  5 [==>                           ]   9% (9900/110000)
[Kchain  6 [===>                          ]  10% (11000/110000)
[Kchain  7 [===>                          ]  10% (11000/110000)
[Kchain  8 [===>                          ]  10% (11000/110000)
[Kchain  9 [==>                           ]   9% (9900/110000)
[Kchain 10 [==>                           ]   9% (9900/110000)
[Kchain 11 [==>                           ]   9% (9900/110000)
[13A[KRunning N=2 | per-chain progress
[Kchain  0 [===>                          ]  11% (12100/110000)
[Kchain  1 [===>                          ]  10% (11000/110000)
[Kchain  2 [==>                           ]   9% (9900/110000)
[Kchain  3 [===>                          ]  10% (11000/110000)
[Kchain  4 [==>                           ]   9% (9900/110000)
[Kchain  5 [==>                           ]   9% (9900/110000)
[Kchain  6 [===>                          ]  10% (11000/110000)
[Kchain  7 [===>                          ]  10% (11000/110000)
[Kchain  8 [===>                          ]  10% (11000/110000)
[Kchain  9 [===>                          ]  10% (11000/110000)
[Kchain 10 [==>                           ]   9% (9900/110000)
[Kchain 11 [==>                           ]   9% (9900/110000)
[13A[KRunning N=2 | per-chain progress
[Kchain  0 [===>                          ]  11% (12100/110000)
[Kchain  1 [===>                          ]  10% (11000/110000)
[Kchain  2 [==>                           ]   9% (9900/110000)
[Kchain  3 [===>                          ]  10% (11000/110000)
[Kchain  4 [==>                           ]   9% (9900/110000)
[Kchain  5 [==>                           ]   9% (9900/110000)
[Kchain  6 [===>                          ]  10% (11000/110000)
[Kchain  7 [===>                          ]  10% (11000/110000)
[Kchain  8 [===>                          ]  10% (11000/110000)
[Kchain  9 [===>                          ]  10% (11000/110000)
[Kchain 10 [==>                           ]   9% (9900/110000)
[Kchain 11 [===>                          ]  10% (11000/110000)
[13A[KRunning N=2 | per-chain progress
[Kchain  0 [===>                          ]  11% (12100/110000)
[Kchain  1 [===>                          ]  10% (11000/110000)
[Kchain  2 [==>                           ]   9% (9900/110000)
[Kchain  3 [===>                          ]  10% (11000/110000)
[Kchain  4 [==>                           ]   9% (9900/110000)
[Kchain  5 [==>                           ]   9% (9900/110000)
[Kchain  6 [===>                          ]  10% (11000/110000)
[Kchain  7 [===>                          ]  10% (11000/110000)
[Kchain  8 [===>                          ]  10% (11000/110000)
[Kchain  9 [===>                          ]  10% (11000/110000)
[Kchain 10 [==>                           ]   9% (9900/110000)
[Kchain 11 [===>                          ]  10% (11000/110000)
[13A[KRunning N=2 | per-chain progress
[Kchain  0 [===>                          ]  11% (12100/110000)
[Kchain  1 [===>                          ]  10% (11000/110000)
[Kchain  2 [==>                           ]   9% (9900/110000)
[Kchain  3 [===>                          ]  10% (11000/110000)
[Kchain  4 [==>                           ]   9% (9900/110000)
[Kchain  5 [===>                          ]  10% (11000/110000)
[Kchain  6 [===>                          ]  10% (11000/110000)
[Kchain  7 [===>                          ]  10% (11000/110000)
[Kchain  8 [===>                          ]  10% (11000/110000)
[Kchain  9 [===>                          ]  10% (11000/110000)
[Kchain 10 [==>                           ]   9% (9900/110000)
[Kchain 11 [===>                          ]  10% (11000/110000)
[13A[KRunning N=2 | per-chain progress
[Kchain  0 [===>                          ]  11% (12100/110000)
[Kchain  1 [===>                          ]  10% (11000/110000)
[Kchain  2 [==>                           ]   9% (9900/110000)
[Kchain  3 [===>                          ]  10% (11000/110000)
[Kchain  4 [===>                          ]  10% (11000/110000)
[Kchain  5 [===>                          ]  10% (11000/110000)
[Kchain  6 [===>                          ]  10% (11000/110000)
[Kchain  7 [===>                          ]  10% (11000/110000)
[Kchain  8 [===>                          ]  10% (11000/110000)
[Kchain  9 [===>                          ]  10% (11000/110000)
[Kchain 10 [===>                          ]  10% (11000/110000)
[Kchain 11 [===>                          ]  10% (11000/110000)
[13A[KRunning N=2 | per-chain progress
[Kchain  0 [===>                          ]  11% (12100/110000)
[Kchain  1 [===>                          ]  10% (11000/110000)
[Kchain  2 [==>                           ]   9% (9900/110000)
[Kchain  3 [===>                          ]  10% (11000/110000)
[Kchain  4 [===>                          ]  10% (11000/110000)
[Kchain  5 [===>                          ]  10% (11000/110000)
[Kchain  6 [===>                          ]  10% (11000/110000)
[Kchain  7 [===>                          ]  10% (11000/110000)
[Kchain  8 [===>                          ]  10% (11000/110000)
[Kchain  9 [===>                          ]  10% (11000/110000)
[Kchain 10 [===>                          ]  10% (11000/110000)
[Kchain 11 [===>                          ]  10% (11000/110000)
[13A[KRunning N=2 | per-chain progress
[Kchain  0 [===>                          ]  11% (12100/110000)
[Kchain  1 [===>                          ]  11% (12100/110000)
[Kchain  2 [==>                           ]   9% (9900/110000)
[Kchain  3 [===>                          ]  10% (11000/110000)
[Kchain  4 [===>                          ]  10% (11000/110000)
[Kchain  5 [===>                          ]  10% (11000/110000)
[Kchain  6 [===>                          ]  10% (11000/110000)
[Kchain  7 [===>                          ]  10% (11000/110000)
[Kchain  8 [===>                          ]  10% (11000/110000)
[Kchain  9 [===>                          ]  10% (11000/110000)
[Kchain 10 [===>                          ]  10% (11000/110000)
[Kchain 11 [===>                          ]  10% (11000/110000)
[13A[KRunning N=2 | per-chain progress
[Kchain  0 [===>                          ]  11% (12100/110000)
[Kchain  1 [===>                          ]  11% (12100/110000)
[Kchain  2 [===>                          ]  10% (11000/110000)
[Kchain  3 [===>                          ]  10% (11000/110000)
[Kchain  4 [===>                          ]  10% (11000/110000)
[Kchain  5 [===>                          ]  10% (11000/110000)
[Kchain  6 [===>                          ]  10% (11000/110000)
[Kchain  7 [===>                          ]  10% (11000/110000)
[Kchain  8 [===>                          ]  11% (12100/110000)
[Kchain  9 [===>                          ]  10% (11000/110000)
[Kchain 10 [===>                          ]  10% (11000/110000)
[Kchain 11 [===>                          ]  10% (11000/110000)
[13A[KRunning N=2 | per-chain progress
[Kchain  0 [===>                          ]  11% (12100/110000)
[Kchain  1 [===>                          ]  11% (12100/110000)
[Kchain  2 [===>                          ]  10% (11000/110000)
[Kchain  3 [===>                          ]  10% (11000/110000)
[Kchain  4 [===>                          ]  10% (11000/110000)
[Kchain  5 [===>                          ]  10% (11000/110000)
[Kchain  6 [===>                          ]  10% (11000/110000)
[Kchain  7 [===>                          ]  10% (11000/110000)
[Kchain  8 [===>                          ]  11% (12100/110000)
[Kchain  9 [===>                          ]  10% (11000/110000)
[Kchain 10 [===>                          ]  10% (11000/110000)
[Kchain 11 [===>                          ]  10% (11000/110000)
[13A[KRunning N=2 | per-chain progress
[Kchain  0 [===>                          ]  11% (12100/110000)
[Kchain  1 [===>                          ]  11% (12100/110000)
[Kchain  2 [===>                          ]  10% (11000/110000)
[Kchain  3 [===>                          ]  11% (12100/110000)
[Kchain  4 [===>                          ]  10% (11000/110000)
[Kchain  5 [===>                          ]  10% (11000/110000)
[Kchain  6 [===>                          ]  10% (11000/110000)
[Kchain  7 [===>                          ]  10% (11000/110000)
[Kchain  8 [===>                          ]  11% (12100/110000)
[Kchain  9 [===>                          ]  10% (11000/110000)
[Kchain 10 [===>                          ]  10% (11000/110000)
[Kchain 11 [===>                          ]  10% (11000/110000)
[13A[KRunning N=2 | per-chain progress
[Kchain  0 [===>                          ]  12% (13200/110000)
[Kchain  1 [===>                          ]  11% (12100/110000)
[Kchain  2 [===>                          ]  10% (11000/110000)
[Kchain  3 [===>                          ]  11% (12100/110000)
[Kchain  4 [===>                          ]  10% (11000/110000)
[Kchain  5 [===>                          ]  10% (11000/110000)
[Kchain  6 [===>                          ]  11% (12100/110000)
[Kchain  7 [===>                          ]  10% (11000/110000)
[Kchain  8 [===>                          ]  11% (12100/110000)
[Kchain  9 [===>                          ]  10% (11000/110000)
[Kchain 10 [===>                          ]  10% (11000/110000)
[Kchain 11 [===>                          ]  10% (11000/110000)
[13A[KRunning N=2 | per-chain progress
[Kchain  0 [===>                          ]  12% (13200/110000)
[Kchain  1 [===>                          ]  11% (12100/110000)
[Kchain  2 [===>                          ]  10% (11000/110000)
[Kchain  3 [===>                          ]  11% (12100/110000)
[Kchain  4 [===>                          ]  10% (11000/110000)
[Kchain  5 [===>                          ]  10% (11000/110000)
[Kchain  6 [===>                          ]  11% (12100/110000)
[Kchain  7 [===>                          ]  11% (12100/110000)
[Kchain  8 [===>                          ]  11% (12100/110000)
[Kchain  9 [===>                          ]  10% (11000/110000)
[Kchain 10 [===>                          ]  10% (11000/110000)
[Kchain 11 [===>                          ]  10% (11000/110000)
[13A[KRunning N=2 | per-chain progress
[Kchain  0 [===>                          ]  12% (13200/110000)
[Kchain  1 [===>                          ]  11% (12100/110000)
[Kchain  2 [===>                          ]  10% (11000/110000)
[Kchain  3 [===>                          ]  11% (12100/110000)
[Kchain  4 [===>                          ]  10% (11000/110000)
[Kchain  5 [===>                          ]  10% (11000/110000)
[Kchain  6 [===>                          ]  11% (12100/110000)
[Kchain  7 [===>                          ]  11% (12100/110000)
[Kchain  8 [===>                          ]  11% (12100/110000)
[Kchain  9 [===>                          ]  11% (12100/110000)
[Kchain 10 [===>                          ]  10% (11000/110000)
[Kchain 11 [===>                          ]  10% (11000/110000)
[13A[KRunning N=2 | per-chain progress
[Kchain  0 [===>                          ]  12% (13200/110000)
[Kchain  1 [===>                          ]  11% (12100/110000)
[Kchain  2 [===>                          ]  10% (11000/110000)
[Kchain  3 [===>                          ]  11% (12100/110000)
[Kchain  4 [===>                          ]  10% (11000/110000)
[Kchain  5 [===>                          ]  10% (11000/110000)
[Kchain  6 [===>                          ]  11% (12100/110000)
[Kchain  7 [===>                          ]  11% (12100/110000)
[Kchain  8 [===>                          ]  11% (12100/110000)
[Kchain  9 [===>                          ]  11% (12100/110000)
[Kchain 10 [===>                          ]  10% (11000/110000)
[Kchain 11 [===>                          ]  11% (12100/110000)
[13A[KRunning N=2 | per-chain progress
[Kchain  0 [===>                          ]  12% (13200/110000)
[Kchain  1 [===>                          ]  11% (12100/110000)
[Kchain  2 [===>                          ]  10% (11000/110000)
[Kchain  3 [===>                          ]  11% (12100/110000)
[Kchain  4 [===>                          ]  10% (11000/110000)
[Kchain  5 [===>                          ]  10% (11000/110000)
[Kchain  6 [===>                          ]  11% (12100/110000)
[Kchain  7 [===>                          ]  11% (12100/110000)
[Kchain  8 [===>                          ]  11% (12100/110000)
[Kchain  9 [===>                          ]  11% (12100/110000)
[Kchain 10 [===>                          ]  10% (11000/110000)
[Kchain 11 [===>                          ]  11% (12100/110000)
[13A[KRunning N=2 | per-chain progress
[Kchain  0 [===>                          ]  12% (13200/110000)
[Kchain  1 [===>                          ]  11% (12100/110000)
[Kchain  2 [===>                          ]  10% (11000/110000)
[Kchain  3 [===>                          ]  11% (12100/110000)
[Kchain  4 [===>                          ]  10% (11000/110000)
[Kchain  5 [===>                          ]  11% (12100/110000)
[Kchain  6 [===>                          ]  11% (12100/110000)
[Kchain  7 [===>                          ]  11% (12100/110000)
[Kchain  8 [===>                          ]  11% (12100/110000)
[Kchain  9 [===>                          ]  11% (12100/110000)
[Kchain 10 [===>                          ]  10% (11000/110000)
[Kchain 11 [===>                          ]  11% (12100/110000)
[13A[KRunning N=2 | per-chain progress
[Kchain  0 [===>                          ]  12% (13200/110000)
[Kchain  1 [===>                          ]  11% (12100/110000)
[Kchain  2 [===>                          ]  10% (11000/110000)
[Kchain  3 [===>                          ]  11% (12100/110000)
[Kchain  4 [===>                          ]  11% (12100/110000)
[Kchain  5 [===>                          ]  11% (12100/110000)
[Kchain  6 [===>                          ]  11% (12100/110000)
[Kchain  7 [===>                          ]  11% (12100/110000)
[Kchain  8 [===>                          ]  11% (12100/110000)
[Kchain  9 [===>                          ]  11% (12100/110000)
[Kchain 10 [===>                          ]  11% (12100/110000)
[Kchain 11 [===>                          ]  11% (12100/110000)
[13A[KRunning N=2 | per-chain progress
[Kchain  0 [===>                          ]  12% (13200/110000)
[Kchain  1 [===>                          ]  11% (12100/110000)
[Kchain  2 [===>                          ]  10% (11000/110000)
[Kchain  3 [===>                          ]  11% (12100/110000)
[Kchain  4 [===>                          ]  11% (12100/110000)
[Kchain  5 [===>                          ]  11% (12100/110000)
[Kchain  6 [===>                          ]  11% (12100/110000)
[Kchain  7 [===>                          ]  11% (12100/110000)
[Kchain  8 [===>                          ]  11% (12100/110000)
[Kchain  9 [===>                          ]  11% (12100/110000)
[Kchain 10 [===>                          ]  11% (12100/110000)
[Kchain 11 [===>                          ]  11% (12100/110000)
[13A[KRunning N=2 | per-chain progress
[Kchain  0 [===>                          ]  12% (13200/110000)
[Kchain  1 [===>                          ]  12% (13200/110000)
[Kchain  2 [===>                          ]  10% (11000/110000)
[Kchain  3 [===>                          ]  11% (12100/110000)
[Kchain  4 [===>                          ]  11% (12100/110000)
[Kchain  5 [===>                          ]  11% (12100/110000)
[Kchain  6 [===>                          ]  11% (12100/110000)
[Kchain  7 [===>                          ]  11% (12100/110000)
[Kchain  8 [===>                          ]  11% (12100/110000)
[Kchain  9 [===>                          ]  11% (12100/110000)
[Kchain 10 [===>                          ]  11% (12100/110000)
[Kchain 11 [===>                          ]  11% (12100/110000)
[13A[KRunning N=2 | per-chain progress
[Kchain  0 [===>                          ]  12% (13200/110000)
[Kchain  1 [===>                          ]  12% (13200/110000)
[Kchain  2 [===>                          ]  11% (12100/110000)
[Kchain  3 [===>                          ]  11% (12100/110000)
[Kchain  4 [===>                          ]  11% (12100/110000)
[Kchain  5 [===>                          ]  11% (12100/110000)
[Kchain  6 [===>                          ]  11% (12100/110000)
[Kchain  7 [===>                          ]  11% (12100/110000)
[Kchain  8 [===>                          ]  12% (13200/110000)
[Kchain  9 [===>                          ]  11% (12100/110000)
[Kchain 10 [===>                          ]  11% (12100/110000)
[Kchain 11 [===>                          ]  11% (12100/110000)
[13A[KRunning N=2 | per-chain progress
[Kchain  0 [===>                          ]  12% (13200/110000)
[Kchain  1 [===>                          ]  12% (13200/110000)
[Kchain  2 [===>                          ]  11% (12100/110000)
[Kchain  3 [===>                          ]  11% (12100/110000)
[Kchain  4 [===>                          ]  11% (12100/110000)
[Kchain  5 [===>                          ]  11% (12100/110000)
[Kchain  6 [===>                          ]  11% (12100/110000)
[Kchain  7 [===>                          ]  11% (12100/110000)
[Kchain  8 [===>                          ]  12% (13200/110000)
[Kchain  9 [===>                          ]  11% (12100/110000)
[Kchain 10 [===>                          ]  11% (12100/110000)
[Kchain 11 [===>                          ]  11% (12100/110000)
[13A[KRunning N=2 | per-chain progress
[Kchain  0 [===>                          ]  12% (13200/110000)
[Kchain  1 [===>                          ]  12% (13200/110000)
[Kchain  2 [===>                          ]  11% (12100/110000)
[Kchain  3 [===>                          ]  12% (13200/110000)
[Kchain  4 [===>                          ]  11% (12100/110000)
[Kchain  5 [===>                          ]  11% (12100/110000)
[Kchain  6 [===>                          ]  11% (12100/110000)
[Kchain  7 [===>                          ]  11% (12100/110000)
[Kchain  8 [===>                          ]  12% (13200/110000)
[Kchain  9 [===>                          ]  11% (12100/110000)
[Kchain 10 [===>                          ]  11% (12100/110000)
[Kchain 11 [===>                          ]  11% (12100/110000)
[13A[KRunning N=2 | per-chain progress
[Kchain  0 [===>                          ]  13% (14300/110000)
[Kchain  1 [===>                          ]  12% (13200/110000)
[Kchain  2 [===>                          ]  11% (12100/110000)
[Kchain  3 [===>                          ]  12% (13200/110000)
[Kchain  4 [===>                          ]  11% (12100/110000)
[Kchain  5 [===>                          ]  11% (12100/110000)
[Kchain  6 [===>                          ]  12% (13200/110000)
[Kchain  7 [===>                          ]  11% (12100/110000)
[Kchain  8 [===>                          ]  12% (13200/110000)
[Kchain  9 [===>                          ]  11% (12100/110000)
[Kchain 10 [===>                          ]  11% (12100/110000)
[Kchain 11 [===>                          ]  11% (12100/110000)
[13A[KRunning N=2 | per-chain progress
[Kchain  0 [===>                          ]  13% (14300/110000)
[Kchain  1 [===>                          ]  12% (13200/110000)
[Kchain  2 [===>                          ]  11% (12100/110000)
[Kchain  3 [===>                          ]  12% (13200/110000)
[Kchain  4 [===>                          ]  11% (12100/110000)
[Kchain  5 [===>                          ]  11% (12100/110000)
[Kchain  6 [===>                          ]  12% (13200/110000)
[Kchain  7 [===>                          ]  12% (13200/110000)
[Kchain  8 [===>                          ]  12% (13200/110000)
[Kchain  9 [===>                          ]  11% (12100/110000)
[Kchain 10 [===>                          ]  11% (12100/110000)
[Kchain 11 [===>                          ]  11% (12100/110000)
[13A[KRunning N=2 | per-chain progress
[Kchain  0 [===>                          ]  13% (14300/110000)
[Kchain  1 [===>                          ]  12% (13200/110000)
[Kchain  2 [===>                          ]  11% (12100/110000)
[Kchain  3 [===>                          ]  12% (13200/110000)
[Kchain  4 [===>                          ]  11% (12100/110000)
[Kchain  5 [===>                          ]  11% (12100/110000)
[Kchain  6 [===>                          ]  12% (13200/110000)
[Kchain  7 [===>                          ]  12% (13200/110000)
[Kchain  8 [===>                          ]  12% (13200/110000)
[Kchain  9 [===>                          ]  12% (13200/110000)
[Kchain 10 [===>                          ]  11% (12100/110000)
[Kchain 11 [===>                          ]  11% (12100/110000)
[13A[KRunning N=2 | per-chain progress
[Kchain  0 [===>                          ]  13% (14300/110000)
[Kchain  1 [===>                          ]  12% (13200/110000)
[Kchain  2 [===>                          ]  11% (12100/110000)
[Kchain  3 [===>                          ]  12% (13200/110000)
[Kchain  4 [===>                          ]  11% (12100/110000)
[Kchain  5 [===>                          ]  11% (12100/110000)
[Kchain  6 [===>                          ]  12% (13200/110000)
[Kchain  7 [===>                          ]  12% (13200/110000)
[Kchain  8 [===>                          ]  12% (13200/110000)
[Kchain  9 [===>                          ]  12% (13200/110000)
[Kchain 10 [===>                          ]  11% (12100/110000)
[Kchain 11 [===>                          ]  12% (13200/110000)
[13A[KRunning N=2 | per-chain progress
[Kchain  0 [===>                          ]  13% (14300/110000)
[Kchain  1 [===>                          ]  12% (13200/110000)
[Kchain  2 [===>                          ]  11% (12100/110000)
[Kchain  3 [===>                          ]  12% (13200/110000)
[Kchain  4 [===>                          ]  11% (12100/110000)
[Kchain  5 [===>                          ]  11% (12100/110000)
[Kchain  6 [===>                          ]  12% (13200/110000)
[Kchain  7 [===>                          ]  12% (13200/110000)
[Kchain  8 [===>                          ]  12% (13200/110000)
[Kchain  9 [===>                          ]  12% (13200/110000)
[Kchain 10 [===>                          ]  11% (12100/110000)
[Kchain 11 [===>                          ]  12% (13200/110000)
[13A[KRunning N=2 | per-chain progress
[Kchain  0 [===>                          ]  13% (14300/110000)
[Kchain  1 [===>                          ]  12% (13200/110000)
[Kchain  2 [===>                          ]  11% (12100/110000)
[Kchain  3 [===>                          ]  12% (13200/110000)
[Kchain  4 [===>                          ]  11% (12100/110000)
[Kchain  5 [===>                          ]  12% (13200/110000)
[Kchain  6 [===>                          ]  12% (13200/110000)
[Kchain  7 [===>                          ]  12% (13200/110000)
[Kchain  8 [===>                          ]  12% (13200/110000)
[Kchain  9 [===>                          ]  12% (13200/110000)
[Kchain 10 [===>                          ]  11% (12100/110000)
[Kchain 11 [===>                          ]  12% (13200/110000)
[13A[KRunning N=2 | per-chain progress
[Kchain  0 [===>                          ]  13% (14300/110000)
[Kchain  1 [===>                          ]  12% (13200/110000)
[Kchain  2 [===>                          ]  11% (12100/110000)
[Kchain  3 [===>                          ]  12% (13200/110000)
[Kchain  4 [===>                          ]  12% (13200/110000)
[Kchain  5 [===>                          ]  12% (13200/110000)
[Kchain  6 [===>                          ]  12% (13200/110000)
[Kchain  7 [===>                          ]  12% (13200/110000)
[Kchain  8 [===>                          ]  12% (13200/110000)
[Kchain  9 [===>                          ]  12% (13200/110000)
[Kchain 10 [===>                          ]  12% (13200/110000)
[Kchain 11 [===>                          ]  12% (13200/110000)
[13A[KRunning N=2 | per-chain progress
[Kchain  0 [===>                          ]  13% (14300/110000)
[Kchain  1 [===>                          ]  12% (13200/110000)
[Kchain  2 [===>                          ]  11% (12100/110000)
[Kchain  3 [===>                          ]  12% (13200/110000)
[Kchain  4 [===>                          ]  12% (13200/110000)
[Kchain  5 [===>                          ]  12% (13200/110000)
[Kchain  6 [===>                          ]  12% (13200/110000)
[Kchain  7 [===>                          ]  12% (13200/110000)
[Kchain  8 [===>                          ]  12% (13200/110000)
[Kchain  9 [===>                          ]  12% (13200/110000)
[Kchain 10 [===>                          ]  12% (13200/110000)
[Kchain 11 [===>                          ]  12% (13200/110000)
[13A[KRunning N=2 | per-chain progress
[Kchain  0 [===>                          ]  13% (14300/110000)
[Kchain  1 [===>                          ]  13% (14300/110000)
[Kchain  2 [===>                          ]  11% (12100/110000)
[Kchain  3 [===>                          ]  12% (13200/110000)
[Kchain  4 [===>                          ]  12% (13200/110000)
[Kchain  5 [===>                          ]  12% (13200/110000)
[Kchain  6 [===>                          ]  12% (13200/110000)
[Kchain  7 [===>                          ]  12% (13200/110000)
[Kchain  8 [===>                          ]  12% (13200/110000)
[Kchain  9 [===>                          ]  12% (13200/110000)
[Kchain 10 [===>                          ]  12% (13200/110000)
[Kchain 11 [===>                          ]  12% (13200/110000)
[13A[KRunning N=2 | per-chain progress
[Kchain  0 [===>                          ]  13% (14300/110000)
[Kchain  1 [===>                          ]  13% (14300/110000)
[Kchain  2 [===>                          ]  12% (13200/110000)
[Kchain  3 [===>                          ]  12% (13200/110000)
[Kchain  4 [===>                          ]  12% (13200/110000)
[Kchain  5 [===>                          ]  12% (13200/110000)
[Kchain  6 [===>                          ]  12% (13200/110000)
[Kchain  7 [===>                          ]  12% (13200/110000)
[Kchain  8 [===>                          ]  13% (14300/110000)
[Kchain  9 [===>                          ]  12% (13200/110000)
[Kchain 10 [===>                          ]  12% (13200/110000)
[Kchain 11 [===>                          ]  12% (13200/110000)
[13A[KRunning N=2 | per-chain progress
[Kchain  0 [===>                          ]  13% (14300/110000)
[Kchain  1 [===>                          ]  13% (14300/110000)
[Kchain  2 [===>                          ]  12% (13200/110000)
[Kchain  3 [===>                          ]  12% (13200/110000)
[Kchain  4 [===>                          ]  12% (13200/110000)
[Kchain  5 [===>                          ]  12% (13200/110000)
[Kchain  6 [===>                          ]  12% (13200/110000)
[Kchain  7 [===>                          ]  12% (13200/110000)
[Kchain  8 [===>                          ]  13% (14300/110000)
[Kchain  9 [===>                          ]  12% (13200/110000)
[Kchain 10 [===>                          ]  12% (13200/110000)
[Kchain 11 [===>                          ]  12% (13200/110000)
[13A[KRunning N=2 | per-chain progress
[Kchain  0 [===>                          ]  13% (14300/110000)
[Kchain  1 [===>                          ]  13% (14300/110000)
[Kchain  2 [===>                          ]  12% (13200/110000)
[Kchain  3 [===>                          ]  13% (14300/110000)
[Kchain  4 [===>                          ]  12% (13200/110000)
[Kchain  5 [===>                          ]  12% (13200/110000)
[Kchain  6 [===>                          ]  12% (13200/110000)
[Kchain  7 [===>                          ]  12% (13200/110000)
[Kchain  8 [===>                          ]  13% (14300/110000)
[Kchain  9 [===>                          ]  12% (13200/110000)
[Kchain 10 [===>                          ]  12% (13200/110000)
[Kchain 11 [===>                          ]  12% (13200/110000)
[13A[KRunning N=2 | per-chain progress
[Kchain  0 [====>                         ]  14% (15400/110000)
[Kchain  1 [===>                          ]  13% (14300/110000)
[Kchain  2 [===>                          ]  12% (13200/110000)
[Kchain  3 [===>                          ]  13% (14300/110000)
[Kchain  4 [===>                          ]  12% (13200/110000)
[Kchain  5 [===>                          ]  12% (13200/110000)
[Kchain  6 [===>                          ]  13% (14300/110000)
[Kchain  7 [===>                          ]  12% (13200/110000)
[Kchain  8 [===>                          ]  13% (14300/110000)
[Kchain  9 [===>                          ]  12% (13200/110000)
[Kchain 10 [===>                          ]  12% (13200/110000)
[Kchain 11 [===>                          ]  12% (13200/110000)
[13A[KRunning N=2 | per-chain progress
[Kchain  0 [====>                         ]  14% (15400/110000)
[Kchain  1 [===>                          ]  13% (14300/110000)
[Kchain  2 [===>                          ]  12% (13200/110000)
[Kchain  3 [===>                          ]  13% (14300/110000)
[Kchain  4 [===>                          ]  12% (13200/110000)
[Kchain  5 [===>                          ]  12% (13200/110000)
[Kchain  6 [===>                          ]  13% (14300/110000)
[Kchain  7 [===>                          ]  13% (14300/110000)
[Kchain  8 [===>                          ]  13% (14300/110000)
[Kchain  9 [===>                          ]  12% (13200/110000)
[Kchain 10 [===>                          ]  12% (13200/110000)
[Kchain 11 [===>                          ]  12% (13200/110000)
[13A[KRunning N=2 | per-chain progress
[Kchain  0 [====>                         ]  14% (15400/110000)
[Kchain  1 [===>                          ]  13% (14300/110000)
[Kchain  2 [===>                          ]  12% (13200/110000)
[Kchain  3 [===>                          ]  13% (14300/110000)
[Kchain  4 [===>                          ]  12% (13200/110000)
[Kchain  5 [===>                          ]  12% (13200/110000)
[Kchain  6 [===>                          ]  13% (14300/110000)
[Kchain  7 [===>                          ]  13% (14300/110000)
[Kchain  8 [===>                          ]  13% (14300/110000)
[Kchain  9 [===>                          ]  13% (14300/110000)
[Kchain 10 [===>                          ]  12% (13200/110000)
[Kchain 11 [===>                          ]  12% (13200/110000)
[13A[KRunning N=2 | per-chain progress
[Kchain  0 [====>                         ]  14% (15400/110000)
[Kchain  1 [===>                          ]  13% (14300/110000)
[Kchain  2 [===>                          ]  12% (13200/110000)
[Kchain  3 [===>                          ]  13% (14300/110000)
[Kchain  4 [===>                          ]  12% (13200/110000)
[Kchain  5 [===>                          ]  12% (13200/110000)
[Kchain  6 [===>                          ]  13% (14300/110000)
[Kchain  7 [===>                          ]  13% (14300/110000)
[Kchain  8 [===>                          ]  13% (14300/110000)
[Kchain  9 [===>                          ]  13% (14300/110000)
[Kchain 10 [===>                          ]  12% (13200/110000)
[Kchain 11 [===>                          ]  13% (14300/110000)
[13A[KRunning N=2 | per-chain progress
[Kchain  0 [====>                         ]  14% (15400/110000)
[Kchain  1 [===>                          ]  13% (14300/110000)
[Kchain  2 [===>                          ]  12% (13200/110000)
[Kchain  3 [===>                          ]  13% (14300/110000)
[Kchain  4 [===>                          ]  12% (13200/110000)
[Kchain  5 [===>                          ]  13% (14300/110000)
[Kchain  6 [===>                          ]  13% (14300/110000)
[Kchain  7 [===>                          ]  13% (14300/110000)
[Kchain  8 [===>                          ]  13% (14300/110000)
[Kchain  9 [===>                          ]  13% (14300/110000)
[Kchain 10 [===>                          ]  12% (13200/110000)
[Kchain 11 [===>                          ]  13% (14300/110000)
[13A[KRunning N=2 | per-chain progress
[Kchain  0 [====>                         ]  14% (15400/110000)
[Kchain  1 [===>                          ]  13% (14300/110000)
[Kchain  2 [===>                          ]  12% (13200/110000)
[Kchain  3 [===>                          ]  13% (14300/110000)
[Kchain  4 [===>                          ]  12% (13200/110000)
[Kchain  5 [===>                          ]  13% (14300/110000)
[Kchain  6 [===>                          ]  13% (14300/110000)
[Kchain  7 [===>                          ]  13% (14300/110000)
[Kchain  8 [===>                          ]  13% (14300/110000)
[Kchain  9 [===>                          ]  13% (14300/110000)
[Kchain 10 [===>                          ]  12% (13200/110000)
[Kchain 11 [===>                          ]  13% (14300/110000)
[13A[KRunning N=2 | per-chain progress
[Kchain  0 [====>                         ]  14% (15400/110000)
[Kchain  1 [===>                          ]  13% (14300/110000)
[Kchain  2 [===>                          ]  12% (13200/110000)
[Kchain  3 [===>                          ]  13% (14300/110000)
[Kchain  4 [===>                          ]  13% (14300/110000)
[Kchain  5 [===>                          ]  13% (14300/110000)
[Kchain  6 [===>                          ]  13% (14300/110000)
[Kchain  7 [===>                          ]  13% (14300/110000)
[Kchain  8 [===>                          ]  13% (14300/110000)
[Kchain  9 [===>                          ]  13% (14300/110000)
[Kchain 10 [===>                          ]  13% (14300/110000)
[Kchain 11 [===>                          ]  13% (14300/110000)
[13A[KRunning N=2 | per-chain progress
[Kchain  0 [====>                         ]  14% (15400/110000)
[Kchain  1 [===>                          ]  13% (14300/110000)
[Kchain  2 [===>                          ]  12% (13200/110000)
[Kchain  3 [===>                          ]  13% (14300/110000)
[Kchain  4 [===>                          ]  13% (14300/110000)
[Kchain  5 [===>                          ]  13% (14300/110000)
[Kchain  6 [===>                          ]  13% (14300/110000)
[Kchain  7 [===>                          ]  13% (14300/110000)
[Kchain  8 [===>                          ]  13% (14300/110000)
[Kchain  9 [===>                          ]  13% (14300/110000)
[Kchain 10 [===>                          ]  13% (14300/110000)
[Kchain 11 [===>                          ]  13% (14300/110000)
[13A[KRunning N=2 | per-chain progress
[Kchain  0 [====>                         ]  14% (15400/110000)
[Kchain  1 [====>                         ]  14% (15400/110000)
[Kchain  2 [===>                          ]  12% (13200/110000)
[Kchain  3 [===>                          ]  13% (14300/110000)
[Kchain  4 [===>                          ]  13% (14300/110000)
[Kchain  5 [===>                          ]  13% (14300/110000)
[Kchain  6 [===>                          ]  13% (14300/110000)
[Kchain  7 [===>                          ]  13% (14300/110000)
[Kchain  8 [===>                          ]  13% (14300/110000)
[Kchain  9 [===>                          ]  13% (14300/110000)
[Kchain 10 [===>                          ]  13% (14300/110000)
[Kchain 11 [===>                          ]  13% (14300/110000)
[13A[KRunning N=2 | per-chain progress
[Kchain  0 [====>                         ]  14% (15400/110000)
[Kchain  1 [====>                         ]  14% (15400/110000)
[Kchain  2 [===>                          ]  13% (14300/110000)
[Kchain  3 [===>                          ]  13% (14300/110000)
[Kchain  4 [===>                          ]  13% (14300/110000)
[Kchain  5 [===>                          ]  13% (14300/110000)
[Kchain  6 [===>                          ]  13% (14300/110000)
[Kchain  7 [===>                          ]  13% (14300/110000)
[Kchain  8 [====>                         ]  14% (15400/110000)
[Kchain  9 [===>                          ]  13% (14300/110000)
[Kchain 10 [===>                          ]  13% (14300/110000)
[Kchain 11 [===>                          ]  13% (14300/110000)
[13A[KRunning N=2 | per-chain progress
[Kchain  0 [====>                         ]  14% (15400/110000)
[Kchain  1 [====>                         ]  14% (15400/110000)
[Kchain  2 [===>                          ]  13% (14300/110000)
[Kchain  3 [===>                          ]  13% (14300/110000)
[Kchain  4 [===>                          ]  13% (14300/110000)
[Kchain  5 [===>                          ]  13% (14300/110000)
[Kchain  6 [===>                          ]  13% (14300/110000)
[Kchain  7 [===>                          ]  13% (14300/110000)
[Kchain  8 [====>                         ]  14% (15400/110000)
[Kchain  9 [===>                          ]  13% (14300/110000)
[Kchain 10 [===>                          ]  13% (14300/110000)
[Kchain 11 [===>                          ]  13% (14300/110000)
[13A[KRunning N=2 | per-chain progress
[Kchain  0 [====>                         ]  14% (15400/110000)
[Kchain  1 [====>                         ]  14% (15400/110000)
[Kchain  2 [===>                          ]  13% (14300/110000)
[Kchain  3 [====>                         ]  14% (15400/110000)
[Kchain  4 [===>                          ]  13% (14300/110000)
[Kchain  5 [===>                          ]  13% (14300/110000)
[Kchain  6 [===>                          ]  13% (14300/110000)
[Kchain  7 [===>                          ]  13% (14300/110000)
[Kchain  8 [====>                         ]  14% (15400/110000)
[Kchain  9 [===>                          ]  13% (14300/110000)
[Kchain 10 [===>                          ]  13% (14300/110000)
[Kchain 11 [===>                          ]  13% (14300/110000)
[13A[KRunning N=2 | per-chain progress
[Kchain  0 [====>                         ]  15% (16500/110000)
[Kchain  1 [====>                         ]  14% (15400/110000)
[Kchain  2 [===>                          ]  13% (14300/110000)
[Kchain  3 [====>                         ]  14% (15400/110000)
[Kchain  4 [===>                          ]  13% (14300/110000)
[Kchain  5 [===>                          ]  13% (14300/110000)
[Kchain  6 [===>                          ]  13% (14300/110000)
[Kchain  7 [===>                          ]  13% (14300/110000)
[Kchain  8 [====>                         ]  14% (15400/110000)
[Kchain  9 [===>                          ]  13% (14300/110000)
[Kchain 10 [===>                          ]  13% (14300/110000)
[Kchain 11 [===>                          ]  13% (14300/110000)
[13A[KRunning N=2 | per-chain progress
[Kchain  0 [====>                         ]  15% (16500/110000)
[Kchain  1 [====>                         ]  14% (15400/110000)
[Kchain  2 [===>                          ]  13% (14300/110000)
[Kchain  3 [====>                         ]  14% (15400/110000)
[Kchain  4 [===>                          ]  13% (14300/110000)
[Kchain  5 [===>                          ]  13% (14300/110000)
[Kchain  6 [====>                         ]  14% (15400/110000)
[Kchain  7 [====>                         ]  14% (15400/110000)
[Kchain  8 [====>                         ]  14% (15400/110000)
[Kchain  9 [===>                          ]  13% (14300/110000)
[Kchain 10 [===>                          ]  13% (14300/110000)
[Kchain 11 [===>                          ]  13% (14300/110000)
[13A[KRunning N=2 | per-chain progress
[Kchain  0 [====>                         ]  15% (16500/110000)
[Kchain  1 [====>                         ]  14% (15400/110000)
[Kchain  2 [===>                          ]  13% (14300/110000)
[Kchain  3 [====>                         ]  14% (15400/110000)
[Kchain  4 [===>                          ]  13% (14300/110000)
[Kchain  5 [===>                          ]  13% (14300/110000)
[Kchain  6 [====>                         ]  14% (15400/110000)
[Kchain  7 [====>                         ]  14% (15400/110000)
[Kchain  8 [====>                         ]  14% (15400/110000)
[Kchain  9 [====>                         ]  14% (15400/110000)
[Kchain 10 [===>                          ]  13% (14300/110000)
[Kchain 11 [===>                          ]  13% (14300/110000)
[13A[KRunning N=2 | per-chain progress
[Kchain  0 [====>                         ]  15% (16500/110000)
[Kchain  1 [====>                         ]  14% (15400/110000)
[Kchain  2 [===>                          ]  13% (14300/110000)
[Kchain  3 [====>                         ]  14% (15400/110000)
[Kchain  4 [===>                          ]  13% (14300/110000)
[Kchain  5 [===>                          ]  13% (14300/110000)
[Kchain  6 [====>                         ]  14% (15400/110000)
[Kchain  7 [====>                         ]  14% (15400/110000)
[Kchain  8 [====>                         ]  14% (15400/110000)
[Kchain  9 [====>                         ]  14% (15400/110000)
[Kchain 10 [===>                          ]  13% (14300/110000)
[Kchain 11 [====>                         ]  14% (15400/110000)
[13A[KRunning N=2 | per-chain progress
[Kchain  0 [====>                         ]  15% (16500/110000)
[Kchain  1 [====>                         ]  14% (15400/110000)
[Kchain  2 [===>                          ]  13% (14300/110000)
[Kchain  3 [====>                         ]  14% (15400/110000)
[Kchain  4 [===>                          ]  13% (14300/110000)
[Kchain  5 [===>                          ]  13% (14300/110000)
[Kchain  6 [====>                         ]  14% (15400/110000)
[Kchain  7 [====>                         ]  14% (15400/110000)
[Kchain  8 [====>                         ]  14% (15400/110000)
[Kchain  9 [====>                         ]  14% (15400/110000)
[Kchain 10 [===>                          ]  13% (14300/110000)
[Kchain 11 [====>                         ]  14% (15400/110000)
[13A[KRunning N=2 | per-chain progress
[Kchain  0 [====>                         ]  15% (16500/110000)
[Kchain  1 [====>                         ]  14% (15400/110000)
[Kchain  2 [===>                          ]  13% (14300/110000)
[Kchain  3 [====>                         ]  14% (15400/110000)
[Kchain  4 [===>                          ]  13% (14300/110000)
[Kchain  5 [====>                         ]  14% (15400/110000)
[Kchain  6 [====>                         ]  14% (15400/110000)
[Kchain  7 [====>                         ]  14% (15400/110000)
[Kchain  8 [====>                         ]  14% (15400/110000)
[Kchain  9 [====>                         ]  14% (15400/110000)
[Kchain 10 [===>                          ]  13% (14300/110000)
[Kchain 11 [====>                         ]  14% (15400/110000)
[13A[KRunning N=2 | per-chain progress
[Kchain  0 [====>                         ]  15% (16500/110000)
[Kchain  1 [====>                         ]  14% (15400/110000)
[Kchain  2 [===>                          ]  13% (14300/110000)
[Kchain  3 [====>                         ]  14% (15400/110000)
[Kchain  4 [====>                         ]  14% (15400/110000)
[Kchain  5 [====>                         ]  14% (15400/110000)
[Kchain  6 [====>                         ]  14% (15400/110000)
[Kchain  7 [====>                         ]  14% (15400/110000)
[Kchain  8 [====>                         ]  14% (15400/110000)
[Kchain  9 [====>                         ]  14% (15400/110000)
[Kchain 10 [====>                         ]  14% (15400/110000)
[Kchain 11 [====>                         ]  14% (15400/110000)
[13A[KRunning N=2 | per-chain progress
[Kchain  0 [====>                         ]  15% (16500/110000)
[Kchain  1 [====>                         ]  14% (15400/110000)
[Kchain  2 [===>                          ]  13% (14300/110000)
[Kchain  3 [====>                         ]  14% (15400/110000)
[Kchain  4 [====>                         ]  14% (15400/110000)
[Kchain  5 [====>                         ]  14% (15400/110000)
[Kchain  6 [====>                         ]  14% (15400/110000)
[Kchain  7 [====>                         ]  14% (15400/110000)
[Kchain  8 [====>                         ]  14% (15400/110000)
[Kchain  9 [====>                         ]  14% (15400/110000)
[Kchain 10 [====>                         ]  14% (15400/110000)
[Kchain 11 [====>                         ]  14% (15400/110000)
[13A[KRunning N=2 | per-chain progress
[Kchain  0 [====>                         ]  15% (16500/110000)
[Kchain  1 [====>                         ]  15% (16500/110000)
[Kchain  2 [===>                          ]  13% (14300/110000)
[Kchain  3 [====>                         ]  14% (15400/110000)
[Kchain  4 [====>                         ]  14% (15400/110000)
[Kchain  5 [====>                         ]  14% (15400/110000)
[Kchain  6 [====>                         ]  14% (15400/110000)
[Kchain  7 [====>                         ]  14% (15400/110000)
[Kchain  8 [====>                         ]  14% (15400/110000)
[Kchain  9 [====>                         ]  14% (15400/110000)
[Kchain 10 [====>                         ]  14% (15400/110000)
[Kchain 11 [====>                         ]  14% (15400/110000)
[13A[KRunning N=2 | per-chain progress
[Kchain  0 [====>                         ]  15% (16500/110000)
[Kchain  1 [====>                         ]  15% (16500/110000)
[Kchain  2 [====>                         ]  14% (15400/110000)
[Kchain  3 [====>                         ]  14% (15400/110000)
[Kchain  4 [====>                         ]  14% (15400/110000)
[Kchain  5 [====>                         ]  14% (15400/110000)
[Kchain  6 [====>                         ]  14% (15400/110000)
[Kchain  7 [====>                         ]  14% (15400/110000)
[Kchain  8 [====>                         ]  15% (16500/110000)
[Kchain  9 [====>                         ]  14% (15400/110000)
[Kchain 10 [====>                         ]  14% (15400/110000)
[Kchain 11 [====>                         ]  14% (15400/110000)
[13A[KRunning N=2 | per-chain progress
[Kchain  0 [====>                         ]  15% (16500/110000)
[Kchain  1 [====>                         ]  15% (16500/110000)
[Kchain  2 [====>                         ]  14% (15400/110000)
[Kchain  3 [====>                         ]  14% (15400/110000)
[Kchain  4 [====>                         ]  14% (15400/110000)
[Kchain  5 [====>                         ]  14% (15400/110000)
[Kchain  6 [====>                         ]  14% (15400/110000)
[Kchain  7 [====>                         ]  14% (15400/110000)
[Kchain  8 [====>                         ]  15% (16500/110000)
[Kchain  9 [====>                         ]  14% (15400/110000)
[Kchain 10 [====>                         ]  14% (15400/110000)
[Kchain 11 [====>                         ]  14% (15400/110000)
[13A[KRunning N=2 | per-chain progress
[Kchain  0 [====>                         ]  15% (16500/110000)
[Kchain  1 [====>                         ]  15% (16500/110000)
[Kchain  2 [====>                         ]  14% (15400/110000)
[Kchain  3 [====>                         ]  15% (16500/110000)
[Kchain  4 [====>                         ]  14% (15400/110000)
[Kchain  5 [====>                         ]  14% (15400/110000)
[Kchain  6 [====>                         ]  14% (15400/110000)
[Kchain  7 [====>                         ]  14% (15400/110000)
[Kchain  8 [====>                         ]  15% (16500/110000)
[Kchain  9 [====>                         ]  14% (15400/110000)
[Kchain 10 [====>                         ]  14% (15400/110000)
[Kchain 11 [====>                         ]  14% (15400/110000)
[13A[KRunning N=2 | per-chain progress
[Kchain  0 [====>                         ]  16% (17600/110000)
[Kchain  1 [====>                         ]  15% (16500/110000)
[Kchain  2 [====>                         ]  14% (15400/110000)
[Kchain  3 [====>                         ]  15% (16500/110000)
[Kchain  4 [====>                         ]  14% (15400/110000)
[Kchain  5 [====>                         ]  14% (15400/110000)
[Kchain  6 [====>                         ]  15% (16500/110000)
[Kchain  7 [====>                         ]  14% (15400/110000)
[Kchain  8 [====>                         ]  15% (16500/110000)
[Kchain  9 [====>                         ]  14% (15400/110000)
[Kchain 10 [====>                         ]  14% (15400/110000)
[Kchain 11 [====>                         ]  14% (15400/110000)
[13A[KRunning N=2 | per-chain progress
[Kchain  0 [====>                         ]  16% (17600/110000)
[Kchain  1 [====>                         ]  15% (16500/110000)
[Kchain  2 [====>                         ]  14% (15400/110000)
[Kchain  3 [====>                         ]  15% (16500/110000)
[Kchain  4 [====>                         ]  14% (15400/110000)
[Kchain  5 [====>                         ]  14% (15400/110000)
[Kchain  6 [====>                         ]  15% (16500/110000)
[Kchain  7 [====>                         ]  15% (16500/110000)
[Kchain  8 [====>                         ]  15% (16500/110000)
[Kchain  9 [====>                         ]  14% (15400/110000)
[Kchain 10 [====>                         ]  14% (15400/110000)
[Kchain 11 [====>                         ]  14% (15400/110000)
[13A[KRunning N=2 | per-chain progress
[Kchain  0 [====>                         ]  16% (17600/110000)
[Kchain  1 [====>                         ]  15% (16500/110000)
[Kchain  2 [====>                         ]  14% (15400/110000)
[Kchain  3 [====>                         ]  15% (16500/110000)
[Kchain  4 [====>                         ]  14% (15400/110000)
[Kchain  5 [====>                         ]  14% (15400/110000)
[Kchain  6 [====>                         ]  15% (16500/110000)
[Kchain  7 [====>                         ]  15% (16500/110000)
[Kchain  8 [====>                         ]  15% (16500/110000)
[Kchain  9 [====>                         ]  15% (16500/110000)
[Kchain 10 [====>                         ]  14% (15400/110000)
[Kchain 11 [====>                         ]  14% (15400/110000)
[13A[KRunning N=2 | per-chain progress
[Kchain  0 [====>                         ]  16% (17600/110000)
[Kchain  1 [====>                         ]  15% (16500/110000)
[Kchain  2 [====>                         ]  14% (15400/110000)
[Kchain  3 [====>                         ]  15% (16500/110000)
[Kchain  4 [====>                         ]  14% (15400/110000)
[Kchain  5 [====>                         ]  14% (15400/110000)
[Kchain  6 [====>                         ]  15% (16500/110000)
[Kchain  7 [====>                         ]  15% (16500/110000)
[Kchain  8 [====>                         ]  15% (16500/110000)
[Kchain  9 [====>                         ]  15% (16500/110000)
[Kchain 10 [====>                         ]  14% (15400/110000)
[Kchain 11 [====>                         ]  15% (16500/110000)
[13A[KRunning N=2 | per-chain progress
[Kchain  0 [====>                         ]  16% (17600/110000)
[Kchain  1 [====>                         ]  15% (16500/110000)
[Kchain  2 [====>                         ]  14% (15400/110000)
[Kchain  3 [====>                         ]  15% (16500/110000)
[Kchain  4 [====>                         ]  14% (15400/110000)
[Kchain  5 [====>                         ]  15% (16500/110000)
[Kchain  6 [====>                         ]  15% (16500/110000)
[Kchain  7 [====>                         ]  15% (16500/110000)
[Kchain  8 [====>                         ]  15% (16500/110000)
[Kchain  9 [====>                         ]  15% (16500/110000)
[Kchain 10 [====>                         ]  14% (15400/110000)
[Kchain 11 [====>                         ]  15% (16500/110000)
[13A[KRunning N=2 | per-chain progress
[Kchain  0 [====>                         ]  16% (17600/110000)
[Kchain  1 [====>                         ]  15% (16500/110000)
[Kchain  2 [====>                         ]  14% (15400/110000)
[Kchain  3 [====>                         ]  15% (16500/110000)
[Kchain  4 [====>                         ]  14% (15400/110000)
[Kchain  5 [====>                         ]  15% (16500/110000)
[Kchain  6 [====>                         ]  15% (16500/110000)
[Kchain  7 [====>                         ]  15% (16500/110000)
[Kchain  8 [====>                         ]  15% (16500/110000)
[Kchain  9 [====>                         ]  15% (16500/110000)
[Kchain 10 [====>                         ]  14% (15400/110000)
[Kchain 11 [====>                         ]  15% (16500/110000)
[13A[KRunning N=2 | per-chain progress
[Kchain  0 [====>                         ]  16% (17600/110000)
[Kchain  1 [====>                         ]  15% (16500/110000)
[Kchain  2 [====>                         ]  14% (15400/110000)
[Kchain  3 [====>                         ]  15% (16500/110000)
[Kchain  4 [====>                         ]  15% (16500/110000)
[Kchain  5 [====>                         ]  15% (16500/110000)
[Kchain  6 [====>                         ]  15% (16500/110000)
[Kchain  7 [====>                         ]  15% (16500/110000)
[Kchain  8 [====>                         ]  15% (16500/110000)
[Kchain  9 [====>                         ]  15% (16500/110000)
[Kchain 10 [====>                         ]  15% (16500/110000)
[Kchain 11 [====>                         ]  15% (16500/110000)
[13A[KRunning N=2 | per-chain progress
[Kchain  0 [====>                         ]  16% (17600/110000)
[Kchain  1 [====>                         ]  15% (16500/110000)
[Kchain  2 [====>                         ]  14% (15400/110000)
[Kchain  3 [====>                         ]  15% (16500/110000)
[Kchain  4 [====>                         ]  15% (16500/110000)
[Kchain  5 [====>                         ]  15% (16500/110000)
[Kchain  6 [====>                         ]  15% (16500/110000)
[Kchain  7 [====>                         ]  15% (16500/110000)
[Kchain  8 [====>                         ]  15% (16500/110000)
[Kchain  9 [====>                         ]  15% (16500/110000)
[Kchain 10 [====>                         ]  15% (16500/110000)
[Kchain 11 [====>                         ]  15% (16500/110000)
[13A[KRunning N=2 | per-chain progress
[Kchain  0 [====>                         ]  16% (17600/110000)
[Kchain  1 [====>                         ]  16% (17600/110000)
[Kchain  2 [====>                         ]  14% (15400/110000)
[Kchain  3 [====>                         ]  15% (16500/110000)
[Kchain  4 [====>                         ]  15% (16500/110000)
[Kchain  5 [====>                         ]  15% (16500/110000)
[Kchain  6 [====>                         ]  15% (16500/110000)
[Kchain  7 [====>                         ]  15% (16500/110000)
[Kchain  8 [====>                         ]  15% (16500/110000)
[Kchain  9 [====>                         ]  15% (16500/110000)
[Kchain 10 [====>                         ]  15% (16500/110000)
[Kchain 11 [====>                         ]  15% (16500/110000)
[13A[KRunning N=2 | per-chain progress
[Kchain  0 [====>                         ]  16% (17600/110000)
[Kchain  1 [====>                         ]  16% (17600/110000)
[Kchain  2 [====>                         ]  15% (16500/110000)
[Kchain  3 [====>                         ]  15% (16500/110000)
[Kchain  4 [====>                         ]  15% (16500/110000)
[Kchain  5 [====>                         ]  15% (16500/110000)
[Kchain  6 [====>                         ]  15% (16500/110000)
[Kchain  7 [====>                         ]  15% (16500/110000)
[Kchain  8 [====>                         ]  16% (17600/110000)
[Kchain  9 [====>                         ]  15% (16500/110000)
[Kchain 10 [====>                         ]  15% (16500/110000)
[Kchain 11 [====>                         ]  15% (16500/110000)
[13A[KRunning N=2 | per-chain progress
[Kchain  0 [====>                         ]  16% (17600/110000)
[Kchain  1 [====>                         ]  16% (17600/110000)
[Kchain  2 [====>                         ]  15% (16500/110000)
[Kchain  3 [====>                         ]  15% (16500/110000)
[Kchain  4 [====>                         ]  15% (16500/110000)
[Kchain  5 [====>                         ]  15% (16500/110000)
[Kchain  6 [====>                         ]  15% (16500/110000)
[Kchain  7 [====>                         ]  15% (16500/110000)
[Kchain  8 [====>                         ]  16% (17600/110000)
[Kchain  9 [====>                         ]  15% (16500/110000)
[Kchain 10 [====>                         ]  15% (16500/110000)
[Kchain 11 [====>                         ]  15% (16500/110000)
[13A[KRunning N=2 | per-chain progress
[Kchain  0 [====>                         ]  16% (17600/110000)
[Kchain  1 [====>                         ]  16% (17600/110000)
[Kchain  2 [====>                         ]  15% (16500/110000)
[Kchain  3 [====>                         ]  16% (17600/110000)
[Kchain  4 [====>                         ]  15% (16500/110000)
[Kchain  5 [====>                         ]  15% (16500/110000)
[Kchain  6 [====>                         ]  15% (16500/110000)
[Kchain  7 [====>                         ]  15% (16500/110000)
[Kchain  8 [====>                         ]  16% (17600/110000)
[Kchain  9 [====>                         ]  15% (16500/110000)
[Kchain 10 [====>                         ]  15% (16500/110000)
[Kchain 11 [====>                         ]  15% (16500/110000)
[13A[KRunning N=2 | per-chain progress
[Kchain  0 [=====>                        ]  17% (18700/110000)
[Kchain  1 [====>                         ]  16% (17600/110000)
[Kchain  2 [====>                         ]  15% (16500/110000)
[Kchain  3 [====>                         ]  16% (17600/110000)
[Kchain  4 [====>                         ]  15% (16500/110000)
[Kchain  5 [====>                         ]  15% (16500/110000)
[Kchain  6 [====>                         ]  16% (17600/110000)
[Kchain  7 [====>                         ]  15% (16500/110000)
[Kchain  8 [====>                         ]  16% (17600/110000)
[Kchain  9 [====>                         ]  15% (16500/110000)
[Kchain 10 [====>                         ]  15% (16500/110000)
[Kchain 11 [====>                         ]  15% (16500/110000)
[13A[KRunning N=2 | per-chain progress
[Kchain  0 [=====>                        ]  17% (18700/110000)
[Kchain  1 [====>                         ]  16% (17600/110000)
[Kchain  2 [====>                         ]  15% (16500/110000)
[Kchain  3 [====>                         ]  16% (17600/110000)
[Kchain  4 [====>                         ]  15% (16500/110000)
[Kchain  5 [====>                         ]  15% (16500/110000)
[Kchain  6 [====>                         ]  16% (17600/110000)
[Kchain  7 [====>                         ]  16% (17600/110000)
[Kchain  8 [====>                         ]  16% (17600/110000)
[Kchain  9 [====>                         ]  15% (16500/110000)
[Kchain 10 [====>                         ]  15% (16500/110000)
[Kchain 11 [====>                         ]  15% (16500/110000)
[13A[KRunning N=2 | per-chain progress
[Kchain  0 [=====>                        ]  17% (18700/110000)
[Kchain  1 [====>                         ]  16% (17600/110000)
[Kchain  2 [====>                         ]  15% (16500/110000)
[Kchain  3 [====>                         ]  16% (17600/110000)
[Kchain  4 [====>                         ]  15% (16500/110000)
[Kchain  5 [====>                         ]  15% (16500/110000)
[Kchain  6 [====>                         ]  16% (17600/110000)
[Kchain  7 [====>                         ]  16% (17600/110000)
[Kchain  8 [====>                         ]  16% (17600/110000)
[Kchain  9 [====>                         ]  16% (17600/110000)
[Kchain 10 [====>                         ]  15% (16500/110000)
[Kchain 11 [====>                         ]  15% (16500/110000)
[13A[KRunning N=2 | per-chain progress
[Kchain  0 [=====>                        ]  17% (18700/110000)
[Kchain  1 [====>                         ]  16% (17600/110000)
[Kchain  2 [====>                         ]  15% (16500/110000)
[Kchain  3 [====>                         ]  16% (17600/110000)
[Kchain  4 [====>                         ]  15% (16500/110000)
[Kchain  5 [====>                         ]  15% (16500/110000)
[Kchain  6 [====>                         ]  16% (17600/110000)
[Kchain  7 [====>                         ]  16% (17600/110000)
[Kchain  8 [====>                         ]  16% (17600/110000)
[Kchain  9 [====>                         ]  16% (17600/110000)
[Kchain 10 [====>                         ]  15% (16500/110000)
[Kchain 11 [====>                         ]  16% (17600/110000)
[13A[KRunning N=2 | per-chain progress
[Kchain  0 [=====>                        ]  17% (18700/110000)
[Kchain  1 [====>                         ]  16% (17600/110000)
[Kchain  2 [====>                         ]  15% (16500/110000)
[Kchain  3 [====>                         ]  16% (17600/110000)
[Kchain  4 [====>                         ]  15% (16500/110000)
[Kchain  5 [====>                         ]  15% (16500/110000)
[Kchain  6 [====>                         ]  16% (17600/110000)
[Kchain  7 [====>                         ]  16% (17600/110000)
[Kchain  8 [====>                         ]  16% (17600/110000)
[Kchain  9 [====>                         ]  16% (17600/110000)
[Kchain 10 [====>                         ]  15% (16500/110000)
[Kchain 11 [====>                         ]  16% (17600/110000)
[13A[KRunning N=2 | per-chain progress
[Kchain  0 [=====>                        ]  17% (18700/110000)
[Kchain  1 [====>                         ]  16% (17600/110000)
[Kchain  2 [====>                         ]  15% (16500/110000)
[Kchain  3 [====>                         ]  16% (17600/110000)
[Kchain  4 [====>                         ]  15% (16500/110000)
[Kchain  5 [====>                         ]  16% (17600/110000)
[Kchain  6 [====>                         ]  16% (17600/110000)
[Kchain  7 [====>                         ]  16% (17600/110000)
[Kchain  8 [====>                         ]  16% (17600/110000)
[Kchain  9 [====>                         ]  16% (17600/110000)
[Kchain 10 [====>                         ]  15% (16500/110000)
[Kchain 11 [====>                         ]  16% (17600/110000)
[13A[KRunning N=2 | per-chain progress
[Kchain  0 [=====>                        ]  17% (18700/110000)
[Kchain  1 [====>                         ]  16% (17600/110000)
[Kchain  2 [====>                         ]  15% (16500/110000)
[Kchain  3 [====>                         ]  16% (17600/110000)
[Kchain  4 [====>                         ]  16% (17600/110000)
[Kchain  5 [====>                         ]  16% (17600/110000)
[Kchain  6 [====>                         ]  16% (17600/110000)
[Kchain  7 [====>                         ]  16% (17600/110000)
[Kchain  8 [====>                         ]  16% (17600/110000)
[Kchain  9 [====>                         ]  16% (17600/110000)
[Kchain 10 [====>                         ]  16% (17600/110000)
[Kchain 11 [====>                         ]  16% (17600/110000)
[13A[KRunning N=2 | per-chain progress
[Kchain  0 [=====>                        ]  17% (18700/110000)
[Kchain  1 [====>                         ]  16% (17600/110000)
[Kchain  2 [====>                         ]  15% (16500/110000)
[Kchain  3 [====>                         ]  16% (17600/110000)
[Kchain  4 [====>                         ]  16% (17600/110000)
[Kchain  5 [====>                         ]  16% (17600/110000)
[Kchain  6 [====>                         ]  16% (17600/110000)
[Kchain  7 [====>                         ]  16% (17600/110000)
[Kchain  8 [====>                         ]  16% (17600/110000)
[Kchain  9 [====>                         ]  16% (17600/110000)
[Kchain 10 [====>                         ]  16% (17600/110000)
[Kchain 11 [====>                         ]  16% (17600/110000)
[13A[KRunning N=2 | per-chain progress
[Kchain  0 [=====>                        ]  17% (18700/110000)
[Kchain  1 [=====>                        ]  17% (18700/110000)
[Kchain  2 [====>                         ]  15% (16500/110000)
[Kchain  3 [====>                         ]  16% (17600/110000)
[Kchain  4 [====>                         ]  16% (17600/110000)
[Kchain  5 [====>                         ]  16% (17600/110000)
[Kchain  6 [====>                         ]  16% (17600/110000)
[Kchain  7 [====>                         ]  16% (17600/110000)
[Kchain  8 [====>                         ]  16% (17600/110000)
[Kchain  9 [====>                         ]  16% (17600/110000)
[Kchain 10 [====>                         ]  16% (17600/110000)
[Kchain 11 [====>                         ]  16% (17600/110000)
[13A[KRunning N=2 | per-chain progress
[Kchain  0 [=====>                        ]  17% (18700/110000)
[Kchain  1 [=====>                        ]  17% (18700/110000)
[Kchain  2 [====>                         ]  16% (17600/110000)
[Kchain  3 [====>                         ]  16% (17600/110000)
[Kchain  4 [====>                         ]  16% (17600/110000)
[Kchain  5 [====>                         ]  16% (17600/110000)
[Kchain  6 [====>                         ]  16% (17600/110000)
[Kchain  7 [====>                         ]  16% (17600/110000)
[Kchain  8 [=====>                        ]  17% (18700/110000)
[Kchain  9 [====>                         ]  16% (17600/110000)
[Kchain 10 [====>                         ]  16% (17600/110000)
[Kchain 11 [====>                         ]  16% (17600/110000)
[13A[KRunning N=2 | per-chain progress
[Kchain  0 [=====>                        ]  17% (18700/110000)
[Kchain  1 [=====>                        ]  17% (18700/110000)
[Kchain  2 [====>                         ]  16% (17600/110000)
[Kchain  3 [====>                         ]  16% (17600/110000)
[Kchain  4 [====>                         ]  16% (17600/110000)
[Kchain  5 [====>                         ]  16% (17600/110000)
[Kchain  6 [====>                         ]  16% (17600/110000)
[Kchain  7 [====>                         ]  16% (17600/110000)
[Kchain  8 [=====>                        ]  17% (18700/110000)
[Kchain  9 [====>                         ]  16% (17600/110000)
[Kchain 10 [====>                         ]  16% (17600/110000)
[Kchain 11 [====>                         ]  16% (17600/110000)
[13A[KRunning N=2 | per-chain progress
[Kchain  0 [=====>                        ]  17% (18700/110000)
[Kchain  1 [=====>                        ]  17% (18700/110000)
[Kchain  2 [====>                         ]  16% (17600/110000)
[Kchain  3 [=====>                        ]  17% (18700/110000)
[Kchain  4 [====>                         ]  16% (17600/110000)
[Kchain  5 [====>                         ]  16% (17600/110000)
[Kchain  6 [====>                         ]  16% (17600/110000)
[Kchain  7 [====>                         ]  16% (17600/110000)
[Kchain  8 [=====>                        ]  17% (18700/110000)
[Kchain  9 [====>                         ]  16% (17600/110000)
[Kchain 10 [====>                         ]  16% (17600/110000)
[Kchain 11 [====>                         ]  16% (17600/110000)
[13A[KRunning N=2 | per-chain progress
[Kchain  0 [=====>                        ]  18% (19800/110000)
[Kchain  1 [=====>                        ]  17% (18700/110000)
[Kchain  2 [====>                         ]  16% (17600/110000)
[Kchain  3 [=====>                        ]  17% (18700/110000)
[Kchain  4 [====>                         ]  16% (17600/110000)
[Kchain  5 [====>                         ]  16% (17600/110000)
[Kchain  6 [=====>                        ]  17% (18700/110000)
[Kchain  7 [====>                         ]  16% (17600/110000)
[Kchain  8 [=====>                        ]  17% (18700/110000)
[Kchain  9 [====>                         ]  16% (17600/110000)
[Kchain 10 [====>                         ]  16% (17600/110000)
[Kchain 11 [====>                         ]  16% (17600/110000)
[13A[KRunning N=2 | per-chain progress
[Kchain  0 [=====>                        ]  18% (19800/110000)
[Kchain  1 [=====>                        ]  17% (18700/110000)
[Kchain  2 [====>                         ]  16% (17600/110000)
[Kchain  3 [=====>                        ]  17% (18700/110000)
[Kchain  4 [====>                         ]  16% (17600/110000)
[Kchain  5 [====>                         ]  16% (17600/110000)
[Kchain  6 [=====>                        ]  17% (18700/110000)
[Kchain  7 [=====>                        ]  17% (18700/110000)
[Kchain  8 [=====>                        ]  17% (18700/110000)
[Kchain  9 [====>                         ]  16% (17600/110000)
[Kchain 10 [====>                         ]  16% (17600/110000)
[Kchain 11 [====>                         ]  16% (17600/110000)
[13A[KRunning N=2 | per-chain progress
[Kchain  0 [=====>                        ]  18% (19800/110000)
[Kchain  1 [=====>                        ]  17% (18700/110000)
[Kchain  2 [====>                         ]  16% (17600/110000)
[Kchain  3 [=====>                        ]  17% (18700/110000)
[Kchain  4 [====>                         ]  16% (17600/110000)
[Kchain  5 [====>                         ]  16% (17600/110000)
[Kchain  6 [=====>                        ]  17% (18700/110000)
[Kchain  7 [=====>                        ]  17% (18700/110000)
[Kchain  8 [=====>                        ]  17% (18700/110000)
[Kchain  9 [=====>                        ]  17% (18700/110000)
[Kchain 10 [====>                         ]  16% (17600/110000)
[Kchain 11 [====>                         ]  16% (17600/110000)
[13A[KRunning N=2 | per-chain progress
[Kchain  0 [=====>                        ]  18% (19800/110000)
[Kchain  1 [=====>                        ]  17% (18700/110000)
[Kchain  2 [====>                         ]  16% (17600/110000)
[Kchain  3 [=====>                        ]  17% (18700/110000)
[Kchain  4 [====>                         ]  16% (17600/110000)
[Kchain  5 [====>                         ]  16% (17600/110000)
[Kchain  6 [=====>                        ]  17% (18700/110000)
[Kchain  7 [=====>                        ]  17% (18700/110000)
[Kchain  8 [=====>                        ]  17% (18700/110000)
[Kchain  9 [=====>                        ]  17% (18700/110000)
[Kchain 10 [====>                         ]  16% (17600/110000)
[Kchain 11 [=====>                        ]  17% (18700/110000)
[13A[KRunning N=2 | per-chain progress
[Kchain  0 [=====>                        ]  18% (19800/110000)
[Kchain  1 [=====>                        ]  17% (18700/110000)
[Kchain  2 [====>                         ]  16% (17600/110000)
[Kchain  3 [=====>                        ]  17% (18700/110000)
[Kchain  4 [====>                         ]  16% (17600/110000)
[Kchain  5 [====>                         ]  16% (17600/110000)
[Kchain  6 [=====>                        ]  17% (18700/110000)
[Kchain  7 [=====>                        ]  17% (18700/110000)
[Kchain  8 [=====>                        ]  17% (18700/110000)
[Kchain  9 [=====>                        ]  17% (18700/110000)
[Kchain 10 [====>                         ]  16% (17600/110000)
[Kchain 11 [=====>                        ]  17% (18700/110000)
[13A[KRunning N=2 | per-chain progress
[Kchain  0 [=====>                        ]  18% (19800/110000)
[Kchain  1 [=====>                        ]  17% (18700/110000)
[Kchain  2 [====>                         ]  16% (17600/110000)
[Kchain  3 [=====>                        ]  17% (18700/110000)
[Kchain  4 [====>                         ]  16% (17600/110000)
[Kchain  5 [=====>                        ]  17% (18700/110000)
[Kchain  6 [=====>                        ]  17% (18700/110000)
[Kchain  7 [=====>                        ]  17% (18700/110000)
[Kchain  8 [=====>                        ]  17% (18700/110000)
[Kchain  9 [=====>                        ]  17% (18700/110000)
[Kchain 10 [====>                         ]  16% (17600/110000)
[Kchain 11 [=====>                        ]  17% (18700/110000)
[13A[KRunning N=2 | per-chain progress
[Kchain  0 [=====>                        ]  18% (19800/110000)
[Kchain  1 [=====>                        ]  17% (18700/110000)
[Kchain  2 [====>                         ]  16% (17600/110000)
[Kchain  3 [=====>                        ]  17% (18700/110000)
[Kchain  4 [=====>                        ]  17% (18700/110000)
[Kchain  5 [=====>                        ]  17% (18700/110000)
[Kchain  6 [=====>                        ]  17% (18700/110000)
[Kchain  7 [=====>                        ]  17% (18700/110000)
[Kchain  8 [=====>                        ]  17% (18700/110000)
[Kchain  9 [=====>                        ]  17% (18700/110000)
[Kchain 10 [=====>                        ]  17% (18700/110000)
[Kchain 11 [=====>                        ]  17% (18700/110000)
[13A[KRunning N=2 | per-chain progress
[Kchain  0 [=====>                        ]  18% (19800/110000)
[Kchain  1 [=====>                        ]  17% (18700/110000)
[Kchain  2 [====>                         ]  16% (17600/110000)
[Kchain  3 [=====>                        ]  17% (18700/110000)
[Kchain  4 [=====>                        ]  17% (18700/110000)
[Kchain  5 [=====>                        ]  17% (18700/110000)
[Kchain  6 [=====>                        ]  17% (18700/110000)
[Kchain  7 [=====>                        ]  17% (18700/110000)
[Kchain  8 [=====>                        ]  17% (18700/110000)
[Kchain  9 [=====>                        ]  17% (18700/110000)
[Kchain 10 [=====>                        ]  17% (18700/110000)
[Kchain 11 [=====>                        ]  17% (18700/110000)
[13A[KRunning N=2 | per-chain progress
[Kchain  0 [=====>                        ]  18% (19800/110000)
[Kchain  1 [=====>                        ]  18% (19800/110000)
[Kchain  2 [====>                         ]  16% (17600/110000)
[Kchain  3 [=====>                        ]  17% (18700/110000)
[Kchain  4 [=====>                        ]  17% (18700/110000)
[Kchain  5 [=====>                        ]  17% (18700/110000)
[Kchain  6 [=====>                        ]  17% (18700/110000)
[Kchain  7 [=====>                        ]  17% (18700/110000)
[Kchain  8 [=====>                        ]  17% (18700/110000)
[Kchain  9 [=====>                        ]  17% (18700/110000)
[Kchain 10 [=====>                        ]  17% (18700/110000)
[Kchain 11 [=====>                        ]  17% (18700/110000)
[13A[KRunning N=2 | per-chain progress
[Kchain  0 [=====>                        ]  18% (19800/110000)
[Kchain  1 [=====>                        ]  18% (19800/110000)
[Kchain  2 [=====>                        ]  17% (18700/110000)
[Kchain  3 [=====>                        ]  17% (18700/110000)
[Kchain  4 [=====>                        ]  17% (18700/110000)
[Kchain  5 [=====>                        ]  17% (18700/110000)
[Kchain  6 [=====>                        ]  17% (18700/110000)
[Kchain  7 [=====>                        ]  17% (18700/110000)
[Kchain  8 [=====>                        ]  18% (19800/110000)
[Kchain  9 [=====>                        ]  17% (18700/110000)
[Kchain 10 [=====>                        ]  17% (18700/110000)
[Kchain 11 [=====>                        ]  17% (18700/110000)
[13A[KRunning N=2 | per-chain progress
[Kchain  0 [=====>                        ]  18% (19800/110000)
[Kchain  1 [=====>                        ]  18% (19800/110000)
[Kchain  2 [=====>                        ]  17% (18700/110000)
[Kchain  3 [=====>                        ]  17% (18700/110000)
[Kchain  4 [=====>                        ]  17% (18700/110000)
[Kchain  5 [=====>                        ]  17% (18700/110000)
[Kchain  6 [=====>                        ]  17% (18700/110000)
[Kchain  7 [=====>                        ]  17% (18700/110000)
[Kchain  8 [=====>                        ]  18% (19800/110000)
[Kchain  9 [=====>                        ]  17% (18700/110000)
[Kchain 10 [=====>                        ]  17% (18700/110000)
[Kchain 11 [=====>                        ]  17% (18700/110000)
[13A[KRunning N=2 | per-chain progress
[Kchain  0 [=====>                        ]  18% (19800/110000)
[Kchain  1 [=====>                        ]  18% (19800/110000)
[Kchain  2 [=====>                        ]  17% (18700/110000)
[Kchain  3 [=====>                        ]  18% (19800/110000)
[Kchain  4 [=====>                        ]  17% (18700/110000)
[Kchain  5 [=====>                        ]  17% (18700/110000)
[Kchain  6 [=====>                        ]  17% (18700/110000)
[Kchain  7 [=====>                        ]  17% (18700/110000)
[Kchain  8 [=====>                        ]  18% (19800/110000)
[Kchain  9 [=====>                        ]  17% (18700/110000)
[Kchain 10 [=====>                        ]  17% (18700/110000)
[Kchain 11 [=====>                        ]  17% (18700/110000)
[13A[KRunning N=2 | per-chain progress
[Kchain  0 [=====>                        ]  19% (20900/110000)
[Kchain  1 [=====>                        ]  18% (19800/110000)
[Kchain  2 [=====>                        ]  17% (18700/110000)
[Kchain  3 [=====>                        ]  18% (19800/110000)
[Kchain  4 [=====>                        ]  17% (18700/110000)
[Kchain  5 [=====>                        ]  17% (18700/110000)
[Kchain  6 [=====>                        ]  17% (18700/110000)
[Kchain  7 [=====>                        ]  17% (18700/110000)
[Kchain  8 [=====>                        ]  18% (19800/110000)
[Kchain  9 [=====>                        ]  17% (18700/110000)
[Kchain 10 [=====>                        ]  17% (18700/110000)
[Kchain 11 [=====>                        ]  17% (18700/110000)
[13A[KRunning N=2 | per-chain progress
[Kchain  0 [=====>                        ]  19% (20900/110000)
[Kchain  1 [=====>                        ]  18% (19800/110000)
[Kchain  2 [=====>                        ]  17% (18700/110000)
[Kchain  3 [=====>                        ]  18% (19800/110000)
[Kchain  4 [=====>                        ]  17% (18700/110000)
[Kchain  5 [=====>                        ]  17% (18700/110000)
[Kchain  6 [=====>                        ]  18% (19800/110000)
[Kchain  7 [=====>                        ]  18% (19800/110000)
[Kchain  8 [=====>                        ]  18% (19800/110000)
[Kchain  9 [=====>                        ]  17% (18700/110000)
[Kchain 10 [=====>                        ]  17% (18700/110000)
[Kchain 11 [=====>                        ]  17% (18700/110000)
[13A[KRunning N=2 | per-chain progress
[Kchain  0 [=====>                        ]  19% (20900/110000)
[Kchain  1 [=====>                        ]  18% (19800/110000)
[Kchain  2 [=====>                        ]  17% (18700/110000)
[Kchain  3 [=====>                        ]  18% (19800/110000)
[Kchain  4 [=====>                        ]  17% (18700/110000)
[Kchain  5 [=====>                        ]  17% (18700/110000)
[Kchain  6 [=====>                        ]  18% (19800/110000)
[Kchain  7 [=====>                        ]  18% (19800/110000)
[Kchain  8 [=====>                        ]  18% (19800/110000)
[Kchain  9 [=====>                        ]  18% (19800/110000)
[Kchain 10 [=====>                        ]  17% (18700/110000)
[Kchain 11 [=====>                        ]  17% (18700/110000)
[13A[KRunning N=2 | per-chain progress
[Kchain  0 [=====>                        ]  19% (20900/110000)
[Kchain  1 [=====>                        ]  18% (19800/110000)
[Kchain  2 [=====>                        ]  17% (18700/110000)
[Kchain  3 [=====>                        ]  18% (19800/110000)
[Kchain  4 [=====>                        ]  17% (18700/110000)
[Kchain  5 [=====>                        ]  17% (18700/110000)
[Kchain  6 [=====>                        ]  18% (19800/110000)
[Kchain  7 [=====>                        ]  18% (19800/110000)
[Kchain  8 [=====>                        ]  18% (19800/110000)
[Kchain  9 [=====>                        ]  18% (19800/110000)
[Kchain 10 [=====>                        ]  17% (18700/110000)
[Kchain 11 [=====>                        ]  18% (19800/110000)
[13A[KRunning N=2 | per-chain progress
[Kchain  0 [=====>                        ]  19% (20900/110000)
[Kchain  1 [=====>                        ]  18% (19800/110000)
[Kchain  2 [=====>                        ]  17% (18700/110000)
[Kchain  3 [=====>                        ]  18% (19800/110000)
[Kchain  4 [=====>                        ]  17% (18700/110000)
[Kchain  5 [=====>                        ]  17% (18700/110000)
[Kchain  6 [=====>                        ]  18% (19800/110000)
[Kchain  7 [=====>                        ]  18% (19800/110000)
[Kchain  8 [=====>                        ]  18% (19800/110000)
[Kchain  9 [=====>                        ]  18% (19800/110000)
[Kchain 10 [=====>                        ]  17% (18700/110000)
[Kchain 11 [=====>                        ]  18% (19800/110000)
[13A[KRunning N=2 | per-chain progress
[Kchain  0 [=====>                        ]  19% (20900/110000)
[Kchain  1 [=====>                        ]  18% (19800/110000)
[Kchain  2 [=====>                        ]  17% (18700/110000)
[Kchain  3 [=====>                        ]  18% (19800/110000)
[Kchain  4 [=====>                        ]  17% (18700/110000)
[Kchain  5 [=====>                        ]  18% (19800/110000)
[Kchain  6 [=====>                        ]  18% (19800/110000)
[Kchain  7 [=====>                        ]  18% (19800/110000)
[Kchain  8 [=====>                        ]  18% (19800/110000)
[Kchain  9 [=====>                        ]  18% (19800/110000)
[Kchain 10 [=====>                        ]  17% (18700/110000)
[Kchain 11 [=====>                        ]  18% (19800/110000)
[13A[KRunning N=2 | per-chain progress
[Kchain  0 [=====>                        ]  19% (20900/110000)
[Kchain  1 [=====>                        ]  18% (19800/110000)
[Kchain  2 [=====>                        ]  17% (18700/110000)
[Kchain  3 [=====>                        ]  18% (19800/110000)
[Kchain  4 [=====>                        ]  18% (19800/110000)
[Kchain  5 [=====>                        ]  18% (19800/110000)
[Kchain  6 [=====>                        ]  18% (19800/110000)
[Kchain  7 [=====>                        ]  18% (19800/110000)
[Kchain  8 [=====>                        ]  18% (19800/110000)
[Kchain  9 [=====>                        ]  18% (19800/110000)
[Kchain 10 [=====>                        ]  18% (19800/110000)
[Kchain 11 [=====>                        ]  18% (19800/110000)
[13A[KRunning N=2 | per-chain progress
[Kchain  0 [=====>                        ]  19% (20900/110000)
[Kchain  1 [=====>                        ]  18% (19800/110000)
[Kchain  2 [=====>                        ]  17% (18700/110000)
[Kchain  3 [=====>                        ]  18% (19800/110000)
[Kchain  4 [=====>                        ]  18% (19800/110000)
[Kchain  5 [=====>                        ]  18% (19800/110000)
[Kchain  6 [=====>                        ]  18% (19800/110000)
[Kchain  7 [=====>                        ]  18% (19800/110000)
[Kchain  8 [=====>                        ]  18% (19800/110000)
[Kchain  9 [=====>                        ]  18% (19800/110000)
[Kchain 10 [=====>                        ]  18% (19800/110000)
[Kchain 11 [=====>                        ]  18% (19800/110000)
[13A[KRunning N=2 | per-chain progress
[Kchain  0 [=====>                        ]  19% (20900/110000)
[Kchain  1 [=====>                        ]  19% (20900/110000)
[Kchain  2 [=====>                        ]  17% (18700/110000)
[Kchain  3 [=====>                        ]  18% (19800/110000)
[Kchain  4 [=====>                        ]  18% (19800/110000)
[Kchain  5 [=====>                        ]  18% (19800/110000)
[Kchain  6 [=====>                        ]  18% (19800/110000)
[Kchain  7 [=====>                        ]  18% (19800/110000)
[Kchain  8 [=====>                        ]  18% (19800/110000)
[Kchain  9 [=====>                        ]  18% (19800/110000)
[Kchain 10 [=====>                        ]  18% (19800/110000)
[Kchain 11 [=====>                        ]  18% (19800/110000)
[13A[KRunning N=2 | per-chain progress
[Kchain  0 [=====>                        ]  19% (20900/110000)
[Kchain  1 [=====>                        ]  19% (20900/110000)
[Kchain  2 [=====>                        ]  18% (19800/110000)
[Kchain  3 [=====>                        ]  18% (19800/110000)
[Kchain  4 [=====>                        ]  18% (19800/110000)
[Kchain  5 [=====>                        ]  18% (19800/110000)
[Kchain  6 [=====>                        ]  18% (19800/110000)
[Kchain  7 [=====>                        ]  18% (19800/110000)
[Kchain  8 [=====>                        ]  19% (20900/110000)
[Kchain  9 [=====>                        ]  18% (19800/110000)
[Kchain 10 [=====>                        ]  18% (19800/110000)
[Kchain 11 [=====>                        ]  18% (19800/110000)
[13A[KRunning N=2 | per-chain progress
[Kchain  0 [=====>                        ]  19% (20900/110000)
[Kchain  1 [=====>                        ]  19% (20900/110000)
[Kchain  2 [=====>                        ]  18% (19800/110000)
[Kchain  3 [=====>                        ]  18% (19800/110000)
[Kchain  4 [=====>                        ]  18% (19800/110000)
[Kchain  5 [=====>                        ]  18% (19800/110000)
[Kchain  6 [=====>                        ]  18% (19800/110000)
[Kchain  7 [=====>                        ]  18% (19800/110000)
[Kchain  8 [=====>                        ]  19% (20900/110000)
[Kchain  9 [=====>                        ]  18% (19800/110000)
[Kchain 10 [=====>                        ]  18% (19800/110000)
[Kchain 11 [=====>                        ]  18% (19800/110000)
[13A[KRunning N=2 | per-chain progress
[Kchain  0 [=====>                        ]  19% (20900/110000)
[Kchain  1 [=====>                        ]  19% (20900/110000)
[Kchain  2 [=====>                        ]  18% (19800/110000)
[Kchain  3 [=====>                        ]  19% (20900/110000)
[Kchain  4 [=====>                        ]  18% (19800/110000)
[Kchain  5 [=====>                        ]  18% (19800/110000)
[Kchain  6 [=====>                        ]  18% (19800/110000)
[Kchain  7 [=====>                        ]  18% (19800/110000)
[Kchain  8 [=====>                        ]  19% (20900/110000)
[Kchain  9 [=====>                        ]  18% (19800/110000)
[Kchain 10 [=====>                        ]  18% (19800/110000)
[Kchain 11 [=====>                        ]  18% (19800/110000)
[13A[KRunning N=2 | per-chain progress
[Kchain  0 [======>                       ]  20% (22000/110000)
[Kchain  1 [=====>                        ]  19% (20900/110000)
[Kchain  2 [=====>                        ]  18% (19800/110000)
[Kchain  3 [=====>                        ]  19% (20900/110000)
[Kchain  4 [=====>                        ]  18% (19800/110000)
[Kchain  5 [=====>                        ]  18% (19800/110000)
[Kchain  6 [=====>                        ]  19% (20900/110000)
[Kchain  7 [=====>                        ]  18% (19800/110000)
[Kchain  8 [=====>                        ]  19% (20900/110000)
[Kchain  9 [=====>                        ]  18% (19800/110000)
[Kchain 10 [=====>                        ]  18% (19800/110000)
[Kchain 11 [=====>                        ]  18% (19800/110000)
[13A[KRunning N=2 | per-chain progress
[Kchain  0 [======>                       ]  20% (22000/110000)
[Kchain  1 [=====>                        ]  19% (20900/110000)
[Kchain  2 [=====>                        ]  18% (19800/110000)
[Kchain  3 [=====>                        ]  19% (20900/110000)
[Kchain  4 [=====>                        ]  18% (19800/110000)
[Kchain  5 [=====>                        ]  18% (19800/110000)
[Kchain  6 [=====>                        ]  19% (20900/110000)
[Kchain  7 [=====>                        ]  19% (20900/110000)
[Kchain  8 [=====>                        ]  19% (20900/110000)
[Kchain  9 [=====>                        ]  18% (19800/110000)
[Kchain 10 [=====>                        ]  18% (19800/110000)
[Kchain 11 [=====>                        ]  18% (19800/110000)
[13A[KRunning N=2 | per-chain progress
[Kchain  0 [======>                       ]  20% (22000/110000)
[Kchain  1 [=====>                        ]  19% (20900/110000)
[Kchain  2 [=====>                        ]  18% (19800/110000)
[Kchain  3 [=====>                        ]  19% (20900/110000)
[Kchain  4 [=====>                        ]  18% (19800/110000)
[Kchain  5 [=====>                        ]  18% (19800/110000)
[Kchain  6 [=====>                        ]  19% (20900/110000)
[Kchain  7 [=====>                        ]  19% (20900/110000)
[Kchain  8 [=====>                        ]  19% (20900/110000)
[Kchain  9 [=====>                        ]  19% (20900/110000)
[Kchain 10 [=====>                        ]  18% (19800/110000)
[Kchain 11 [=====>                        ]  18% (19800/110000)
[13A[KRunning N=2 | per-chain progress
[Kchain  0 [======>                       ]  20% (22000/110000)
[Kchain  1 [=====>                        ]  19% (20900/110000)
[Kchain  2 [=====>                        ]  18% (19800/110000)
[Kchain  3 [=====>                        ]  19% (20900/110000)
[Kchain  4 [=====>                        ]  18% (19800/110000)
[Kchain  5 [=====>                        ]  18% (19800/110000)
[Kchain  6 [=====>                        ]  19% (20900/110000)
[Kchain  7 [=====>                        ]  19% (20900/110000)
[Kchain  8 [=====>                        ]  19% (20900/110000)
[Kchain  9 [=====>                        ]  19% (20900/110000)
[Kchain 10 [=====>                        ]  18% (19800/110000)
[Kchain 11 [=====>                        ]  19% (20900/110000)
[13A[KRunning N=2 | per-chain progress
[Kchain  0 [======>                       ]  20% (22000/110000)
[Kchain  1 [=====>                        ]  19% (20900/110000)
[Kchain  2 [=====>                        ]  18% (19800/110000)
[Kchain  3 [=====>                        ]  19% (20900/110000)
[Kchain  4 [=====>                        ]  18% (19800/110000)
[Kchain  5 [=====>                        ]  18% (19800/110000)
[Kchain  6 [=====>                        ]  19% (20900/110000)
[Kchain  7 [=====>                        ]  19% (20900/110000)
[Kchain  8 [=====>                        ]  19% (20900/110000)
[Kchain  9 [=====>                        ]  19% (20900/110000)
[Kchain 10 [=====>                        ]  18% (19800/110000)
[Kchain 11 [=====>                        ]  19% (20900/110000)
[13A[KRunning N=2 | per-chain progress
[Kchain  0 [======>                       ]  20% (22000/110000)
[Kchain  1 [=====>                        ]  19% (20900/110000)
[Kchain  2 [=====>                        ]  18% (19800/110000)
[Kchain  3 [=====>                        ]  19% (20900/110000)
[Kchain  4 [=====>                        ]  18% (19800/110000)
[Kchain  5 [=====>                        ]  19% (20900/110000)
[Kchain  6 [=====>                        ]  19% (20900/110000)
[Kchain  7 [=====>                        ]  19% (20900/110000)
[Kchain  8 [=====>                        ]  19% (20900/110000)
[Kchain  9 [=====>                        ]  19% (20900/110000)
[Kchain 10 [=====>                        ]  18% (19800/110000)
[Kchain 11 [=====>                        ]  19% (20900/110000)
[13A[KRunning N=2 | per-chain progress
[Kchain  0 [======>                       ]  20% (22000/110000)
[Kchain  1 [=====>                        ]  19% (20900/110000)
[Kchain  2 [=====>                        ]  18% (19800/110000)
[Kchain  3 [=====>                        ]  19% (20900/110000)
[Kchain  4 [=====>                        ]  19% (20900/110000)
[Kchain  5 [=====>                        ]  19% (20900/110000)
[Kchain  6 [=====>                        ]  19% (20900/110000)
[Kchain  7 [=====>                        ]  19% (20900/110000)
[Kchain  8 [=====>                        ]  19% (20900/110000)
[Kchain  9 [=====>                        ]  19% (20900/110000)
[Kchain 10 [=====>                        ]  19% (20900/110000)
[Kchain 11 [=====>                        ]  19% (20900/110000)
[13A[KRunning N=2 | per-chain progress
[Kchain  0 [======>                       ]  20% (22000/110000)
[Kchain  1 [=====>                        ]  19% (20900/110000)
[Kchain  2 [=====>                        ]  18% (19800/110000)
[Kchain  3 [=====>                        ]  19% (20900/110000)
[Kchain  4 [=====>                        ]  19% (20900/110000)
[Kchain  5 [=====>                        ]  19% (20900/110000)
[Kchain  6 [=====>                        ]  19% (20900/110000)
[Kchain  7 [=====>                        ]  19% (20900/110000)
[Kchain  8 [=====>                        ]  19% (20900/110000)
[Kchain  9 [=====>                        ]  19% (20900/110000)
[Kchain 10 [=====>                        ]  19% (20900/110000)
[Kchain 11 [=====>                        ]  19% (20900/110000)
[13A[KRunning N=2 | per-chain progress
[Kchain  0 [======>                       ]  20% (22000/110000)
[Kchain  1 [======>                       ]  20% (22000/110000)
[Kchain  2 [=====>                        ]  18% (19800/110000)
[Kchain  3 [=====>                        ]  19% (20900/110000)
[Kchain  4 [=====>                        ]  19% (20900/110000)
[Kchain  5 [=====>                        ]  19% (20900/110000)
[Kchain  6 [=====>                        ]  19% (20900/110000)
[Kchain  7 [=====>                        ]  19% (20900/110000)
[Kchain  8 [=====>                        ]  19% (20900/110000)
[Kchain  9 [=====>                        ]  19% (20900/110000)
[Kchain 10 [=====>                        ]  19% (20900/110000)
[Kchain 11 [=====>                        ]  19% (20900/110000)
[13A[KRunning N=2 | per-chain progress
[Kchain  0 [======>                       ]  20% (22000/110000)
[Kchain  1 [======>                       ]  20% (22000/110000)
[Kchain  2 [=====>                        ]  19% (20900/110000)
[Kchain  3 [=====>                        ]  19% (20900/110000)
[Kchain  4 [=====>                        ]  19% (20900/110000)
[Kchain  5 [=====>                        ]  19% (20900/110000)
[Kchain  6 [=====>                        ]  19% (20900/110000)
[Kchain  7 [=====>                        ]  19% (20900/110000)
[Kchain  8 [======>                       ]  20% (22000/110000)
[Kchain  9 [=====>                        ]  19% (20900/110000)
[Kchain 10 [=====>                        ]  19% (20900/110000)
[Kchain 11 [=====>                        ]  19% (20900/110000)
[13A[KRunning N=2 | per-chain progress
[Kchain  0 [======>                       ]  20% (22000/110000)
[Kchain  1 [======>                       ]  20% (22000/110000)
[Kchain  2 [=====>                        ]  19% (20900/110000)
[Kchain  3 [=====>                        ]  19% (20900/110000)
[Kchain  4 [=====>                        ]  19% (20900/110000)
[Kchain  5 [=====>                        ]  19% (20900/110000)
[Kchain  6 [=====>                        ]  19% (20900/110000)
[Kchain  7 [=====>                        ]  19% (20900/110000)
[Kchain  8 [======>                       ]  20% (22000/110000)
[Kchain  9 [=====>                        ]  19% (20900/110000)
[Kchain 10 [=====>                        ]  19% (20900/110000)
[Kchain 11 [=====>                        ]  19% (20900/110000)
[13A[KRunning N=2 | per-chain progress
[Kchain  0 [======>                       ]  20% (22000/110000)
[Kchain  1 [======>                       ]  20% (22000/110000)
[Kchain  2 [=====>                        ]  19% (20900/110000)
[Kchain  3 [======>                       ]  20% (22000/110000)
[Kchain  4 [=====>                        ]  19% (20900/110000)
[Kchain  5 [=====>                        ]  19% (20900/110000)
[Kchain  6 [=====>                        ]  19% (20900/110000)
[Kchain  7 [=====>                        ]  19% (20900/110000)
[Kchain  8 [======>                       ]  20% (22000/110000)
[Kchain  9 [=====>                        ]  19% (20900/110000)
[Kchain 10 [=====>                        ]  19% (20900/110000)
[Kchain 11 [=====>                        ]  19% (20900/110000)
[13A[KRunning N=2 | per-chain progress
[Kchain  0 [======>                       ]  21% (23100/110000)
[Kchain  1 [======>                       ]  20% (22000/110000)
[Kchain  2 [=====>                        ]  19% (20900/110000)
[Kchain  3 [======>                       ]  20% (22000/110000)
[Kchain  4 [=====>                        ]  19% (20900/110000)
[Kchain  5 [=====>                        ]  19% (20900/110000)
[Kchain  6 [======>                       ]  20% (22000/110000)
[Kchain  7 [=====>                        ]  19% (20900/110000)
[Kchain  8 [======>                       ]  20% (22000/110000)
[Kchain  9 [=====>                        ]  19% (20900/110000)
[Kchain 10 [=====>                        ]  19% (20900/110000)
[Kchain 11 [=====>                        ]  19% (20900/110000)
[13A[KRunning N=2 | per-chain progress
[Kchain  0 [======>                       ]  21% (23100/110000)
[Kchain  1 [======>                       ]  20% (22000/110000)
[Kchain  2 [=====>                        ]  19% (20900/110000)
[Kchain  3 [======>                       ]  20% (22000/110000)
[Kchain  4 [=====>                        ]  19% (20900/110000)
[Kchain  5 [=====>                        ]  19% (20900/110000)
[Kchain  6 [======>                       ]  20% (22000/110000)
[Kchain  7 [======>                       ]  20% (22000/110000)
[Kchain  8 [======>                       ]  20% (22000/110000)
[Kchain  9 [=====>                        ]  19% (20900/110000)
[Kchain 10 [=====>                        ]  19% (20900/110000)
[Kchain 11 [=====>                        ]  19% (20900/110000)
[13A[KRunning N=2 | per-chain progress
[Kchain  0 [======>                       ]  21% (23100/110000)
[Kchain  1 [======>                       ]  20% (22000/110000)
[Kchain  2 [=====>                        ]  19% (20900/110000)
[Kchain  3 [======>                       ]  20% (22000/110000)
[Kchain  4 [=====>                        ]  19% (20900/110000)
[Kchain  5 [=====>                        ]  19% (20900/110000)
[Kchain  6 [======>                       ]  20% (22000/110000)
[Kchain  7 [======>                       ]  20% (22000/110000)
[Kchain  8 [======>                       ]  20% (22000/110000)
[Kchain  9 [======>                       ]  20% (22000/110000)
[Kchain 10 [=====>                        ]  19% (20900/110000)
[Kchain 11 [=====>                        ]  19% (20900/110000)
[13A[KRunning N=2 | per-chain progress
[Kchain  0 [======>                       ]  21% (23100/110000)
[Kchain  1 [======>                       ]  20% (22000/110000)
[Kchain  2 [=====>                        ]  19% (20900/110000)
[Kchain  3 [======>                       ]  20% (22000/110000)
[Kchain  4 [=====>                        ]  19% (20900/110000)
[Kchain  5 [=====>                        ]  19% (20900/110000)
[Kchain  6 [======>                       ]  20% (22000/110000)
[Kchain  7 [======>                       ]  20% (22000/110000)
[Kchain  8 [======>                       ]  20% (22000/110000)
[Kchain  9 [======>                       ]  20% (22000/110000)
[Kchain 10 [=====>                        ]  19% (20900/110000)
[Kchain 11 [======>                       ]  20% (22000/110000)
[13A[KRunning N=2 | per-chain progress
[Kchain  0 [======>                       ]  21% (23100/110000)
[Kchain  1 [======>                       ]  20% (22000/110000)
[Kchain  2 [=====>                        ]  19% (20900/110000)
[Kchain  3 [======>                       ]  20% (22000/110000)
[Kchain  4 [=====>                        ]  19% (20900/110000)
[Kchain  5 [=====>                        ]  19% (20900/110000)
[Kchain  6 [======>                       ]  20% (22000/110000)
[Kchain  7 [======>                       ]  20% (22000/110000)
[Kchain  8 [======>                       ]  20% (22000/110000)
[Kchain  9 [======>                       ]  20% (22000/110000)
[Kchain 10 [=====>                        ]  19% (20900/110000)
[Kchain 11 [======>                       ]  20% (22000/110000)
[13A[KRunning N=2 | per-chain progress
[Kchain  0 [======>                       ]  21% (23100/110000)
[Kchain  1 [======>                       ]  20% (22000/110000)
[Kchain  2 [=====>                        ]  19% (20900/110000)
[Kchain  3 [======>                       ]  20% (22000/110000)
[Kchain  4 [=====>                        ]  19% (20900/110000)
[Kchain  5 [======>                       ]  20% (22000/110000)
[Kchain  6 [======>                       ]  20% (22000/110000)
[Kchain  7 [======>                       ]  20% (22000/110000)
[Kchain  8 [======>                       ]  20% (22000/110000)
[Kchain  9 [======>                       ]  20% (22000/110000)
[Kchain 10 [=====>                        ]  19% (20900/110000)
[Kchain 11 [======>                       ]  20% (22000/110000)
[13A[KRunning N=2 | per-chain progress
[Kchain  0 [======>                       ]  21% (23100/110000)
[Kchain  1 [======>                       ]  20% (22000/110000)
[Kchain  2 [=====>                        ]  19% (20900/110000)
[Kchain  3 [======>                       ]  20% (22000/110000)
[Kchain  4 [======>                       ]  20% (22000/110000)
[Kchain  5 [======>                       ]  20% (22000/110000)
[Kchain  6 [======>                       ]  20% (22000/110000)
[Kchain  7 [======>                       ]  20% (22000/110000)
[Kchain  8 [======>                       ]  20% (22000/110000)
[Kchain  9 [======>                       ]  20% (22000/110000)
[Kchain 10 [======>                       ]  20% (22000/110000)
[Kchain 11 [======>                       ]  20% (22000/110000)
[13A[KRunning N=2 | per-chain progress
[Kchain  0 [======>                       ]  21% (23100/110000)
[Kchain  1 [======>                       ]  20% (22000/110000)
[Kchain  2 [=====>                        ]  19% (20900/110000)
[Kchain  3 [======>                       ]  20% (22000/110000)
[Kchain  4 [======>                       ]  20% (22000/110000)
[Kchain  5 [======>                       ]  20% (22000/110000)
[Kchain  6 [======>                       ]  20% (22000/110000)
[Kchain  7 [======>                       ]  20% (22000/110000)
[Kchain  8 [======>                       ]  20% (22000/110000)
[Kchain  9 [======>                       ]  20% (22000/110000)
[Kchain 10 [======>                       ]  20% (22000/110000)
[Kchain 11 [======>                       ]  20% (22000/110000)
[13A[KRunning N=2 | per-chain progress
[Kchain  0 [======>                       ]  21% (23100/110000)
[Kchain  1 [======>                       ]  21% (23100/110000)
[Kchain  2 [=====>                        ]  19% (20900/110000)
[Kchain  3 [======>                       ]  20% (22000/110000)
[Kchain  4 [======>                       ]  20% (22000/110000)
[Kchain  5 [======>                       ]  20% (22000/110000)
[Kchain  6 [======>                       ]  20% (22000/110000)
[Kchain  7 [======>                       ]  20% (22000/110000)
[Kchain  8 [======>                       ]  20% (22000/110000)
[Kchain  9 [======>                       ]  20% (22000/110000)
[Kchain 10 [======>                       ]  20% (22000/110000)
[Kchain 11 [======>                       ]  20% (22000/110000)
[13A[KRunning N=2 | per-chain progress
[Kchain  0 [======>                       ]  21% (23100/110000)
[Kchain  1 [======>                       ]  21% (23100/110000)
[Kchain  2 [======>                       ]  20% (22000/110000)
[Kchain  3 [======>                       ]  20% (22000/110000)
[Kchain  4 [======>                       ]  20% (22000/110000)
[Kchain  5 [======>                       ]  20% (22000/110000)
[Kchain  6 [======>                       ]  20% (22000/110000)
[Kchain  7 [======>                       ]  20% (22000/110000)
[Kchain  8 [======>                       ]  21% (23100/110000)
[Kchain  9 [======>                       ]  20% (22000/110000)
[Kchain 10 [======>                       ]  20% (22000/110000)
[Kchain 11 [======>                       ]  20% (22000/110000)
[13A[KRunning N=2 | per-chain progress
[Kchain  0 [======>                       ]  21% (23100/110000)
[Kchain  1 [======>                       ]  21% (23100/110000)
[Kchain  2 [======>                       ]  20% (22000/110000)
[Kchain  3 [======>                       ]  20% (22000/110000)
[Kchain  4 [======>                       ]  20% (22000/110000)
[Kchain  5 [======>                       ]  20% (22000/110000)
[Kchain  6 [======>                       ]  20% (22000/110000)
[Kchain  7 [======>                       ]  20% (22000/110000)
[Kchain  8 [======>                       ]  21% (23100/110000)
[Kchain  9 [======>                       ]  20% (22000/110000)
[Kchain 10 [======>                       ]  20% (22000/110000)
[Kchain 11 [======>                       ]  20% (22000/110000)
[13A[KRunning N=2 | per-chain progress
[Kchain  0 [======>                       ]  21% (23100/110000)
[Kchain  1 [======>                       ]  21% (23100/110000)
[Kchain  2 [======>                       ]  20% (22000/110000)
[Kchain  3 [======>                       ]  21% (23100/110000)
[Kchain  4 [======>                       ]  20% (22000/110000)
[Kchain  5 [======>                       ]  20% (22000/110000)
[Kchain  6 [======>                       ]  20% (22000/110000)
[Kchain  7 [======>                       ]  20% (22000/110000)
[Kchain  8 [======>                       ]  21% (23100/110000)
[Kchain  9 [======>                       ]  20% (22000/110000)
[Kchain 10 [======>                       ]  20% (22000/110000)
[Kchain 11 [======>                       ]  20% (22000/110000)
[13A[KRunning N=2 | per-chain progress
[Kchain  0 [======>                       ]  22% (24200/110000)
[Kchain  1 [======>                       ]  21% (23100/110000)
[Kchain  2 [======>                       ]  20% (22000/110000)
[Kchain  3 [======>                       ]  21% (23100/110000)
[Kchain  4 [======>                       ]  20% (22000/110000)
[Kchain  5 [======>                       ]  20% (22000/110000)
[Kchain  6 [======>                       ]  21% (23100/110000)
[Kchain  7 [======>                       ]  20% (22000/110000)
[Kchain  8 [======>                       ]  21% (23100/110000)
[Kchain  9 [======>                       ]  20% (22000/110000)
[Kchain 10 [======>                       ]  20% (22000/110000)
[Kchain 11 [======>                       ]  20% (22000/110000)
[13A[KRunning N=2 | per-chain progress
[Kchain  0 [======>                       ]  22% (24200/110000)
[Kchain  1 [======>                       ]  21% (23100/110000)
[Kchain  2 [======>                       ]  20% (22000/110000)
[Kchain  3 [======>                       ]  21% (23100/110000)
[Kchain  4 [======>                       ]  20% (22000/110000)
[Kchain  5 [======>                       ]  20% (22000/110000)
[Kchain  6 [======>                       ]  21% (23100/110000)
[Kchain  7 [======>                       ]  21% (23100/110000)
[Kchain  8 [======>                       ]  21% (23100/110000)
[Kchain  9 [======>                       ]  20% (22000/110000)
[Kchain 10 [======>                       ]  20% (22000/110000)
[Kchain 11 [======>                       ]  20% (22000/110000)
[13A[KRunning N=2 | per-chain progress
[Kchain  0 [======>                       ]  22% (24200/110000)
[Kchain  1 [======>                       ]  21% (23100/110000)
[Kchain  2 [======>                       ]  20% (22000/110000)
[Kchain  3 [======>                       ]  21% (23100/110000)
[Kchain  4 [======>                       ]  20% (22000/110000)
[Kchain  5 [======>                       ]  20% (22000/110000)
[Kchain  6 [======>                       ]  21% (23100/110000)
[Kchain  7 [======>                       ]  21% (23100/110000)
[Kchain  8 [======>                       ]  21% (23100/110000)
[Kchain  9 [======>                       ]  21% (23100/110000)
[Kchain 10 [======>                       ]  20% (22000/110000)
[Kchain 11 [======>                       ]  20% (22000/110000)
[13A[KRunning N=2 | per-chain progress
[Kchain  0 [======>                       ]  22% (24200/110000)
[Kchain  1 [======>                       ]  21% (23100/110000)
[Kchain  2 [======>                       ]  20% (22000/110000)
[Kchain  3 [======>                       ]  21% (23100/110000)
[Kchain  4 [======>                       ]  20% (22000/110000)
[Kchain  5 [======>                       ]  20% (22000/110000)
[Kchain  6 [======>                       ]  21% (23100/110000)
[Kchain  7 [======>                       ]  21% (23100/110000)
[Kchain  8 [======>                       ]  21% (23100/110000)
[Kchain  9 [======>                       ]  21% (23100/110000)
[Kchain 10 [======>                       ]  20% (22000/110000)
[Kchain 11 [======>                       ]  21% (23100/110000)
[13A[KRunning N=2 | per-chain progress
[Kchain  0 [======>                       ]  22% (24200/110000)
[Kchain  1 [======>                       ]  21% (23100/110000)
[Kchain  2 [======>                       ]  20% (22000/110000)
[Kchain  3 [======>                       ]  21% (23100/110000)
[Kchain  4 [======>                       ]  20% (22000/110000)
[Kchain  5 [======>                       ]  20% (22000/110000)
[Kchain  6 [======>                       ]  21% (23100/110000)
[Kchain  7 [======>                       ]  21% (23100/110000)
[Kchain  8 [======>                       ]  21% (23100/110000)
[Kchain  9 [======>                       ]  21% (23100/110000)
[Kchain 10 [======>                       ]  20% (22000/110000)
[Kchain 11 [======>                       ]  21% (23100/110000)
[13A[KRunning N=2 | per-chain progress
[Kchain  0 [======>                       ]  22% (24200/110000)
[Kchain  1 [======>                       ]  21% (23100/110000)
[Kchain  2 [======>                       ]  20% (22000/110000)
[Kchain  3 [======>                       ]  21% (23100/110000)
[Kchain  4 [======>                       ]  20% (22000/110000)
[Kchain  5 [======>                       ]  21% (23100/110000)
[Kchain  6 [======>                       ]  21% (23100/110000)
[Kchain  7 [======>                       ]  21% (23100/110000)
[Kchain  8 [======>                       ]  21% (23100/110000)
[Kchain  9 [======>                       ]  21% (23100/110000)
[Kchain 10 [======>                       ]  20% (22000/110000)
[Kchain 11 [======>                       ]  21% (23100/110000)
[13A[KRunning N=2 | per-chain progress
[Kchain  0 [======>                       ]  22% (24200/110000)
[Kchain  1 [======>                       ]  21% (23100/110000)
[Kchain  2 [======>                       ]  20% (22000/110000)
[Kchain  3 [======>                       ]  21% (23100/110000)
[Kchain  4 [======>                       ]  21% (23100/110000)
[Kchain  5 [======>                       ]  21% (23100/110000)
[Kchain  6 [======>                       ]  21% (23100/110000)
[Kchain  7 [======>                       ]  21% (23100/110000)
[Kchain  8 [======>                       ]  21% (23100/110000)
[Kchain  9 [======>                       ]  21% (23100/110000)
[Kchain 10 [======>                       ]  21% (23100/110000)
[Kchain 11 [======>                       ]  21% (23100/110000)
[13A[KRunning N=2 | per-chain progress
[Kchain  0 [======>                       ]  22% (24200/110000)
[Kchain  1 [======>                       ]  21% (23100/110000)
[Kchain  2 [======>                       ]  20% (22000/110000)
[Kchain  3 [======>                       ]  21% (23100/110000)
[Kchain  4 [======>                       ]  21% (23100/110000)
[Kchain  5 [======>                       ]  21% (23100/110000)
[Kchain  6 [======>                       ]  21% (23100/110000)
[Kchain  7 [======>                       ]  21% (23100/110000)
[Kchain  8 [======>                       ]  21% (23100/110000)
[Kchain  9 [======>                       ]  21% (23100/110000)
[Kchain 10 [======>                       ]  21% (23100/110000)
[Kchain 11 [======>                       ]  21% (23100/110000)
[13A[KRunning N=2 | per-chain progress
[Kchain  0 [======>                       ]  22% (24200/110000)
[Kchain  1 [======>                       ]  22% (24200/110000)
[Kchain  2 [======>                       ]  20% (22000/110000)
[Kchain  3 [======>                       ]  21% (23100/110000)
[Kchain  4 [======>                       ]  21% (23100/110000)
[Kchain  5 [======>                       ]  21% (23100/110000)
[Kchain  6 [======>                       ]  21% (23100/110000)
[Kchain  7 [======>                       ]  21% (23100/110000)
[Kchain  8 [======>                       ]  21% (23100/110000)
[Kchain  9 [======>                       ]  21% (23100/110000)
[Kchain 10 [======>                       ]  21% (23100/110000)
[Kchain 11 [======>                       ]  21% (23100/110000)
[13A[KRunning N=2 | per-chain progress
[Kchain  0 [======>                       ]  22% (24200/110000)
[Kchain  1 [======>                       ]  22% (24200/110000)
[Kchain  2 [======>                       ]  21% (23100/110000)
[Kchain  3 [======>                       ]  21% (23100/110000)
[Kchain  4 [======>                       ]  21% (23100/110000)
[Kchain  5 [======>                       ]  21% (23100/110000)
[Kchain  6 [======>                       ]  21% (23100/110000)
[Kchain  7 [======>                       ]  21% (23100/110000)
[Kchain  8 [======>                       ]  22% (24200/110000)
[Kchain  9 [======>                       ]  21% (23100/110000)
[Kchain 10 [======>                       ]  21% (23100/110000)
[Kchain 11 [======>                       ]  21% (23100/110000)
[13A[KRunning N=2 | per-chain progress
[Kchain  0 [======>                       ]  22% (24200/110000)
[Kchain  1 [======>                       ]  22% (24200/110000)
[Kchain  2 [======>                       ]  21% (23100/110000)
[Kchain  3 [======>                       ]  21% (23100/110000)
[Kchain  4 [======>                       ]  21% (23100/110000)
[Kchain  5 [======>                       ]  21% (23100/110000)
[Kchain  6 [======>                       ]  21% (23100/110000)
[Kchain  7 [======>                       ]  21% (23100/110000)
[Kchain  8 [======>                       ]  22% (24200/110000)
[Kchain  9 [======>                       ]  21% (23100/110000)
[Kchain 10 [======>                       ]  21% (23100/110000)
[Kchain 11 [======>                       ]  21% (23100/110000)
[13A[KRunning N=2 | per-chain progress
[Kchain  0 [======>                       ]  22% (24200/110000)
[Kchain  1 [======>                       ]  22% (24200/110000)
[Kchain  2 [======>                       ]  21% (23100/110000)
[Kchain  3 [======>                       ]  22% (24200/110000)
[Kchain  4 [======>                       ]  21% (23100/110000)
[Kchain  5 [======>                       ]  21% (23100/110000)
[Kchain  6 [======>                       ]  21% (23100/110000)
[Kchain  7 [======>                       ]  21% (23100/110000)
[Kchain  8 [======>                       ]  22% (24200/110000)
[Kchain  9 [======>                       ]  21% (23100/110000)
[Kchain 10 [======>                       ]  21% (23100/110000)
[Kchain 11 [======>                       ]  21% (23100/110000)
[13A[KRunning N=2 | per-chain progress
[Kchain  0 [======>                       ]  23% (25300/110000)
[Kchain  1 [======>                       ]  22% (24200/110000)
[Kchain  2 [======>                       ]  21% (23100/110000)
[Kchain  3 [======>                       ]  22% (24200/110000)
[Kchain  4 [======>                       ]  21% (23100/110000)
[Kchain  5 [======>                       ]  21% (23100/110000)
[Kchain  6 [======>                       ]  21% (23100/110000)
[Kchain  7 [======>                       ]  21% (23100/110000)
[Kchain  8 [======>                       ]  22% (24200/110000)
[Kchain  9 [======>                       ]  21% (23100/110000)
[Kchain 10 [======>                       ]  21% (23100/110000)
[Kchain 11 [======>                       ]  21% (23100/110000)
[13A[KRunning N=2 | per-chain progress
[Kchain  0 [======>                       ]  23% (25300/110000)
[Kchain  1 [======>                       ]  22% (24200/110000)
[Kchain  2 [======>                       ]  21% (23100/110000)
[Kchain  3 [======>                       ]  22% (24200/110000)
[Kchain  4 [======>                       ]  21% (23100/110000)
[Kchain  5 [======>                       ]  21% (23100/110000)
[Kchain  6 [======>                       ]  22% (24200/110000)
[Kchain  7 [======>                       ]  22% (24200/110000)
[Kchain  8 [======>                       ]  22% (24200/110000)
[Kchain  9 [======>                       ]  21% (23100/110000)
[Kchain 10 [======>                       ]  21% (23100/110000)
[Kchain 11 [======>                       ]  21% (23100/110000)
[13A[KRunning N=2 | per-chain progress
[Kchain  0 [======>                       ]  23% (25300/110000)
[Kchain  1 [======>                       ]  22% (24200/110000)
[Kchain  2 [======>                       ]  21% (23100/110000)
[Kchain  3 [======>                       ]  22% (24200/110000)
[Kchain  4 [======>                       ]  21% (23100/110000)
[Kchain  5 [======>                       ]  21% (23100/110000)
[Kchain  6 [======>                       ]  22% (24200/110000)
[Kchain  7 [======>                       ]  22% (24200/110000)
[Kchain  8 [======>                       ]  22% (24200/110000)
[Kchain  9 [======>                       ]  22% (24200/110000)
[Kchain 10 [======>                       ]  21% (23100/110000)
[Kchain 11 [======>                       ]  21% (23100/110000)
[13A[KRunning N=2 | per-chain progress
[Kchain  0 [======>                       ]  23% (25300/110000)
[Kchain  1 [======>                       ]  22% (24200/110000)
[Kchain  2 [======>                       ]  21% (23100/110000)
[Kchain  3 [======>                       ]  22% (24200/110000)
[Kchain  4 [======>                       ]  21% (23100/110000)
[Kchain  5 [======>                       ]  21% (23100/110000)
[Kchain  6 [======>                       ]  22% (24200/110000)
[Kchain  7 [======>                       ]  22% (24200/110000)
[Kchain  8 [======>                       ]  22% (24200/110000)
[Kchain  9 [======>                       ]  22% (24200/110000)
[Kchain 10 [======>                       ]  21% (23100/110000)
[Kchain 11 [======>                       ]  22% (24200/110000)
[13A[KRunning N=2 | per-chain progress
[Kchain  0 [======>                       ]  23% (25300/110000)
[Kchain  1 [======>                       ]  22% (24200/110000)
[Kchain  2 [======>                       ]  21% (23100/110000)
[Kchain  3 [======>                       ]  22% (24200/110000)
[Kchain  4 [======>                       ]  21% (23100/110000)
[Kchain  5 [======>                       ]  22% (24200/110000)
[Kchain  6 [======>                       ]  22% (24200/110000)
[Kchain  7 [======>                       ]  22% (24200/110000)
[Kchain  8 [======>                       ]  22% (24200/110000)
[Kchain  9 [======>                       ]  22% (24200/110000)
[Kchain 10 [======>                       ]  21% (23100/110000)
[Kchain 11 [======>                       ]  22% (24200/110000)
[13A[KRunning N=2 | per-chain progress
[Kchain  0 [======>                       ]  23% (25300/110000)
[Kchain  1 [======>                       ]  22% (24200/110000)
[Kchain  2 [======>                       ]  21% (23100/110000)
[Kchain  3 [======>                       ]  22% (24200/110000)
[Kchain  4 [======>                       ]  22% (24200/110000)
[Kchain  5 [======>                       ]  22% (24200/110000)
[Kchain  6 [======>                       ]  22% (24200/110000)
[Kchain  7 [======>                       ]  22% (24200/110000)
[Kchain  8 [======>                       ]  22% (24200/110000)
[Kchain  9 [======>                       ]  22% (24200/110000)
[Kchain 10 [======>                       ]  21% (23100/110000)
[Kchain 11 [======>                       ]  22% (24200/110000)
[13A[KRunning N=2 | per-chain progress
[Kchain  0 [======>                       ]  23% (25300/110000)
[Kchain  1 [======>                       ]  22% (24200/110000)
[Kchain  2 [======>                       ]  21% (23100/110000)
[Kchain  3 [======>                       ]  22% (24200/110000)
[Kchain  4 [======>                       ]  22% (24200/110000)
[Kchain  5 [======>                       ]  22% (24200/110000)
[Kchain  6 [======>                       ]  22% (24200/110000)
[Kchain  7 [======>                       ]  22% (24200/110000)
[Kchain  8 [======>                       ]  22% (24200/110000)
[Kchain  9 [======>                       ]  22% (24200/110000)
[Kchain 10 [======>                       ]  22% (24200/110000)
[Kchain 11 [======>                       ]  22% (24200/110000)
[13A[KRunning N=2 | per-chain progress
[Kchain  0 [======>                       ]  23% (25300/110000)
[Kchain  1 [======>                       ]  22% (24200/110000)
[Kchain  2 [======>                       ]  21% (23100/110000)
[Kchain  3 [======>                       ]  22% (24200/110000)
[Kchain  4 [======>                       ]  22% (24200/110000)
[Kchain  5 [======>                       ]  22% (24200/110000)
[Kchain  6 [======>                       ]  22% (24200/110000)
[Kchain  7 [======>                       ]  22% (24200/110000)
[Kchain  8 [======>                       ]  22% (24200/110000)
[Kchain  9 [======>                       ]  22% (24200/110000)
[Kchain 10 [======>                       ]  22% (24200/110000)
[Kchain 11 [======>                       ]  22% (24200/110000)
[13A[KRunning N=2 | per-chain progress
[Kchain  0 [======>                       ]  23% (25300/110000)
[Kchain  1 [======>                       ]  23% (25300/110000)
[Kchain  2 [======>                       ]  21% (23100/110000)
[Kchain  3 [======>                       ]  22% (24200/110000)
[Kchain  4 [======>                       ]  22% (24200/110000)
[Kchain  5 [======>                       ]  22% (24200/110000)
[Kchain  6 [======>                       ]  22% (24200/110000)
[Kchain  7 [======>                       ]  22% (24200/110000)
[Kchain  8 [======>                       ]  22% (24200/110000)
[Kchain  9 [======>                       ]  22% (24200/110000)
[Kchain 10 [======>                       ]  22% (24200/110000)
[Kchain 11 [======>                       ]  22% (24200/110000)
[13A[KRunning N=2 | per-chain progress
[Kchain  0 [======>                       ]  23% (25300/110000)
[Kchain  1 [======>                       ]  23% (25300/110000)
[Kchain  2 [======>                       ]  22% (24200/110000)
[Kchain  3 [======>                       ]  22% (24200/110000)
[Kchain  4 [======>                       ]  22% (24200/110000)
[Kchain  5 [======>                       ]  22% (24200/110000)
[Kchain  6 [======>                       ]  22% (24200/110000)
[Kchain  7 [======>                       ]  22% (24200/110000)
[Kchain  8 [======>                       ]  23% (25300/110000)
[Kchain  9 [======>                       ]  22% (24200/110000)
[Kchain 10 [======>                       ]  22% (24200/110000)
[Kchain 11 [======>                       ]  22% (24200/110000)
[13A[KRunning N=2 | per-chain progress
[Kchain  0 [======>                       ]  23% (25300/110000)
[Kchain  1 [======>                       ]  23% (25300/110000)
[Kchain  2 [======>                       ]  22% (24200/110000)
[Kchain  3 [======>                       ]  22% (24200/110000)
[Kchain  4 [======>                       ]  22% (24200/110000)
[Kchain  5 [======>                       ]  22% (24200/110000)
[Kchain  6 [======>                       ]  22% (24200/110000)
[Kchain  7 [======>                       ]  22% (24200/110000)
[Kchain  8 [======>                       ]  23% (25300/110000)
[Kchain  9 [======>                       ]  22% (24200/110000)
[Kchain 10 [======>                       ]  22% (24200/110000)
[Kchain 11 [======>                       ]  22% (24200/110000)
[13A[KRunning N=2 | per-chain progress
[Kchain  0 [======>                       ]  23% (25300/110000)
[Kchain  1 [======>                       ]  23% (25300/110000)
[Kchain  2 [======>                       ]  22% (24200/110000)
[Kchain  3 [======>                       ]  23% (25300/110000)
[Kchain  4 [======>                       ]  22% (24200/110000)
[Kchain  5 [======>                       ]  22% (24200/110000)
[Kchain  6 [======>                       ]  22% (24200/110000)
[Kchain  7 [======>                       ]  22% (24200/110000)
[Kchain  8 [======>                       ]  23% (25300/110000)
[Kchain  9 [======>                       ]  22% (24200/110000)
[Kchain 10 [======>                       ]  22% (24200/110000)
[Kchain 11 [======>                       ]  22% (24200/110000)
[13A[KRunning N=2 | per-chain progress
[Kchain  0 [=======>                      ]  24% (26400/110000)
[Kchain  1 [======>                       ]  23% (25300/110000)
[Kchain  2 [======>                       ]  22% (24200/110000)
[Kchain  3 [======>                       ]  23% (25300/110000)
[Kchain  4 [======>                       ]  22% (24200/110000)
[Kchain  5 [======>                       ]  22% (24200/110000)
[Kchain  6 [======>                       ]  22% (24200/110000)
[Kchain  7 [======>                       ]  22% (24200/110000)
[Kchain  8 [======>                       ]  23% (25300/110000)
[Kchain  9 [======>                       ]  22% (24200/110000)
[Kchain 10 [======>                       ]  22% (24200/110000)
[Kchain 11 [======>                       ]  22% (24200/110000)
[13A[KRunning N=2 | per-chain progress
[Kchain  0 [=======>                      ]  24% (26400/110000)
[Kchain  1 [======>                       ]  23% (25300/110000)
[Kchain  2 [======>                       ]  22% (24200/110000)
[Kchain  3 [======>                       ]  23% (25300/110000)
[Kchain  4 [======>                       ]  22% (24200/110000)
[Kchain  5 [======>                       ]  22% (24200/110000)
[Kchain  6 [======>                       ]  23% (25300/110000)
[Kchain  7 [======>                       ]  23% (25300/110000)
[Kchain  8 [======>                       ]  23% (25300/110000)
[Kchain  9 [======>                       ]  22% (24200/110000)
[Kchain 10 [======>                       ]  22% (24200/110000)
[Kchain 11 [======>                       ]  22% (24200/110000)
[13A[KRunning N=2 | per-chain progress
[Kchain  0 [=======>                      ]  24% (26400/110000)
[Kchain  1 [======>                       ]  23% (25300/110000)
[Kchain  2 [======>                       ]  22% (24200/110000)
[Kchain  3 [======>                       ]  23% (25300/110000)
[Kchain  4 [======>                       ]  22% (24200/110000)
[Kchain  5 [======>                       ]  22% (24200/110000)
[Kchain  6 [======>                       ]  23% (25300/110000)
[Kchain  7 [======>                       ]  23% (25300/110000)
[Kchain  8 [======>                       ]  23% (25300/110000)
[Kchain  9 [======>                       ]  23% (25300/110000)
[Kchain 10 [======>                       ]  22% (24200/110000)
[Kchain 11 [======>                       ]  22% (24200/110000)
[13A[KRunning N=2 | per-chain progress
[Kchain  0 [=======>                      ]  24% (26400/110000)
[Kchain  1 [======>                       ]  23% (25300/110000)
[Kchain  2 [======>                       ]  22% (24200/110000)
[Kchain  3 [======>                       ]  23% (25300/110000)
[Kchain  4 [======>                       ]  22% (24200/110000)
[Kchain  5 [======>                       ]  22% (24200/110000)
[Kchain  6 [======>                       ]  23% (25300/110000)
[Kchain  7 [======>                       ]  23% (25300/110000)
[Kchain  8 [======>                       ]  23% (25300/110000)
[Kchain  9 [======>                       ]  23% (25300/110000)
[Kchain 10 [======>                       ]  22% (24200/110000)
[Kchain 11 [======>                       ]  23% (25300/110000)
[13A[KRunning N=2 | per-chain progress
[Kchain  0 [=======>                      ]  24% (26400/110000)
[Kchain  1 [======>                       ]  23% (25300/110000)
[Kchain  2 [======>                       ]  22% (24200/110000)
[Kchain  3 [======>                       ]  23% (25300/110000)
[Kchain  4 [======>                       ]  22% (24200/110000)
[Kchain  5 [======>                       ]  22% (24200/110000)
[Kchain  6 [======>                       ]  23% (25300/110000)
[Kchain  7 [======>                       ]  23% (25300/110000)
[Kchain  8 [======>                       ]  23% (25300/110000)
[Kchain  9 [======>                       ]  23% (25300/110000)
[Kchain 10 [======>                       ]  22% (24200/110000)
[Kchain 11 [======>                       ]  23% (25300/110000)
[13A[KRunning N=2 | per-chain progress
[Kchain  0 [=======>                      ]  24% (26400/110000)
[Kchain  1 [======>                       ]  23% (25300/110000)
[Kchain  2 [======>                       ]  22% (24200/110000)
[Kchain  3 [======>                       ]  23% (25300/110000)
[Kchain  4 [======>                       ]  22% (24200/110000)
[Kchain  5 [======>                       ]  23% (25300/110000)
[Kchain  6 [======>                       ]  23% (25300/110000)
[Kchain  7 [======>                       ]  23% (25300/110000)
[Kchain  8 [======>                       ]  23% (25300/110000)
[Kchain  9 [======>                       ]  23% (25300/110000)
[Kchain 10 [======>                       ]  22% (24200/110000)
[Kchain 11 [======>                       ]  23% (25300/110000)
[13A[KRunning N=2 | per-chain progress
[Kchain  0 [=======>                      ]  24% (26400/110000)
[Kchain  1 [======>                       ]  23% (25300/110000)
[Kchain  2 [======>                       ]  22% (24200/110000)
[Kchain  3 [======>                       ]  23% (25300/110000)
[Kchain  4 [======>                       ]  23% (25300/110000)
[Kchain  5 [======>                       ]  23% (25300/110000)
[Kchain  6 [======>                       ]  23% (25300/110000)
[Kchain  7 [======>                       ]  23% (25300/110000)
[Kchain  8 [======>                       ]  23% (25300/110000)
[Kchain  9 [======>                       ]  23% (25300/110000)
[Kchain 10 [======>                       ]  23% (25300/110000)
[Kchain 11 [======>                       ]  23% (25300/110000)
[13A[KRunning N=2 | per-chain progress
[Kchain  0 [=======>                      ]  24% (26400/110000)
[Kchain  1 [======>                       ]  23% (25300/110000)
[Kchain  2 [======>                       ]  22% (24200/110000)
[Kchain  3 [======>                       ]  23% (25300/110000)
[Kchain  4 [======>                       ]  23% (25300/110000)
[Kchain  5 [======>                       ]  23% (25300/110000)
[Kchain  6 [======>                       ]  23% (25300/110000)
[Kchain  7 [======>                       ]  23% (25300/110000)
[Kchain  8 [======>                       ]  23% (25300/110000)
[Kchain  9 [======>                       ]  23% (25300/110000)
[Kchain 10 [======>                       ]  23% (25300/110000)
[Kchain 11 [======>                       ]  23% (25300/110000)
[13A[KRunning N=2 | per-chain progress
[Kchain  0 [=======>                      ]  24% (26400/110000)
[Kchain  1 [=======>                      ]  24% (26400/110000)
[Kchain  2 [======>                       ]  22% (24200/110000)
[Kchain  3 [======>                       ]  23% (25300/110000)
[Kchain  4 [======>                       ]  23% (25300/110000)
[Kchain  5 [======>                       ]  23% (25300/110000)
[Kchain  6 [======>                       ]  23% (25300/110000)
[Kchain  7 [======>                       ]  23% (25300/110000)
[Kchain  8 [======>                       ]  23% (25300/110000)
[Kchain  9 [======>                       ]  23% (25300/110000)
[Kchain 10 [======>                       ]  23% (25300/110000)
[Kchain 11 [======>                       ]  23% (25300/110000)
[13A[KRunning N=2 | per-chain progress
[Kchain  0 [=======>                      ]  24% (26400/110000)
[Kchain  1 [=======>                      ]  24% (26400/110000)
[Kchain  2 [======>                       ]  23% (25300/110000)
[Kchain  3 [======>                       ]  23% (25300/110000)
[Kchain  4 [======>                       ]  23% (25300/110000)
[Kchain  5 [======>                       ]  23% (25300/110000)
[Kchain  6 [======>                       ]  23% (25300/110000)
[Kchain  7 [======>                       ]  23% (25300/110000)
[Kchain  8 [=======>                      ]  24% (26400/110000)
[Kchain  9 [======>                       ]  23% (25300/110000)
[Kchain 10 [======>                       ]  23% (25300/110000)
[Kchain 11 [======>                       ]  23% (25300/110000)
[13A[KRunning N=2 | per-chain progress
[Kchain  0 [=======>                      ]  24% (26400/110000)
[Kchain  1 [=======>                      ]  24% (26400/110000)
[Kchain  2 [======>                       ]  23% (25300/110000)
[Kchain  3 [======>                       ]  23% (25300/110000)
[Kchain  4 [======>                       ]  23% (25300/110000)
[Kchain  5 [======>                       ]  23% (25300/110000)
[Kchain  6 [======>                       ]  23% (25300/110000)
[Kchain  7 [======>                       ]  23% (25300/110000)
[Kchain  8 [=======>                      ]  24% (26400/110000)
[Kchain  9 [======>                       ]  23% (25300/110000)
[Kchain 10 [======>                       ]  23% (25300/110000)
[Kchain 11 [======>                       ]  23% (25300/110000)
[13A[KRunning N=2 | per-chain progress
[Kchain  0 [=======>                      ]  24% (26400/110000)
[Kchain  1 [=======>                      ]  24% (26400/110000)
[Kchain  2 [======>                       ]  23% (25300/110000)
[Kchain  3 [=======>                      ]  24% (26400/110000)
[Kchain  4 [======>                       ]  23% (25300/110000)
[Kchain  5 [======>                       ]  23% (25300/110000)
[Kchain  6 [======>                       ]  23% (25300/110000)
[Kchain  7 [======>                       ]  23% (25300/110000)
[Kchain  8 [=======>                      ]  24% (26400/110000)
[Kchain  9 [======>                       ]  23% (25300/110000)
[Kchain 10 [======>                       ]  23% (25300/110000)
[Kchain 11 [======>                       ]  23% (25300/110000)
[13A[KRunning N=2 | per-chain progress
[Kchain  0 [=======>                      ]  25% (27500/110000)
[Kchain  1 [=======>                      ]  24% (26400/110000)
[Kchain  2 [======>                       ]  23% (25300/110000)
[Kchain  3 [=======>                      ]  24% (26400/110000)
[Kchain  4 [======>                       ]  23% (25300/110000)
[Kchain  5 [======>                       ]  23% (25300/110000)
[Kchain  6 [=======>                      ]  24% (26400/110000)
[Kchain  7 [======>                       ]  23% (25300/110000)
[Kchain  8 [=======>                      ]  24% (26400/110000)
[Kchain  9 [======>                       ]  23% (25300/110000)
[Kchain 10 [======>                       ]  23% (25300/110000)
[Kchain 11 [======>                       ]  23% (25300/110000)
[13A[KRunning N=2 | per-chain progress
[Kchain  0 [=======>                      ]  25% (27500/110000)
[Kchain  1 [=======>                      ]  24% (26400/110000)
[Kchain  2 [======>                       ]  23% (25300/110000)
[Kchain  3 [=======>                      ]  24% (26400/110000)
[Kchain  4 [======>                       ]  23% (25300/110000)
[Kchain  5 [======>                       ]  23% (25300/110000)
[Kchain  6 [=======>                      ]  24% (26400/110000)
[Kchain  7 [=======>                      ]  24% (26400/110000)
[Kchain  8 [=======>                      ]  24% (26400/110000)
[Kchain  9 [======>                       ]  23% (25300/110000)
[Kchain 10 [======>                       ]  23% (25300/110000)
[Kchain 11 [======>                       ]  23% (25300/110000)
[13A[KRunning N=2 | per-chain progress
[Kchain  0 [=======>                      ]  25% (27500/110000)
[Kchain  1 [=======>                      ]  24% (26400/110000)
[Kchain  2 [======>                       ]  23% (25300/110000)
[Kchain  3 [=======>                      ]  24% (26400/110000)
[Kchain  4 [======>                       ]  23% (25300/110000)
[Kchain  5 [======>                       ]  23% (25300/110000)
[Kchain  6 [=======>                      ]  24% (26400/110000)
[Kchain  7 [=======>                      ]  24% (26400/110000)
[Kchain  8 [=======>                      ]  24% (26400/110000)
[Kchain  9 [=======>                      ]  24% (26400/110000)
[Kchain 10 [======>                       ]  23% (25300/110000)
[Kchain 11 [======>                       ]  23% (25300/110000)
[13A[KRunning N=2 | per-chain progress
[Kchain  0 [=======>                      ]  25% (27500/110000)
[Kchain  1 [=======>                      ]  24% (26400/110000)
[Kchain  2 [======>                       ]  23% (25300/110000)
[Kchain  3 [=======>                      ]  24% (26400/110000)
[Kchain  4 [======>                       ]  23% (25300/110000)
[Kchain  5 [======>                       ]  23% (25300/110000)
[Kchain  6 [=======>                      ]  24% (26400/110000)
[Kchain  7 [=======>                      ]  24% (26400/110000)
[Kchain  8 [=======>                      ]  24% (26400/110000)
[Kchain  9 [=======>                      ]  24% (26400/110000)
[Kchain 10 [======>                       ]  23% (25300/110000)
[Kchain 11 [=======>                      ]  24% (26400/110000)
[13A[KRunning N=2 | per-chain progress
[Kchain  0 [=======>                      ]  25% (27500/110000)
[Kchain  1 [=======>                      ]  24% (26400/110000)
[Kchain  2 [======>                       ]  23% (25300/110000)
[Kchain  3 [=======>                      ]  24% (26400/110000)
[Kchain  4 [======>                       ]  23% (25300/110000)
[Kchain  5 [======>                       ]  23% (25300/110000)
[Kchain  6 [=======>                      ]  24% (26400/110000)
[Kchain  7 [=======>                      ]  24% (26400/110000)
[Kchain  8 [=======>                      ]  24% (26400/110000)
[Kchain  9 [=======>                      ]  24% (26400/110000)
[Kchain 10 [======>                       ]  23% (25300/110000)
[Kchain 11 [=======>                      ]  24% (26400/110000)
[13A[KRunning N=2 | per-chain progress
[Kchain  0 [=======>                      ]  25% (27500/110000)
[Kchain  1 [=======>                      ]  24% (26400/110000)
[Kchain  2 [======>                       ]  23% (25300/110000)
[Kchain  3 [=======>                      ]  24% (26400/110000)
[Kchain  4 [======>                       ]  23% (25300/110000)
[Kchain  5 [=======>                      ]  24% (26400/110000)
[Kchain  6 [=======>                      ]  24% (26400/110000)
[Kchain  7 [=======>                      ]  24% (26400/110000)
[Kchain  8 [=======>                      ]  24% (26400/110000)
[Kchain  9 [=======>                      ]  24% (26400/110000)
[Kchain 10 [======>                       ]  23% (25300/110000)
[Kchain 11 [=======>                      ]  24% (26400/110000)
[13A[KRunning N=2 | per-chain progress
[Kchain  0 [=======>                      ]  25% (27500/110000)
[Kchain  1 [=======>                      ]  24% (26400/110000)
[Kchain  2 [======>                       ]  23% (25300/110000)
[Kchain  3 [=======>                      ]  24% (26400/110000)
[Kchain  4 [=======>                      ]  24% (26400/110000)
[Kchain  5 [=======>                      ]  24% (26400/110000)
[Kchain  6 [=======>                      ]  24% (26400/110000)
[Kchain  7 [=======>                      ]  24% (26400/110000)
[Kchain  8 [=======>                      ]  24% (26400/110000)
[Kchain  9 [=======>                      ]  24% (26400/110000)
[Kchain 10 [=======>                      ]  24% (26400/110000)
[Kchain 11 [=======>                      ]  24% (26400/110000)
[13A[KRunning N=2 | per-chain progress
[Kchain  0 [=======>                      ]  25% (27500/110000)
[Kchain  1 [=======>                      ]  24% (26400/110000)
[Kchain  2 [======>                       ]  23% (25300/110000)
[Kchain  3 [=======>                      ]  24% (26400/110000)
[Kchain  4 [=======>                      ]  24% (26400/110000)
[Kchain  5 [=======>                      ]  24% (26400/110000)
[Kchain  6 [=======>                      ]  24% (26400/110000)
[Kchain  7 [=======>                      ]  24% (26400/110000)
[Kchain  8 [=======>                      ]  24% (26400/110000)
[Kchain  9 [=======>                      ]  24% (26400/110000)
[Kchain 10 [=======>                      ]  24% (26400/110000)
[Kchain 11 [=======>                      ]  24% (26400/110000)
[13A[KRunning N=2 | per-chain progress
[Kchain  0 [=======>                      ]  25% (27500/110000)
[Kchain  1 [=======>                      ]  25% (27500/110000)
[Kchain  2 [=======>                      ]  24% (26400/110000)
[Kchain  3 [=======>                      ]  24% (26400/110000)
[Kchain  4 [=======>                      ]  24% (26400/110000)
[Kchain  5 [=======>                      ]  24% (26400/110000)
[Kchain  6 [=======>                      ]  24% (26400/110000)
[Kchain  7 [=======>                      ]  24% (26400/110000)
[Kchain  8 [=======>                      ]  24% (26400/110000)
[Kchain  9 [=======>                      ]  24% (26400/110000)
[Kchain 10 [=======>                      ]  24% (26400/110000)
[Kchain 11 [=======>                      ]  24% (26400/110000)
[13A[KRunning N=2 | per-chain progress
[Kchain  0 [=======>                      ]  25% (27500/110000)
[Kchain  1 [=======>                      ]  25% (27500/110000)
[Kchain  2 [=======>                      ]  24% (26400/110000)
[Kchain  3 [=======>                      ]  24% (26400/110000)
[Kchain  4 [=======>                      ]  24% (26400/110000)
[Kchain  5 [=======>                      ]  24% (26400/110000)
[Kchain  6 [=======>                      ]  24% (26400/110000)
[Kchain  7 [=======>                      ]  24% (26400/110000)
[Kchain  8 [=======>                      ]  25% (27500/110000)
[Kchain  9 [=======>                      ]  24% (26400/110000)
[Kchain 10 [=======>                      ]  24% (26400/110000)
[Kchain 11 [=======>                      ]  24% (26400/110000)
[13A[KRunning N=2 | per-chain progress
[Kchain  0 [=======>                      ]  25% (27500/110000)
[Kchain  1 [=======>                      ]  25% (27500/110000)
[Kchain  2 [=======>                      ]  24% (26400/110000)
[Kchain  3 [=======>                      ]  24% (26400/110000)
[Kchain  4 [=======>                      ]  24% (26400/110000)
[Kchain  5 [=======>                      ]  24% (26400/110000)
[Kchain  6 [=======>                      ]  24% (26400/110000)
[Kchain  7 [=======>                      ]  24% (26400/110000)
[Kchain  8 [=======>                      ]  25% (27500/110000)
[Kchain  9 [=======>                      ]  24% (26400/110000)
[Kchain 10 [=======>                      ]  24% (26400/110000)
[Kchain 11 [=======>                      ]  24% (26400/110000)
[13A[KRunning N=2 | per-chain progress
[Kchain  0 [=======>                      ]  25% (27500/110000)
[Kchain  1 [=======>                      ]  25% (27500/110000)
[Kchain  2 [=======>                      ]  24% (26400/110000)
[Kchain  3 [=======>                      ]  25% (27500/110000)
[Kchain  4 [=======>                      ]  24% (26400/110000)
[Kchain  5 [=======>                      ]  24% (26400/110000)
[Kchain  6 [=======>                      ]  24% (26400/110000)
[Kchain  7 [=======>                      ]  24% (26400/110000)
[Kchain  8 [=======>                      ]  25% (27500/110000)
[Kchain  9 [=======>                      ]  24% (26400/110000)
[Kchain 10 [=======>                      ]  24% (26400/110000)
[Kchain 11 [=======>                      ]  24% (26400/110000)
[13A[KRunning N=2 | per-chain progress
[Kchain  0 [=======>                      ]  26% (28600/110000)
[Kchain  1 [=======>                      ]  25% (27500/110000)
[Kchain  2 [=======>                      ]  24% (26400/110000)
[Kchain  3 [=======>                      ]  25% (27500/110000)
[Kchain  4 [=======>                      ]  24% (26400/110000)
[Kchain  5 [=======>                      ]  24% (26400/110000)
[Kchain  6 [=======>                      ]  24% (26400/110000)
[Kchain  7 [=======>                      ]  24% (26400/110000)
[Kchain  8 [=======>                      ]  25% (27500/110000)
[Kchain  9 [=======>                      ]  24% (26400/110000)
[Kchain 10 [=======>                      ]  24% (26400/110000)
[Kchain 11 [=======>                      ]  24% (26400/110000)
[13A[KRunning N=2 | per-chain progress
[Kchain  0 [=======>                      ]  26% (28600/110000)
[Kchain  1 [=======>                      ]  25% (27500/110000)
[Kchain  2 [=======>                      ]  24% (26400/110000)
[Kchain  3 [=======>                      ]  25% (27500/110000)
[Kchain  4 [=======>                      ]  24% (26400/110000)
[Kchain  5 [=======>                      ]  24% (26400/110000)
[Kchain  6 [=======>                      ]  25% (27500/110000)
[Kchain  7 [=======>                      ]  25% (27500/110000)
[Kchain  8 [=======>                      ]  25% (27500/110000)
[Kchain  9 [=======>                      ]  24% (26400/110000)
[Kchain 10 [=======>                      ]  24% (26400/110000)
[Kchain 11 [=======>                      ]  24% (26400/110000)
[13A[KRunning N=2 | per-chain progress
[Kchain  0 [=======>                      ]  26% (28600/110000)
[Kchain  1 [=======>                      ]  25% (27500/110000)
[Kchain  2 [=======>                      ]  24% (26400/110000)
[Kchain  3 [=======>                      ]  25% (27500/110000)
[Kchain  4 [=======>                      ]  24% (26400/110000)
[Kchain  5 [=======>                      ]  24% (26400/110000)
[Kchain  6 [=======>                      ]  25% (27500/110000)
[Kchain  7 [=======>                      ]  25% (27500/110000)
[Kchain  8 [=======>                      ]  25% (27500/110000)
[Kchain  9 [=======>                      ]  25% (27500/110000)
[Kchain 10 [=======>                      ]  24% (26400/110000)
[Kchain 11 [=======>                      ]  24% (26400/110000)
[13A[KRunning N=2 | per-chain progress
[Kchain  0 [=======>                      ]  26% (28600/110000)
[Kchain  1 [=======>                      ]  25% (27500/110000)
[Kchain  2 [=======>                      ]  24% (26400/110000)
[Kchain  3 [=======>                      ]  25% (27500/110000)
[Kchain  4 [=======>                      ]  24% (26400/110000)
[Kchain  5 [=======>                      ]  24% (26400/110000)
[Kchain  6 [=======>                      ]  25% (27500/110000)
[Kchain  7 [=======>                      ]  25% (27500/110000)
[Kchain  8 [=======>                      ]  25% (27500/110000)
[Kchain  9 [=======>                      ]  25% (27500/110000)
[Kchain 10 [=======>                      ]  24% (26400/110000)
[Kchain 11 [=======>                      ]  25% (27500/110000)
[13A[KRunning N=2 | per-chain progress
[Kchain  0 [=======>                      ]  26% (28600/110000)
[Kchain  1 [=======>                      ]  25% (27500/110000)
[Kchain  2 [=======>                      ]  24% (26400/110000)
[Kchain  3 [=======>                      ]  25% (27500/110000)
[Kchain  4 [=======>                      ]  24% (26400/110000)
[Kchain  5 [=======>                      ]  24% (26400/110000)
[Kchain  6 [=======>                      ]  25% (27500/110000)
[Kchain  7 [=======>                      ]  25% (27500/110000)
[Kchain  8 [=======>                      ]  25% (27500/110000)
[Kchain  9 [=======>                      ]  25% (27500/110000)
[Kchain 10 [=======>                      ]  24% (26400/110000)
[Kchain 11 [=======>                      ]  25% (27500/110000)
[13A[KRunning N=2 | per-chain progress
[Kchain  0 [=======>                      ]  26% (28600/110000)
[Kchain  1 [=======>                      ]  25% (27500/110000)
[Kchain  2 [=======>                      ]  24% (26400/110000)
[Kchain  3 [=======>                      ]  25% (27500/110000)
[Kchain  4 [=======>                      ]  24% (26400/110000)
[Kchain  5 [=======>                      ]  25% (27500/110000)
[Kchain  6 [=======>                      ]  25% (27500/110000)
[Kchain  7 [=======>                      ]  25% (27500/110000)
[Kchain  8 [=======>                      ]  25% (27500/110000)
[Kchain  9 [=======>                      ]  25% (27500/110000)
[Kchain 10 [=======>                      ]  24% (26400/110000)
[Kchain 11 [=======>                      ]  25% (27500/110000)
[13A[KRunning N=2 | per-chain progress
[Kchain  0 [=======>                      ]  26% (28600/110000)
[Kchain  1 [=======>                      ]  25% (27500/110000)
[Kchain  2 [=======>                      ]  24% (26400/110000)
[Kchain  3 [=======>                      ]  25% (27500/110000)
[Kchain  4 [=======>                      ]  25% (27500/110000)
[Kchain  5 [=======>                      ]  25% (27500/110000)
[Kchain  6 [=======>                      ]  25% (27500/110000)
[Kchain  7 [=======>                      ]  25% (27500/110000)
[Kchain  8 [=======>                      ]  25% (27500/110000)
[Kchain  9 [=======>                      ]  25% (27500/110000)
[Kchain 10 [=======>                      ]  25% (27500/110000)
[Kchain 11 [=======>                      ]  25% (27500/110000)
[13A[KRunning N=2 | per-chain progress
[Kchain  0 [=======>                      ]  26% (28600/110000)
[Kchain  1 [=======>                      ]  25% (27500/110000)
[Kchain  2 [=======>                      ]  24% (26400/110000)
[Kchain  3 [=======>                      ]  25% (27500/110000)
[Kchain  4 [=======>                      ]  25% (27500/110000)
[Kchain  5 [=======>                      ]  25% (27500/110000)
[Kchain  6 [=======>                      ]  25% (27500/110000)
[Kchain  7 [=======>                      ]  25% (27500/110000)
[Kchain  8 [=======>                      ]  25% (27500/110000)
[Kchain  9 [=======>                      ]  25% (27500/110000)
[Kchain 10 [=======>                      ]  25% (27500/110000)
[Kchain 11 [=======>                      ]  25% (27500/110000)
[13A[KRunning N=2 | per-chain progress
[Kchain  0 [=======>                      ]  26% (28600/110000)
[Kchain  1 [=======>                      ]  26% (28600/110000)
[Kchain  2 [=======>                      ]  24% (26400/110000)
[Kchain  3 [=======>                      ]  25% (27500/110000)
[Kchain  4 [=======>                      ]  25% (27500/110000)
[Kchain  5 [=======>                      ]  25% (27500/110000)
[Kchain  6 [=======>                      ]  25% (27500/110000)
[Kchain  7 [=======>                      ]  25% (27500/110000)
[Kchain  8 [=======>                      ]  25% (27500/110000)
[Kchain  9 [=======>                      ]  25% (27500/110000)
[Kchain 10 [=======>                      ]  25% (27500/110000)
[Kchain 11 [=======>                      ]  25% (27500/110000)
[13A[KRunning N=2 | per-chain progress
[Kchain  0 [=======>                      ]  26% (28600/110000)
[Kchain  1 [=======>                      ]  26% (28600/110000)
[Kchain  2 [=======>                      ]  25% (27500/110000)
[Kchain  3 [=======>                      ]  25% (27500/110000)
[Kchain  4 [=======>                      ]  25% (27500/110000)
[Kchain  5 [=======>                      ]  25% (27500/110000)
[Kchain  6 [=======>                      ]  25% (27500/110000)
[Kchain  7 [=======>                      ]  25% (27500/110000)
[Kchain  8 [=======>                      ]  26% (28600/110000)
[Kchain  9 [=======>                      ]  25% (27500/110000)
[Kchain 10 [=======>                      ]  25% (27500/110000)
[Kchain 11 [=======>                      ]  25% (27500/110000)
[13A[KRunning N=2 | per-chain progress
[Kchain  0 [=======>                      ]  26% (28600/110000)
[Kchain  1 [=======>                      ]  26% (28600/110000)
[Kchain  2 [=======>                      ]  25% (27500/110000)
[Kchain  3 [=======>                      ]  25% (27500/110000)
[Kchain  4 [=======>                      ]  25% (27500/110000)
[Kchain  5 [=======>                      ]  25% (27500/110000)
[Kchain  6 [=======>                      ]  25% (27500/110000)
[Kchain  7 [=======>                      ]  25% (27500/110000)
[Kchain  8 [=======>                      ]  26% (28600/110000)
[Kchain  9 [=======>                      ]  25% (27500/110000)
[Kchain 10 [=======>                      ]  25% (27500/110000)
[Kchain 11 [=======>                      ]  25% (27500/110000)
[13A[KRunning N=2 | per-chain progress
[Kchain  0 [=======>                      ]  26% (28600/110000)
[Kchain  1 [=======>                      ]  26% (28600/110000)
[Kchain  2 [=======>                      ]  25% (27500/110000)
[Kchain  3 [=======>                      ]  26% (28600/110000)
[Kchain  4 [=======>                      ]  25% (27500/110000)
[Kchain  5 [=======>                      ]  25% (27500/110000)
[Kchain  6 [=======>                      ]  25% (27500/110000)
[Kchain  7 [=======>                      ]  25% (27500/110000)
[Kchain  8 [=======>                      ]  26% (28600/110000)
[Kchain  9 [=======>                      ]  25% (27500/110000)
[Kchain 10 [=======>                      ]  25% (27500/110000)
[Kchain 11 [=======>                      ]  25% (27500/110000)
[13A[KRunning N=2 | per-chain progress
[Kchain  0 [========>                     ]  27% (29700/110000)
[Kchain  1 [=======>                      ]  26% (28600/110000)
[Kchain  2 [=======>                      ]  25% (27500/110000)
[Kchain  3 [=======>                      ]  26% (28600/110000)
[Kchain  4 [=======>                      ]  25% (27500/110000)
[Kchain  5 [=======>                      ]  25% (27500/110000)
[Kchain  6 [=======>                      ]  25% (27500/110000)
[Kchain  7 [=======>                      ]  25% (27500/110000)
[Kchain  8 [=======>                      ]  26% (28600/110000)
[Kchain  9 [=======>                      ]  25% (27500/110000)
[Kchain 10 [=======>                      ]  25% (27500/110000)
[Kchain 11 [=======>                      ]  25% (27500/110000)
[13A[KRunning N=2 | per-chain progress
[Kchain  0 [========>                     ]  27% (29700/110000)
[Kchain  1 [=======>                      ]  26% (28600/110000)
[Kchain  2 [=======>                      ]  25% (27500/110000)
[Kchain  3 [=======>                      ]  26% (28600/110000)
[Kchain  4 [=======>                      ]  25% (27500/110000)
[Kchain  5 [=======>                      ]  25% (27500/110000)
[Kchain  6 [=======>                      ]  26% (28600/110000)
[Kchain  7 [=======>                      ]  26% (28600/110000)
[Kchain  8 [=======>                      ]  26% (28600/110000)
[Kchain  9 [=======>                      ]  25% (27500/110000)
[Kchain 10 [=======>                      ]  25% (27500/110000)
[Kchain 11 [=======>                      ]  25% (27500/110000)
[13A[KRunning N=2 | per-chain progress
[Kchain  0 [========>                     ]  27% (29700/110000)
[Kchain  1 [=======>                      ]  26% (28600/110000)
[Kchain  2 [=======>                      ]  25% (27500/110000)
[Kchain  3 [=======>                      ]  26% (28600/110000)
[Kchain  4 [=======>                      ]  25% (27500/110000)
[Kchain  5 [=======>                      ]  25% (27500/110000)
[Kchain  6 [=======>                      ]  26% (28600/110000)
[Kchain  7 [=======>                      ]  26% (28600/110000)
[Kchain  8 [=======>                      ]  26% (28600/110000)
[Kchain  9 [=======>                      ]  26% (28600/110000)
[Kchain 10 [=======>                      ]  25% (27500/110000)
[Kchain 11 [=======>                      ]  25% (27500/110000)
[13A[KRunning N=2 | per-chain progress
[Kchain  0 [========>                     ]  27% (29700/110000)
[Kchain  1 [=======>                      ]  26% (28600/110000)
[Kchain  2 [=======>                      ]  25% (27500/110000)
[Kchain  3 [=======>                      ]  26% (28600/110000)
[Kchain  4 [=======>                      ]  25% (27500/110000)
[Kchain  5 [=======>                      ]  25% (27500/110000)
[Kchain  6 [=======>                      ]  26% (28600/110000)
[Kchain  7 [=======>                      ]  26% (28600/110000)
[Kchain  8 [=======>                      ]  26% (28600/110000)
[Kchain  9 [=======>                      ]  26% (28600/110000)
[Kchain 10 [=======>                      ]  25% (27500/110000)
[Kchain 11 [=======>                      ]  26% (28600/110000)
[13A[KRunning N=2 | per-chain progress
[Kchain  0 [========>                     ]  27% (29700/110000)
[Kchain  1 [=======>                      ]  26% (28600/110000)
[Kchain  2 [=======>                      ]  25% (27500/110000)
[Kchain  3 [=======>                      ]  26% (28600/110000)
[Kchain  4 [=======>                      ]  25% (27500/110000)
[Kchain  5 [=======>                      ]  25% (27500/110000)
[Kchain  6 [=======>                      ]  26% (28600/110000)
[Kchain  7 [=======>                      ]  26% (28600/110000)
[Kchain  8 [=======>                      ]  26% (28600/110000)
[Kchain  9 [=======>                      ]  26% (28600/110000)
[Kchain 10 [=======>                      ]  25% (27500/110000)
[Kchain 11 [=======>                      ]  26% (28600/110000)
[13A[KRunning N=2 | per-chain progress
[Kchain  0 [========>                     ]  27% (29700/110000)
[Kchain  1 [=======>                      ]  26% (28600/110000)
[Kchain  2 [=======>                      ]  25% (27500/110000)
[Kchain  3 [=======>                      ]  26% (28600/110000)
[Kchain  4 [=======>                      ]  25% (27500/110000)
[Kchain  5 [=======>                      ]  26% (28600/110000)
[Kchain  6 [=======>                      ]  26% (28600/110000)
[Kchain  7 [=======>                      ]  26% (28600/110000)
[Kchain  8 [=======>                      ]  26% (28600/110000)
[Kchain  9 [=======>                      ]  26% (28600/110000)
[Kchain 10 [=======>                      ]  25% (27500/110000)
[Kchain 11 [=======>                      ]  26% (28600/110000)
[13A[KRunning N=2 | per-chain progress
[Kchain  0 [========>                     ]  27% (29700/110000)
[Kchain  1 [=======>                      ]  26% (28600/110000)
[Kchain  2 [=======>                      ]  25% (27500/110000)
[Kchain  3 [=======>                      ]  26% (28600/110000)
[Kchain  4 [=======>                      ]  26% (28600/110000)
[Kchain  5 [=======>                      ]  26% (28600/110000)
[Kchain  6 [=======>                      ]  26% (28600/110000)
[Kchain  7 [=======>                      ]  26% (28600/110000)
[Kchain  8 [=======>                      ]  26% (28600/110000)
[Kchain  9 [=======>                      ]  26% (28600/110000)
[Kchain 10 [=======>                      ]  26% (28600/110000)
[Kchain 11 [=======>                      ]  26% (28600/110000)
[13A[KRunning N=2 | per-chain progress
[Kchain  0 [========>                     ]  27% (29700/110000)
[Kchain  1 [=======>                      ]  26% (28600/110000)
[Kchain  2 [=======>                      ]  25% (27500/110000)
[Kchain  3 [=======>                      ]  26% (28600/110000)
[Kchain  4 [=======>                      ]  26% (28600/110000)
[Kchain  5 [=======>                      ]  26% (28600/110000)
[Kchain  6 [=======>                      ]  26% (28600/110000)
[Kchain  7 [=======>                      ]  26% (28600/110000)
[Kchain  8 [=======>                      ]  26% (28600/110000)
[Kchain  9 [=======>                      ]  26% (28600/110000)
[Kchain 10 [=======>                      ]  26% (28600/110000)
[Kchain 11 [=======>                      ]  26% (28600/110000)
[13A[KRunning N=2 | per-chain progress
[Kchain  0 [========>                     ]  27% (29700/110000)
[Kchain  1 [========>                     ]  27% (29700/110000)
[Kchain  2 [=======>                      ]  25% (27500/110000)
[Kchain  3 [=======>                      ]  26% (28600/110000)
[Kchain  4 [=======>                      ]  26% (28600/110000)
[Kchain  5 [=======>                      ]  26% (28600/110000)
[Kchain  6 [=======>                      ]  26% (28600/110000)
[Kchain  7 [=======>                      ]  26% (28600/110000)
[Kchain  8 [=======>                      ]  26% (28600/110000)
[Kchain  9 [=======>                      ]  26% (28600/110000)
[Kchain 10 [=======>                      ]  26% (28600/110000)
[Kchain 11 [=======>                      ]  26% (28600/110000)
[13A[KRunning N=2 | per-chain progress
[Kchain  0 [========>                     ]  27% (29700/110000)
[Kchain  1 [========>                     ]  27% (29700/110000)
[Kchain  2 [=======>                      ]  26% (28600/110000)
[Kchain  3 [=======>                      ]  26% (28600/110000)
[Kchain  4 [=======>                      ]  26% (28600/110000)
[Kchain  5 [=======>                      ]  26% (28600/110000)
[Kchain  6 [=======>                      ]  26% (28600/110000)
[Kchain  7 [=======>                      ]  26% (28600/110000)
[Kchain  8 [========>                     ]  27% (29700/110000)
[Kchain  9 [=======>                      ]  26% (28600/110000)
[Kchain 10 [=======>                      ]  26% (28600/110000)
[Kchain 11 [=======>                      ]  26% (28600/110000)
[13A[KRunning N=2 | per-chain progress
[Kchain  0 [========>                     ]  27% (29700/110000)
[Kchain  1 [========>                     ]  27% (29700/110000)
[Kchain  2 [=======>                      ]  26% (28600/110000)
[Kchain  3 [=======>                      ]  26% (28600/110000)
[Kchain  4 [=======>                      ]  26% (28600/110000)
[Kchain  5 [=======>                      ]  26% (28600/110000)
[Kchain  6 [=======>                      ]  26% (28600/110000)
[Kchain  7 [=======>                      ]  26% (28600/110000)
[Kchain  8 [========>                     ]  27% (29700/110000)
[Kchain  9 [=======>                      ]  26% (28600/110000)
[Kchain 10 [=======>                      ]  26% (28600/110000)
[Kchain 11 [=======>                      ]  26% (28600/110000)
[13A[KRunning N=2 | per-chain progress
[Kchain  0 [========>                     ]  27% (29700/110000)
[Kchain  1 [========>                     ]  27% (29700/110000)
[Kchain  2 [=======>                      ]  26% (28600/110000)
[Kchain  3 [========>                     ]  27% (29700/110000)
[Kchain  4 [=======>                      ]  26% (28600/110000)
[Kchain  5 [=======>                      ]  26% (28600/110000)
[Kchain  6 [=======>                      ]  26% (28600/110000)
[Kchain  7 [=======>                      ]  26% (28600/110000)
[Kchain  8 [========>                     ]  27% (29700/110000)
[Kchain  9 [=======>                      ]  26% (28600/110000)
[Kchain 10 [=======>                      ]  26% (28600/110000)
[Kchain 11 [=======>                      ]  26% (28600/110000)
[13A[KRunning N=2 | per-chain progress
[Kchain  0 [========>                     ]  28% (30800/110000)
[Kchain  1 [========>                     ]  27% (29700/110000)
[Kchain  2 [=======>                      ]  26% (28600/110000)
[Kchain  3 [========>                     ]  27% (29700/110000)
[Kchain  4 [=======>                      ]  26% (28600/110000)
[Kchain  5 [=======>                      ]  26% (28600/110000)
[Kchain  6 [========>                     ]  27% (29700/110000)
[Kchain  7 [=======>                      ]  26% (28600/110000)
[Kchain  8 [========>                     ]  27% (29700/110000)
[Kchain  9 [=======>                      ]  26% (28600/110000)
[Kchain 10 [=======>                      ]  26% (28600/110000)
[Kchain 11 [=======>                      ]  26% (28600/110000)
[13A[KRunning N=2 | per-chain progress
[Kchain  0 [========>                     ]  28% (30800/110000)
[Kchain  1 [========>                     ]  27% (29700/110000)
[Kchain  2 [=======>                      ]  26% (28600/110000)
[Kchain  3 [========>                     ]  27% (29700/110000)
[Kchain  4 [=======>                      ]  26% (28600/110000)
[Kchain  5 [=======>                      ]  26% (28600/110000)
[Kchain  6 [========>                     ]  27% (29700/110000)
[Kchain  7 [========>                     ]  27% (29700/110000)
[Kchain  8 [========>                     ]  27% (29700/110000)
[Kchain  9 [=======>                      ]  26% (28600/110000)
[Kchain 10 [=======>                      ]  26% (28600/110000)
[Kchain 11 [=======>                      ]  26% (28600/110000)
[13A[KRunning N=2 | per-chain progress
[Kchain  0 [========>                     ]  28% (30800/110000)
[Kchain  1 [========>                     ]  27% (29700/110000)
[Kchain  2 [=======>                      ]  26% (28600/110000)
[Kchain  3 [========>                     ]  27% (29700/110000)
[Kchain  4 [=======>                      ]  26% (28600/110000)
[Kchain  5 [=======>                      ]  26% (28600/110000)
[Kchain  6 [========>                     ]  27% (29700/110000)
[Kchain  7 [========>                     ]  27% (29700/110000)
[Kchain  8 [========>                     ]  27% (29700/110000)
[Kchain  9 [========>                     ]  27% (29700/110000)
[Kchain 10 [=======>                      ]  26% (28600/110000)
[Kchain 11 [=======>                      ]  26% (28600/110000)
[13A[KRunning N=2 | per-chain progress
[Kchain  0 [========>                     ]  28% (30800/110000)
[Kchain  1 [========>                     ]  27% (29700/110000)
[Kchain  2 [=======>                      ]  26% (28600/110000)
[Kchain  3 [========>                     ]  27% (29700/110000)
[Kchain  4 [=======>                      ]  26% (28600/110000)
[Kchain  5 [=======>                      ]  26% (28600/110000)
[Kchain  6 [========>                     ]  27% (29700/110000)
[Kchain  7 [========>                     ]  27% (29700/110000)
[Kchain  8 [========>                     ]  27% (29700/110000)
[Kchain  9 [========>                     ]  27% (29700/110000)
[Kchain 10 [=======>                      ]  26% (28600/110000)
[Kchain 11 [========>                     ]  27% (29700/110000)
[13A[KRunning N=2 | per-chain progress
[Kchain  0 [========>                     ]  28% (30800/110000)
[Kchain  1 [========>                     ]  27% (29700/110000)
[Kchain  2 [=======>                      ]  26% (28600/110000)
[Kchain  3 [========>                     ]  27% (29700/110000)
[Kchain  4 [=======>                      ]  26% (28600/110000)
[Kchain  5 [=======>                      ]  26% (28600/110000)
[Kchain  6 [========>                     ]  27% (29700/110000)
[Kchain  7 [========>                     ]  27% (29700/110000)
[Kchain  8 [========>                     ]  27% (29700/110000)
[Kchain  9 [========>                     ]  27% (29700/110000)
[Kchain 10 [=======>                      ]  26% (28600/110000)
[Kchain 11 [========>                     ]  27% (29700/110000)
[13A[KRunning N=2 | per-chain progress
[Kchain  0 [========>                     ]  28% (30800/110000)
[Kchain  1 [========>                     ]  27% (29700/110000)
[Kchain  2 [=======>                      ]  26% (28600/110000)
[Kchain  3 [========>                     ]  27% (29700/110000)
[Kchain  4 [=======>                      ]  26% (28600/110000)
[Kchain  5 [========>                     ]  27% (29700/110000)
[Kchain  6 [========>                     ]  27% (29700/110000)
[Kchain  7 [========>                     ]  27% (29700/110000)
[Kchain  8 [========>                     ]  27% (29700/110000)
[Kchain  9 [========>                     ]  27% (29700/110000)
[Kchain 10 [=======>                      ]  26% (28600/110000)
[Kchain 11 [========>                     ]  27% (29700/110000)
[13A[KRunning N=2 | per-chain progress
[Kchain  0 [========>                     ]  28% (30800/110000)
[Kchain  1 [========>                     ]  27% (29700/110000)
[Kchain  2 [=======>                      ]  26% (28600/110000)
[Kchain  3 [========>                     ]  27% (29700/110000)
[Kchain  4 [========>                     ]  27% (29700/110000)
[Kchain  5 [========>                     ]  27% (29700/110000)
[Kchain  6 [========>                     ]  27% (29700/110000)
[Kchain  7 [========>                     ]  27% (29700/110000)
[Kchain  8 [========>                     ]  27% (29700/110000)
[Kchain  9 [========>                     ]  27% (29700/110000)
[Kchain 10 [========>                     ]  27% (29700/110000)
[Kchain 11 [========>                     ]  27% (29700/110000)
[13A[KRunning N=2 | per-chain progress
[Kchain  0 [========>                     ]  28% (30800/110000)
[Kchain  1 [========>                     ]  27% (29700/110000)
[Kchain  2 [=======>                      ]  26% (28600/110000)
[Kchain  3 [========>                     ]  27% (29700/110000)
[Kchain  4 [========>                     ]  27% (29700/110000)
[Kchain  5 [========>                     ]  27% (29700/110000)
[Kchain  6 [========>                     ]  27% (29700/110000)
[Kchain  7 [========>                     ]  27% (29700/110000)
[Kchain  8 [========>                     ]  27% (29700/110000)
[Kchain  9 [========>                     ]  27% (29700/110000)
[Kchain 10 [========>                     ]  27% (29700/110000)
[Kchain 11 [========>                     ]  27% (29700/110000)
[13A[KRunning N=2 | per-chain progress
[Kchain  0 [========>                     ]  28% (30800/110000)
[Kchain  1 [========>                     ]  28% (30800/110000)
[Kchain  2 [=======>                      ]  26% (28600/110000)
[Kchain  3 [========>                     ]  27% (29700/110000)
[Kchain  4 [========>                     ]  27% (29700/110000)
[Kchain  5 [========>                     ]  27% (29700/110000)
[Kchain  6 [========>                     ]  27% (29700/110000)
[Kchain  7 [========>                     ]  27% (29700/110000)
[Kchain  8 [========>                     ]  27% (29700/110000)
[Kchain  9 [========>                     ]  27% (29700/110000)
[Kchain 10 [========>                     ]  27% (29700/110000)
[Kchain 11 [========>                     ]  27% (29700/110000)
[13A[KRunning N=2 | per-chain progress
[Kchain  0 [========>                     ]  28% (30800/110000)
[Kchain  1 [========>                     ]  28% (30800/110000)
[Kchain  2 [========>                     ]  27% (29700/110000)
[Kchain  3 [========>                     ]  27% (29700/110000)
[Kchain  4 [========>                     ]  27% (29700/110000)
[Kchain  5 [========>                     ]  27% (29700/110000)
[Kchain  6 [========>                     ]  27% (29700/110000)
[Kchain  7 [========>                     ]  27% (29700/110000)
[Kchain  8 [========>                     ]  28% (30800/110000)
[Kchain  9 [========>                     ]  27% (29700/110000)
[Kchain 10 [========>                     ]  27% (29700/110000)
[Kchain 11 [========>                     ]  27% (29700/110000)
[13A[KRunning N=2 | per-chain progress
[Kchain  0 [========>                     ]  28% (30800/110000)
[Kchain  1 [========>                     ]  28% (30800/110000)
[Kchain  2 [========>                     ]  27% (29700/110000)
[Kchain  3 [========>                     ]  27% (29700/110000)
[Kchain  4 [========>                     ]  27% (29700/110000)
[Kchain  5 [========>                     ]  27% (29700/110000)
[Kchain  6 [========>                     ]  27% (29700/110000)
[Kchain  7 [========>                     ]  27% (29700/110000)
[Kchain  8 [========>                     ]  28% (30800/110000)
[Kchain  9 [========>                     ]  27% (29700/110000)
[Kchain 10 [========>                     ]  27% (29700/110000)
[Kchain 11 [========>                     ]  27% (29700/110000)
[13A[KRunning N=2 | per-chain progress
[Kchain  0 [========>                     ]  28% (30800/110000)
[Kchain  1 [========>                     ]  28% (30800/110000)
[Kchain  2 [========>                     ]  27% (29700/110000)
[Kchain  3 [========>                     ]  28% (30800/110000)
[Kchain  4 [========>                     ]  27% (29700/110000)
[Kchain  5 [========>                     ]  27% (29700/110000)
[Kchain  6 [========>                     ]  27% (29700/110000)
[Kchain  7 [========>                     ]  27% (29700/110000)
[Kchain  8 [========>                     ]  28% (30800/110000)
[Kchain  9 [========>                     ]  27% (29700/110000)
[Kchain 10 [========>                     ]  27% (29700/110000)
[Kchain 11 [========>                     ]  27% (29700/110000)
[13A[KRunning N=2 | per-chain progress
[Kchain  0 [========>                     ]  28% (31900/110000)
[Kchain  1 [========>                     ]  28% (30800/110000)
[Kchain  2 [========>                     ]  27% (29700/110000)
[Kchain  3 [========>                     ]  28% (30800/110000)
[Kchain  4 [========>                     ]  27% (29700/110000)
[Kchain  5 [========>                     ]  27% (29700/110000)
[Kchain  6 [========>                     ]  27% (29700/110000)
[Kchain  7 [========>                     ]  27% (29700/110000)
[Kchain  8 [========>                     ]  28% (30800/110000)
[Kchain  9 [========>                     ]  27% (29700/110000)
[Kchain 10 [========>                     ]  27% (29700/110000)
[Kchain 11 [========>                     ]  27% (29700/110000)
[13A[KRunning N=2 | per-chain progress
[Kchain  0 [========>                     ]  28% (31900/110000)
[Kchain  1 [========>                     ]  28% (30800/110000)
[Kchain  2 [========>                     ]  27% (29700/110000)
[Kchain  3 [========>                     ]  28% (30800/110000)
[Kchain  4 [========>                     ]  27% (29700/110000)
[Kchain  5 [========>                     ]  27% (29700/110000)
[Kchain  6 [========>                     ]  28% (30800/110000)
[Kchain  7 [========>                     ]  28% (30800/110000)
[Kchain  8 [========>                     ]  28% (30800/110000)
[Kchain  9 [========>                     ]  27% (29700/110000)
[Kchain 10 [========>                     ]  27% (29700/110000)
[Kchain 11 [========>                     ]  27% (29700/110000)
[13A[KRunning N=2 | per-chain progress
[Kchain  0 [========>                     ]  28% (31900/110000)
[Kchain  1 [========>                     ]  28% (30800/110000)
[Kchain  2 [========>                     ]  27% (29700/110000)
[Kchain  3 [========>                     ]  28% (30800/110000)
[Kchain  4 [========>                     ]  27% (29700/110000)
[Kchain  5 [========>                     ]  27% (29700/110000)
[Kchain  6 [========>                     ]  28% (30800/110000)
[Kchain  7 [========>                     ]  28% (30800/110000)
[Kchain  8 [========>                     ]  28% (30800/110000)
[Kchain  9 [========>                     ]  28% (30800/110000)
[Kchain 10 [========>                     ]  27% (29700/110000)
[Kchain 11 [========>                     ]  28% (30800/110000)
[13A[KRunning N=2 | per-chain progress
[Kchain  0 [========>                     ]  28% (31900/110000)
[Kchain  1 [========>                     ]  28% (30800/110000)
[Kchain  2 [========>                     ]  27% (29700/110000)
[Kchain  3 [========>                     ]  28% (30800/110000)
[Kchain  4 [========>                     ]  27% (29700/110000)
[Kchain  5 [========>                     ]  27% (29700/110000)
[Kchain  6 [========>                     ]  28% (30800/110000)
[Kchain  7 [========>                     ]  28% (30800/110000)
[Kchain  8 [========>                     ]  28% (30800/110000)
[Kchain  9 [========>                     ]  28% (30800/110000)
[Kchain 10 [========>                     ]  27% (29700/110000)
[Kchain 11 [========>                     ]  28% (30800/110000)
[13A[KRunning N=2 | per-chain progress
[Kchain  0 [========>                     ]  28% (31900/110000)
[Kchain  1 [========>                     ]  28% (30800/110000)
[Kchain  2 [========>                     ]  27% (29700/110000)
[Kchain  3 [========>                     ]  28% (30800/110000)
[Kchain  4 [========>                     ]  27% (29700/110000)
[Kchain  5 [========>                     ]  28% (30800/110000)
[Kchain  6 [========>                     ]  28% (30800/110000)
[Kchain  7 [========>                     ]  28% (30800/110000)
[Kchain  8 [========>                     ]  28% (30800/110000)
[Kchain  9 [========>                     ]  28% (30800/110000)
[Kchain 10 [========>                     ]  27% (29700/110000)
[Kchain 11 [========>                     ]  28% (30800/110000)
[13A[KRunning N=2 | per-chain progress
[Kchain  0 [========>                     ]  28% (31900/110000)
[Kchain  1 [========>                     ]  28% (30800/110000)
[Kchain  2 [========>                     ]  27% (29700/110000)
[Kchain  3 [========>                     ]  28% (30800/110000)
[Kchain  4 [========>                     ]  28% (30800/110000)
[Kchain  5 [========>                     ]  28% (30800/110000)
[Kchain  6 [========>                     ]  28% (30800/110000)
[Kchain  7 [========>                     ]  28% (30800/110000)
[Kchain  8 [========>                     ]  28% (30800/110000)
[Kchain  9 [========>                     ]  28% (30800/110000)
[Kchain 10 [========>                     ]  27% (29700/110000)
[Kchain 11 [========>                     ]  28% (30800/110000)
[13A[KRunning N=2 | per-chain progress
[Kchain  0 [========>                     ]  28% (31900/110000)
[Kchain  1 [========>                     ]  28% (30800/110000)
[Kchain  2 [========>                     ]  27% (29700/110000)
[Kchain  3 [========>                     ]  28% (30800/110000)
[Kchain  4 [========>                     ]  28% (30800/110000)
[Kchain  5 [========>                     ]  28% (30800/110000)
[Kchain  6 [========>                     ]  28% (30800/110000)
[Kchain  7 [========>                     ]  28% (30800/110000)
[Kchain  8 [========>                     ]  28% (30800/110000)
[Kchain  9 [========>                     ]  28% (30800/110000)
[Kchain 10 [========>                     ]  28% (30800/110000)
[Kchain 11 [========>                     ]  28% (30800/110000)
[13A[KRunning N=2 | per-chain progress
[Kchain  0 [========>                     ]  28% (31900/110000)
[Kchain  1 [========>                     ]  28% (30800/110000)
[Kchain  2 [========>                     ]  27% (29700/110000)
[Kchain  3 [========>                     ]  28% (30800/110000)
[Kchain  4 [========>                     ]  28% (30800/110000)
[Kchain  5 [========>                     ]  28% (30800/110000)
[Kchain  6 [========>                     ]  28% (30800/110000)
[Kchain  7 [========>                     ]  28% (30800/110000)
[Kchain  8 [========>                     ]  28% (30800/110000)
[Kchain  9 [========>                     ]  28% (30800/110000)
[Kchain 10 [========>                     ]  28% (30800/110000)
[Kchain 11 [========>                     ]  28% (30800/110000)
[13A[KRunning N=2 | per-chain progress
[Kchain  0 [========>                     ]  28% (31900/110000)
[Kchain  1 [========>                     ]  28% (31900/110000)
[Kchain  2 [========>                     ]  27% (29700/110000)
[Kchain  3 [========>                     ]  28% (30800/110000)
[Kchain  4 [========>                     ]  28% (30800/110000)
[Kchain  5 [========>                     ]  28% (30800/110000)
[Kchain  6 [========>                     ]  28% (30800/110000)
[Kchain  7 [========>                     ]  28% (30800/110000)
[Kchain  8 [========>                     ]  28% (30800/110000)
[Kchain  9 [========>                     ]  28% (30800/110000)
[Kchain 10 [========>                     ]  28% (30800/110000)
[Kchain 11 [========>                     ]  28% (30800/110000)
[13A[KRunning N=2 | per-chain progress
[Kchain  0 [========>                     ]  28% (31900/110000)
[Kchain  1 [========>                     ]  28% (31900/110000)
[Kchain  2 [========>                     ]  28% (30800/110000)
[Kchain  3 [========>                     ]  28% (30800/110000)
[Kchain  4 [========>                     ]  28% (30800/110000)
[Kchain  5 [========>                     ]  28% (30800/110000)
[Kchain  6 [========>                     ]  28% (30800/110000)
[Kchain  7 [========>                     ]  28% (30800/110000)
[Kchain  8 [========>                     ]  28% (31900/110000)
[Kchain  9 [========>                     ]  28% (30800/110000)
[Kchain 10 [========>                     ]  28% (30800/110000)
[Kchain 11 [========>                     ]  28% (30800/110000)
[13A[KRunning N=2 | per-chain progress
[Kchain  0 [========>                     ]  28% (31900/110000)
[Kchain  1 [========>                     ]  28% (31900/110000)
[Kchain  2 [========>                     ]  28% (30800/110000)
[Kchain  3 [========>                     ]  28% (30800/110000)
[Kchain  4 [========>                     ]  28% (30800/110000)
[Kchain  5 [========>                     ]  28% (30800/110000)
[Kchain  6 [========>                     ]  28% (30800/110000)
[Kchain  7 [========>                     ]  28% (30800/110000)
[Kchain  8 [========>                     ]  28% (31900/110000)
[Kchain  9 [========>                     ]  28% (30800/110000)
[Kchain 10 [========>                     ]  28% (30800/110000)
[Kchain 11 [========>                     ]  28% (30800/110000)
[13A[KRunning N=2 | per-chain progress
[Kchain  0 [========>                     ]  28% (31900/110000)
[Kchain  1 [========>                     ]  28% (31900/110000)
[Kchain  2 [========>                     ]  28% (30800/110000)
[Kchain  3 [========>                     ]  28% (31900/110000)
[Kchain  4 [========>                     ]  28% (30800/110000)
[Kchain  5 [========>                     ]  28% (30800/110000)
[Kchain  6 [========>                     ]  28% (30800/110000)
[Kchain  7 [========>                     ]  28% (30800/110000)
[Kchain  8 [========>                     ]  28% (31900/110000)
[Kchain  9 [========>                     ]  28% (30800/110000)
[Kchain 10 [========>                     ]  28% (30800/110000)
[Kchain 11 [========>                     ]  28% (30800/110000)
[13A[KRunning N=2 | per-chain progress
[Kchain  0 [=========>                    ]  30% (33000/110000)
[Kchain  1 [========>                     ]  28% (31900/110000)
[Kchain  2 [========>                     ]  28% (30800/110000)
[Kchain  3 [========>                     ]  28% (31900/110000)
[Kchain  4 [========>                     ]  28% (30800/110000)
[Kchain  5 [========>                     ]  28% (30800/110000)
[Kchain  6 [========>                     ]  28% (31900/110000)
[Kchain  7 [========>                     ]  28% (30800/110000)
[Kchain  8 [========>                     ]  28% (31900/110000)
[Kchain  9 [========>                     ]  28% (30800/110000)
[Kchain 10 [========>                     ]  28% (30800/110000)
[Kchain 11 [========>                     ]  28% (30800/110000)
[13A[KRunning N=2 | per-chain progress
[Kchain  0 [=========>                    ]  30% (33000/110000)
[Kchain  1 [========>                     ]  28% (31900/110000)
[Kchain  2 [========>                     ]  28% (30800/110000)
[Kchain  3 [========>                     ]  28% (31900/110000)
[Kchain  4 [========>                     ]  28% (30800/110000)
[Kchain  5 [========>                     ]  28% (30800/110000)
[Kchain  6 [========>                     ]  28% (31900/110000)
[Kchain  7 [========>                     ]  28% (31900/110000)
[Kchain  8 [========>                     ]  28% (31900/110000)
[Kchain  9 [========>                     ]  28% (30800/110000)
[Kchain 10 [========>                     ]  28% (30800/110000)
[Kchain 11 [========>                     ]  28% (30800/110000)
[13A[KRunning N=2 | per-chain progress
[Kchain  0 [=========>                    ]  30% (33000/110000)
[Kchain  1 [========>                     ]  28% (31900/110000)
[Kchain  2 [========>                     ]  28% (30800/110000)
[Kchain  3 [========>                     ]  28% (31900/110000)
[Kchain  4 [========>                     ]  28% (30800/110000)
[Kchain  5 [========>                     ]  28% (30800/110000)
[Kchain  6 [========>                     ]  28% (31900/110000)
[Kchain  7 [========>                     ]  28% (31900/110000)
[Kchain  8 [========>                     ]  28% (31900/110000)
[Kchain  9 [========>                     ]  28% (31900/110000)
[Kchain 10 [========>                     ]  28% (30800/110000)
[Kchain 11 [========>                     ]  28% (30800/110000)
[13A[KRunning N=2 | per-chain progress
[Kchain  0 [=========>                    ]  30% (33000/110000)
[Kchain  1 [========>                     ]  28% (31900/110000)
[Kchain  2 [========>                     ]  28% (30800/110000)
[Kchain  3 [========>                     ]  28% (31900/110000)
[Kchain  4 [========>                     ]  28% (30800/110000)
[Kchain  5 [========>                     ]  28% (30800/110000)
[Kchain  6 [========>                     ]  28% (31900/110000)
[Kchain  7 [========>                     ]  28% (31900/110000)
[Kchain  8 [========>                     ]  28% (31900/110000)
[Kchain  9 [========>                     ]  28% (31900/110000)
[Kchain 10 [========>                     ]  28% (30800/110000)
[Kchain 11 [========>                     ]  28% (31900/110000)
[13A[KRunning N=2 | per-chain progress
[Kchain  0 [=========>                    ]  30% (33000/110000)
[Kchain  1 [========>                     ]  28% (31900/110000)
[Kchain  2 [========>                     ]  28% (30800/110000)
[Kchain  3 [========>                     ]  28% (31900/110000)
[Kchain  4 [========>                     ]  28% (30800/110000)
[Kchain  5 [========>                     ]  28% (31900/110000)
[Kchain  6 [========>                     ]  28% (31900/110000)
[Kchain  7 [========>                     ]  28% (31900/110000)
[Kchain  8 [========>                     ]  28% (31900/110000)
[Kchain  9 [========>                     ]  28% (31900/110000)
[Kchain 10 [========>                     ]  28% (30800/110000)
[Kchain 11 [========>                     ]  28% (31900/110000)
[13A[KRunning N=2 | per-chain progress
[Kchain  0 [=========>                    ]  30% (33000/110000)
[Kchain  1 [========>                     ]  28% (31900/110000)
[Kchain  2 [========>                     ]  28% (30800/110000)
[Kchain  3 [========>                     ]  28% (31900/110000)
[Kchain  4 [========>                     ]  28% (30800/110000)
[Kchain  5 [========>                     ]  28% (31900/110000)
[Kchain  6 [========>                     ]  28% (31900/110000)
[Kchain  7 [========>                     ]  28% (31900/110000)
[Kchain  8 [========>                     ]  28% (31900/110000)
[Kchain  9 [========>                     ]  28% (31900/110000)
[Kchain 10 [========>                     ]  28% (30800/110000)
[Kchain 11 [========>                     ]  28% (31900/110000)
[13A[KRunning N=2 | per-chain progress
[Kchain  0 [=========>                    ]  30% (33000/110000)
[Kchain  1 [========>                     ]  28% (31900/110000)
[Kchain  2 [========>                     ]  28% (30800/110000)
[Kchain  3 [========>                     ]  28% (31900/110000)
[Kchain  4 [========>                     ]  28% (31900/110000)
[Kchain  5 [========>                     ]  28% (31900/110000)
[Kchain  6 [========>                     ]  28% (31900/110000)
[Kchain  7 [========>                     ]  28% (31900/110000)
[Kchain  8 [========>                     ]  28% (31900/110000)
[Kchain  9 [========>                     ]  28% (31900/110000)
[Kchain 10 [========>                     ]  28% (31900/110000)
[Kchain 11 [========>                     ]  28% (31900/110000)
[13A[KRunning N=2 | per-chain progress
[Kchain  0 [=========>                    ]  30% (33000/110000)
[Kchain  1 [========>                     ]  28% (31900/110000)
[Kchain  2 [========>                     ]  28% (30800/110000)
[Kchain  3 [========>                     ]  28% (31900/110000)
[Kchain  4 [========>                     ]  28% (31900/110000)
[Kchain  5 [========>                     ]  28% (31900/110000)
[Kchain  6 [========>                     ]  28% (31900/110000)
[Kchain  7 [========>                     ]  28% (31900/110000)
[Kchain  8 [========>                     ]  28% (31900/110000)
[Kchain  9 [========>                     ]  28% (31900/110000)
[Kchain 10 [========>                     ]  28% (31900/110000)
[Kchain 11 [========>                     ]  28% (31900/110000)
[13A[KRunning N=2 | per-chain progress
[Kchain  0 [=========>                    ]  30% (33000/110000)
[Kchain  1 [=========>                    ]  30% (33000/110000)
[Kchain  2 [========>                     ]  28% (30800/110000)
[Kchain  3 [========>                     ]  28% (31900/110000)
[Kchain  4 [========>                     ]  28% (31900/110000)
[Kchain  5 [========>                     ]  28% (31900/110000)
[Kchain  6 [========>                     ]  28% (31900/110000)
[Kchain  7 [========>                     ]  28% (31900/110000)
[Kchain  8 [========>                     ]  28% (31900/110000)
[Kchain  9 [========>                     ]  28% (31900/110000)
[Kchain 10 [========>                     ]  28% (31900/110000)
[Kchain 11 [========>                     ]  28% (31900/110000)
[13A[KRunning N=2 | per-chain progress
[Kchain  0 [=========>                    ]  30% (33000/110000)
[Kchain  1 [=========>                    ]  30% (33000/110000)
[Kchain  2 [========>                     ]  28% (31900/110000)
[Kchain  3 [========>                     ]  28% (31900/110000)
[Kchain  4 [========>                     ]  28% (31900/110000)
[Kchain  5 [========>                     ]  28% (31900/110000)
[Kchain  6 [========>                     ]  28% (31900/110000)
[Kchain  7 [========>                     ]  28% (31900/110000)
[Kchain  8 [=========>                    ]  30% (33000/110000)
[Kchain  9 [========>                     ]  28% (31900/110000)
[Kchain 10 [========>                     ]  28% (31900/110000)
[Kchain 11 [========>                     ]  28% (31900/110000)
[13A[KRunning N=2 | per-chain progress
[Kchain  0 [=========>                    ]  30% (33000/110000)
[Kchain  1 [=========>                    ]  30% (33000/110000)
[Kchain  2 [========>                     ]  28% (31900/110000)
[Kchain  3 [========>                     ]  28% (31900/110000)
[Kchain  4 [========>                     ]  28% (31900/110000)
[Kchain  5 [========>                     ]  28% (31900/110000)
[Kchain  6 [========>                     ]  28% (31900/110000)
[Kchain  7 [========>                     ]  28% (31900/110000)
[Kchain  8 [=========>                    ]  30% (33000/110000)
[Kchain  9 [========>                     ]  28% (31900/110000)
[Kchain 10 [========>                     ]  28% (31900/110000)
[Kchain 11 [========>                     ]  28% (31900/110000)
[13A[KRunning N=2 | per-chain progress
[Kchain  0 [=========>                    ]  30% (33000/110000)
[Kchain  1 [=========>                    ]  30% (33000/110000)
[Kchain  2 [========>                     ]  28% (31900/110000)
[Kchain  3 [=========>                    ]  30% (33000/110000)
[Kchain  4 [========>                     ]  28% (31900/110000)
[Kchain  5 [========>                     ]  28% (31900/110000)
[Kchain  6 [========>                     ]  28% (31900/110000)
[Kchain  7 [========>                     ]  28% (31900/110000)
[Kchain  8 [=========>                    ]  30% (33000/110000)
[Kchain  9 [========>                     ]  28% (31900/110000)
[Kchain 10 [========>                     ]  28% (31900/110000)
[Kchain 11 [========>                     ]  28% (31900/110000)
[13A[KRunning N=2 | per-chain progress
[Kchain  0 [=========>                    ]  31% (34100/110000)
[Kchain  1 [=========>                    ]  30% (33000/110000)
[Kchain  2 [========>                     ]  28% (31900/110000)
[Kchain  3 [=========>                    ]  30% (33000/110000)
[Kchain  4 [========>                     ]  28% (31900/110000)
[Kchain  5 [========>                     ]  28% (31900/110000)
[Kchain  6 [=========>                    ]  30% (33000/110000)
[Kchain  7 [========>                     ]  28% (31900/110000)
[Kchain  8 [=========>                    ]  30% (33000/110000)
[Kchain  9 [========>                     ]  28% (31900/110000)
[Kchain 10 [========>                     ]  28% (31900/110000)
[Kchain 11 [========>                     ]  28% (31900/110000)
[13A[KRunning N=2 | per-chain progress
[Kchain  0 [=========>                    ]  31% (34100/110000)
[Kchain  1 [=========>                    ]  30% (33000/110000)
[Kchain  2 [========>                     ]  28% (31900/110000)
[Kchain  3 [=========>                    ]  30% (33000/110000)
[Kchain  4 [========>                     ]  28% (31900/110000)
[Kchain  5 [========>                     ]  28% (31900/110000)
[Kchain  6 [=========>                    ]  30% (33000/110000)
[Kchain  7 [=========>                    ]  30% (33000/110000)
[Kchain  8 [=========>                    ]  30% (33000/110000)
[Kchain  9 [========>                     ]  28% (31900/110000)
[Kchain 10 [========>                     ]  28% (31900/110000)
[Kchain 11 [========>                     ]  28% (31900/110000)
[13A[KRunning N=2 | per-chain progress
[Kchain  0 [=========>                    ]  31% (34100/110000)
[Kchain  1 [=========>                    ]  30% (33000/110000)
[Kchain  2 [========>                     ]  28% (31900/110000)
[Kchain  3 [=========>                    ]  30% (33000/110000)
[Kchain  4 [========>                     ]  28% (31900/110000)
[Kchain  5 [========>                     ]  28% (31900/110000)
[Kchain  6 [=========>                    ]  30% (33000/110000)
[Kchain  7 [=========>                    ]  30% (33000/110000)
[Kchain  8 [=========>                    ]  30% (33000/110000)
[Kchain  9 [=========>                    ]  30% (33000/110000)
[Kchain 10 [========>                     ]  28% (31900/110000)
[Kchain 11 [========>                     ]  28% (31900/110000)
[13A[KRunning N=2 | per-chain progress
[Kchain  0 [=========>                    ]  31% (34100/110000)
[Kchain  1 [=========>                    ]  30% (33000/110000)
[Kchain  2 [========>                     ]  28% (31900/110000)
[Kchain  3 [=========>                    ]  30% (33000/110000)
[Kchain  4 [========>                     ]  28% (31900/110000)
[Kchain  5 [========>                     ]  28% (31900/110000)
[Kchain  6 [=========>                    ]  30% (33000/110000)
[Kchain  7 [=========>                    ]  30% (33000/110000)
[Kchain  8 [=========>                    ]  30% (33000/110000)
[Kchain  9 [=========>                    ]  30% (33000/110000)
[Kchain 10 [========>                     ]  28% (31900/110000)
[Kchain 11 [=========>                    ]  30% (33000/110000)
[13A[KRunning N=2 | per-chain progress
[Kchain  0 [=========>                    ]  31% (34100/110000)
[Kchain  1 [=========>                    ]  30% (33000/110000)
[Kchain  2 [========>                     ]  28% (31900/110000)
[Kchain  3 [=========>                    ]  30% (33000/110000)
[Kchain  4 [========>                     ]  28% (31900/110000)
[Kchain  5 [========>                     ]  28% (31900/110000)
[Kchain  6 [=========>                    ]  30% (33000/110000)
[Kchain  7 [=========>                    ]  30% (33000/110000)
[Kchain  8 [=========>                    ]  30% (33000/110000)
[Kchain  9 [=========>                    ]  30% (33000/110000)
[Kchain 10 [========>                     ]  28% (31900/110000)
[Kchain 11 [=========>                    ]  30% (33000/110000)
[13A[KRunning N=2 | per-chain progress
[Kchain  0 [=========>                    ]  31% (34100/110000)
[Kchain  1 [=========>                    ]  30% (33000/110000)
[Kchain  2 [========>                     ]  28% (31900/110000)
[Kchain  3 [=========>                    ]  30% (33000/110000)
[Kchain  4 [========>                     ]  28% (31900/110000)
[Kchain  5 [=========>                    ]  30% (33000/110000)
[Kchain  6 [=========>                    ]  30% (33000/110000)
[Kchain  7 [=========>                    ]  30% (33000/110000)
[Kchain  8 [=========>                    ]  30% (33000/110000)
[Kchain  9 [=========>                    ]  30% (33000/110000)
[Kchain 10 [========>                     ]  28% (31900/110000)
[Kchain 11 [=========>                    ]  30% (33000/110000)
[13A[KRunning N=2 | per-chain progress
[Kchain  0 [=========>                    ]  31% (34100/110000)
[Kchain  1 [=========>                    ]  30% (33000/110000)
[Kchain  2 [========>                     ]  28% (31900/110000)
[Kchain  3 [=========>                    ]  30% (33000/110000)
[Kchain  4 [=========>                    ]  30% (33000/110000)
[Kchain  5 [=========>                    ]  30% (33000/110000)
[Kchain  6 [=========>                    ]  30% (33000/110000)
[Kchain  7 [=========>                    ]  30% (33000/110000)
[Kchain  8 [=========>                    ]  30% (33000/110000)
[Kchain  9 [=========>                    ]  30% (33000/110000)
[Kchain 10 [=========>                    ]  30% (33000/110000)
[Kchain 11 [=========>                    ]  30% (33000/110000)
[13A[KRunning N=2 | per-chain progress
[Kchain  0 [=========>                    ]  31% (34100/110000)
[Kchain  1 [=========>                    ]  30% (33000/110000)
[Kchain  2 [========>                     ]  28% (31900/110000)
[Kchain  3 [=========>                    ]  30% (33000/110000)
[Kchain  4 [=========>                    ]  30% (33000/110000)
[Kchain  5 [=========>                    ]  30% (33000/110000)
[Kchain  6 [=========>                    ]  30% (33000/110000)
[Kchain  7 [=========>                    ]  30% (33000/110000)
[Kchain  8 [=========>                    ]  30% (33000/110000)
[Kchain  9 [=========>                    ]  30% (33000/110000)
[Kchain 10 [=========>                    ]  30% (33000/110000)
[Kchain 11 [=========>                    ]  30% (33000/110000)
[13A[KRunning N=2 | per-chain progress
[Kchain  0 [=========>                    ]  31% (34100/110000)
[Kchain  1 [=========>                    ]  31% (34100/110000)
[Kchain  2 [========>                     ]  28% (31900/110000)
[Kchain  3 [=========>                    ]  30% (33000/110000)
[Kchain  4 [=========>                    ]  30% (33000/110000)
[Kchain  5 [=========>                    ]  30% (33000/110000)
[Kchain  6 [=========>                    ]  30% (33000/110000)
[Kchain  7 [=========>                    ]  30% (33000/110000)
[Kchain  8 [=========>                    ]  30% (33000/110000)
[Kchain  9 [=========>                    ]  30% (33000/110000)
[Kchain 10 [=========>                    ]  30% (33000/110000)
[Kchain 11 [=========>                    ]  30% (33000/110000)
[13A[KRunning N=2 | per-chain progress
[Kchain  0 [=========>                    ]  31% (34100/110000)
[Kchain  1 [=========>                    ]  31% (34100/110000)
[Kchain  2 [=========>                    ]  30% (33000/110000)
[Kchain  3 [=========>                    ]  30% (33000/110000)
[Kchain  4 [=========>                    ]  30% (33000/110000)
[Kchain  5 [=========>                    ]  30% (33000/110000)
[Kchain  6 [=========>                    ]  30% (33000/110000)
[Kchain  7 [=========>                    ]  30% (33000/110000)
[Kchain  8 [=========>                    ]  31% (34100/110000)
[Kchain  9 [=========>                    ]  30% (33000/110000)
[Kchain 10 [=========>                    ]  30% (33000/110000)
[Kchain 11 [=========>                    ]  30% (33000/110000)
[13A[KRunning N=2 | per-chain progress
[Kchain  0 [=========>                    ]  31% (34100/110000)
[Kchain  1 [=========>                    ]  31% (34100/110000)
[Kchain  2 [=========>                    ]  30% (33000/110000)
[Kchain  3 [=========>                    ]  30% (33000/110000)
[Kchain  4 [=========>                    ]  30% (33000/110000)
[Kchain  5 [=========>                    ]  30% (33000/110000)
[Kchain  6 [=========>                    ]  30% (33000/110000)
[Kchain  7 [=========>                    ]  30% (33000/110000)
[Kchain  8 [=========>                    ]  31% (34100/110000)
[Kchain  9 [=========>                    ]  30% (33000/110000)
[Kchain 10 [=========>                    ]  30% (33000/110000)
[Kchain 11 [=========>                    ]  30% (33000/110000)
[13A[KRunning N=2 | per-chain progress
[Kchain  0 [=========>                    ]  31% (34100/110000)
[Kchain  1 [=========>                    ]  31% (34100/110000)
[Kchain  2 [=========>                    ]  30% (33000/110000)
[Kchain  3 [=========>                    ]  31% (34100/110000)
[Kchain  4 [=========>                    ]  30% (33000/110000)
[Kchain  5 [=========>                    ]  30% (33000/110000)
[Kchain  6 [=========>                    ]  30% (33000/110000)
[Kchain  7 [=========>                    ]  30% (33000/110000)
[Kchain  8 [=========>                    ]  31% (34100/110000)
[Kchain  9 [=========>                    ]  30% (33000/110000)
[Kchain 10 [=========>                    ]  30% (33000/110000)
[Kchain 11 [=========>                    ]  30% (33000/110000)
[13A[KRunning N=2 | per-chain progress
[Kchain  0 [=========>                    ]  32% (35200/110000)
[Kchain  1 [=========>                    ]  31% (34100/110000)
[Kchain  2 [=========>                    ]  30% (33000/110000)
[Kchain  3 [=========>                    ]  31% (34100/110000)
[Kchain  4 [=========>                    ]  30% (33000/110000)
[Kchain  5 [=========>                    ]  30% (33000/110000)
[Kchain  6 [=========>                    ]  30% (33000/110000)
[Kchain  7 [=========>                    ]  30% (33000/110000)
[Kchain  8 [=========>                    ]  31% (34100/110000)
[Kchain  9 [=========>                    ]  30% (33000/110000)
[Kchain 10 [=========>                    ]  30% (33000/110000)
[Kchain 11 [=========>                    ]  30% (33000/110000)
[13A[KRunning N=2 | per-chain progress
[Kchain  0 [=========>                    ]  32% (35200/110000)
[Kchain  1 [=========>                    ]  31% (34100/110000)
[Kchain  2 [=========>                    ]  30% (33000/110000)
[Kchain  3 [=========>                    ]  31% (34100/110000)
[Kchain  4 [=========>                    ]  30% (33000/110000)
[Kchain  5 [=========>                    ]  30% (33000/110000)
[Kchain  6 [=========>                    ]  31% (34100/110000)
[Kchain  7 [=========>                    ]  31% (34100/110000)
[Kchain  8 [=========>                    ]  31% (34100/110000)
[Kchain  9 [=========>                    ]  30% (33000/110000)
[Kchain 10 [=========>                    ]  30% (33000/110000)
[Kchain 11 [=========>                    ]  30% (33000/110000)
[13A[KRunning N=2 | per-chain progress
[Kchain  0 [=========>                    ]  32% (35200/110000)
[Kchain  1 [=========>                    ]  31% (34100/110000)
[Kchain  2 [=========>                    ]  30% (33000/110000)
[Kchain  3 [=========>                    ]  31% (34100/110000)
[Kchain  4 [=========>                    ]  30% (33000/110000)
[Kchain  5 [=========>                    ]  30% (33000/110000)
[Kchain  6 [=========>                    ]  31% (34100/110000)
[Kchain  7 [=========>                    ]  31% (34100/110000)
[Kchain  8 [=========>                    ]  31% (34100/110000)
[Kchain  9 [=========>                    ]  31% (34100/110000)
[Kchain 10 [=========>                    ]  30% (33000/110000)
[Kchain 11 [=========>                    ]  30% (33000/110000)
[13A[KRunning N=2 | per-chain progress
[Kchain  0 [=========>                    ]  32% (35200/110000)
[Kchain  1 [=========>                    ]  31% (34100/110000)
[Kchain  2 [=========>                    ]  30% (33000/110000)
[Kchain  3 [=========>                    ]  31% (34100/110000)
[Kchain  4 [=========>                    ]  30% (33000/110000)
[Kchain  5 [=========>                    ]  30% (33000/110000)
[Kchain  6 [=========>                    ]  31% (34100/110000)
[Kchain  7 [=========>                    ]  31% (34100/110000)
[Kchain  8 [=========>                    ]  31% (34100/110000)
[Kchain  9 [=========>                    ]  31% (34100/110000)
[Kchain 10 [=========>                    ]  30% (33000/110000)
[Kchain 11 [=========>                    ]  31% (34100/110000)
[13A[KRunning N=2 | per-chain progress
[Kchain  0 [=========>                    ]  32% (35200/110000)
[Kchain  1 [=========>                    ]  31% (34100/110000)
[Kchain  2 [=========>                    ]  30% (33000/110000)
[Kchain  3 [=========>                    ]  31% (34100/110000)
[Kchain  4 [=========>                    ]  30% (33000/110000)
[Kchain  5 [=========>                    ]  30% (33000/110000)
[Kchain  6 [=========>                    ]  31% (34100/110000)
[Kchain  7 [=========>                    ]  31% (34100/110000)
[Kchain  8 [=========>                    ]  31% (34100/110000)
[Kchain  9 [=========>                    ]  31% (34100/110000)
[Kchain 10 [=========>                    ]  30% (33000/110000)
[Kchain 11 [=========>                    ]  31% (34100/110000)
[13A[KRunning N=2 | per-chain progress
[Kchain  0 [=========>                    ]  32% (35200/110000)
[Kchain  1 [=========>                    ]  31% (34100/110000)
[Kchain  2 [=========>                    ]  30% (33000/110000)
[Kchain  3 [=========>                    ]  31% (34100/110000)
[Kchain  4 [=========>                    ]  30% (33000/110000)
[Kchain  5 [=========>                    ]  31% (34100/110000)
[Kchain  6 [=========>                    ]  31% (34100/110000)
[Kchain  7 [=========>                    ]  31% (34100/110000)
[Kchain  8 [=========>                    ]  31% (34100/110000)
[Kchain  9 [=========>                    ]  31% (34100/110000)
[Kchain 10 [=========>                    ]  30% (33000/110000)
[Kchain 11 [=========>                    ]  31% (34100/110000)
[13A[KRunning N=2 | per-chain progress
[Kchain  0 [=========>                    ]  32% (35200/110000)
[Kchain  1 [=========>                    ]  31% (34100/110000)
[Kchain  2 [=========>                    ]  30% (33000/110000)
[Kchain  3 [=========>                    ]  31% (34100/110000)
[Kchain  4 [=========>                    ]  31% (34100/110000)
[Kchain  5 [=========>                    ]  31% (34100/110000)
[Kchain  6 [=========>                    ]  31% (34100/110000)
[Kchain  7 [=========>                    ]  31% (34100/110000)
[Kchain  8 [=========>                    ]  31% (34100/110000)
[Kchain  9 [=========>                    ]  31% (34100/110000)
[Kchain 10 [=========>                    ]  31% (34100/110000)
[Kchain 11 [=========>                    ]  31% (34100/110000)
[13A[KRunning N=2 | per-chain progress
[Kchain  0 [=========>                    ]  32% (35200/110000)
[Kchain  1 [=========>                    ]  31% (34100/110000)
[Kchain  2 [=========>                    ]  30% (33000/110000)
[Kchain  3 [=========>                    ]  31% (34100/110000)
[Kchain  4 [=========>                    ]  31% (34100/110000)
[Kchain  5 [=========>                    ]  31% (34100/110000)
[Kchain  6 [=========>                    ]  31% (34100/110000)
[Kchain  7 [=========>                    ]  31% (34100/110000)
[Kchain  8 [=========>                    ]  31% (34100/110000)
[Kchain  9 [=========>                    ]  31% (34100/110000)
[Kchain 10 [=========>                    ]  31% (34100/110000)
[Kchain 11 [=========>                    ]  31% (34100/110000)
[13A[KRunning N=2 | per-chain progress
[Kchain  0 [=========>                    ]  32% (35200/110000)
[Kchain  1 [=========>                    ]  32% (35200/110000)
[Kchain  2 [=========>                    ]  31% (34100/110000)
[Kchain  3 [=========>                    ]  31% (34100/110000)
[Kchain  4 [=========>                    ]  31% (34100/110000)
[Kchain  5 [=========>                    ]  31% (34100/110000)
[Kchain  6 [=========>                    ]  31% (34100/110000)
[Kchain  7 [=========>                    ]  31% (34100/110000)
[Kchain  8 [=========>                    ]  31% (34100/110000)
[Kchain  9 [=========>                    ]  31% (34100/110000)
[Kchain 10 [=========>                    ]  31% (34100/110000)
[Kchain 11 [=========>                    ]  31% (34100/110000)
[13A[KRunning N=2 | per-chain progress
[Kchain  0 [=========>                    ]  32% (35200/110000)
[Kchain  1 [=========>                    ]  32% (35200/110000)
[Kchain  2 [=========>                    ]  31% (34100/110000)
[Kchain  3 [=========>                    ]  31% (34100/110000)
[Kchain  4 [=========>                    ]  31% (34100/110000)
[Kchain  5 [=========>                    ]  31% (34100/110000)
[Kchain  6 [=========>                    ]  31% (34100/110000)
[Kchain  7 [=========>                    ]  31% (34100/110000)
[Kchain  8 [=========>                    ]  32% (35200/110000)
[Kchain  9 [=========>                    ]  31% (34100/110000)
[Kchain 10 [=========>                    ]  31% (34100/110000)
[Kchain 11 [=========>                    ]  31% (34100/110000)
[13A[KRunning N=2 | per-chain progress
[Kchain  0 [=========>                    ]  32% (35200/110000)
[Kchain  1 [=========>                    ]  32% (35200/110000)
[Kchain  2 [=========>                    ]  31% (34100/110000)
[Kchain  3 [=========>                    ]  31% (34100/110000)
[Kchain  4 [=========>                    ]  31% (34100/110000)
[Kchain  5 [=========>                    ]  31% (34100/110000)
[Kchain  6 [=========>                    ]  31% (34100/110000)
[Kchain  7 [=========>                    ]  31% (34100/110000)
[Kchain  8 [=========>                    ]  32% (35200/110000)
[Kchain  9 [=========>                    ]  31% (34100/110000)
[Kchain 10 [=========>                    ]  31% (34100/110000)
[Kchain 11 [=========>                    ]  31% (34100/110000)
[13A[KRunning N=2 | per-chain progress
[Kchain  0 [=========>                    ]  32% (35200/110000)
[Kchain  1 [=========>                    ]  32% (35200/110000)
[Kchain  2 [=========>                    ]  31% (34100/110000)
[Kchain  3 [=========>                    ]  32% (35200/110000)
[Kchain  4 [=========>                    ]  31% (34100/110000)
[Kchain  5 [=========>                    ]  31% (34100/110000)
[Kchain  6 [=========>                    ]  31% (34100/110000)
[Kchain  7 [=========>                    ]  31% (34100/110000)
[Kchain  8 [=========>                    ]  32% (35200/110000)
[Kchain  9 [=========>                    ]  31% (34100/110000)
[Kchain 10 [=========>                    ]  31% (34100/110000)
[Kchain 11 [=========>                    ]  31% (34100/110000)
[13A[KRunning N=2 | per-chain progress
[Kchain  0 [=========>                    ]  33% (36300/110000)
[Kchain  1 [=========>                    ]  32% (35200/110000)
[Kchain  2 [=========>                    ]  31% (34100/110000)
[Kchain  3 [=========>                    ]  32% (35200/110000)
[Kchain  4 [=========>                    ]  31% (34100/110000)
[Kchain  5 [=========>                    ]  31% (34100/110000)
[Kchain  6 [=========>                    ]  32% (35200/110000)
[Kchain  7 [=========>                    ]  31% (34100/110000)
[Kchain  8 [=========>                    ]  32% (35200/110000)
[Kchain  9 [=========>                    ]  31% (34100/110000)
[Kchain 10 [=========>                    ]  31% (34100/110000)
[Kchain 11 [=========>                    ]  31% (34100/110000)
[13A[KRunning N=2 | per-chain progress
[Kchain  0 [=========>                    ]  33% (36300/110000)
[Kchain  1 [=========>                    ]  32% (35200/110000)
[Kchain  2 [=========>                    ]  31% (34100/110000)
[Kchain  3 [=========>                    ]  32% (35200/110000)
[Kchain  4 [=========>                    ]  31% (34100/110000)
[Kchain  5 [=========>                    ]  31% (34100/110000)
[Kchain  6 [=========>                    ]  32% (35200/110000)
[Kchain  7 [=========>                    ]  32% (35200/110000)
[Kchain  8 [=========>                    ]  32% (35200/110000)
[Kchain  9 [=========>                    ]  31% (34100/110000)
[Kchain 10 [=========>                    ]  31% (34100/110000)
[Kchain 11 [=========>                    ]  31% (34100/110000)
[13A[KRunning N=2 | per-chain progress
[Kchain  0 [=========>                    ]  33% (36300/110000)
[Kchain  1 [=========>                    ]  32% (35200/110000)
[Kchain  2 [=========>                    ]  31% (34100/110000)
[Kchain  3 [=========>                    ]  32% (35200/110000)
[Kchain  4 [=========>                    ]  31% (34100/110000)
[Kchain  5 [=========>                    ]  31% (34100/110000)
[Kchain  6 [=========>                    ]  32% (35200/110000)
[Kchain  7 [=========>                    ]  32% (35200/110000)
[Kchain  8 [=========>                    ]  32% (35200/110000)
[Kchain  9 [=========>                    ]  32% (35200/110000)
[Kchain 10 [=========>                    ]  31% (34100/110000)
[Kchain 11 [=========>                    ]  31% (34100/110000)
[13A[KRunning N=2 | per-chain progress
[Kchain  0 [=========>                    ]  33% (36300/110000)
[Kchain  1 [=========>                    ]  32% (35200/110000)
[Kchain  2 [=========>                    ]  31% (34100/110000)
[Kchain  3 [=========>                    ]  32% (35200/110000)
[Kchain  4 [=========>                    ]  31% (34100/110000)
[Kchain  5 [=========>                    ]  31% (34100/110000)
[Kchain  6 [=========>                    ]  32% (35200/110000)
[Kchain  7 [=========>                    ]  32% (35200/110000)
[Kchain  8 [=========>                    ]  32% (35200/110000)
[Kchain  9 [=========>                    ]  32% (35200/110000)
[Kchain 10 [=========>                    ]  31% (34100/110000)
[Kchain 11 [=========>                    ]  32% (35200/110000)
[13A[KRunning N=2 | per-chain progress
[Kchain  0 [=========>                    ]  33% (36300/110000)
[Kchain  1 [=========>                    ]  32% (35200/110000)
[Kchain  2 [=========>                    ]  31% (34100/110000)
[Kchain  3 [=========>                    ]  32% (35200/110000)
[Kchain  4 [=========>                    ]  31% (34100/110000)
[Kchain  5 [=========>                    ]  31% (34100/110000)
[Kchain  6 [=========>                    ]  32% (35200/110000)
[Kchain  7 [=========>                    ]  32% (35200/110000)
[Kchain  8 [=========>                    ]  32% (35200/110000)
[Kchain  9 [=========>                    ]  32% (35200/110000)
[Kchain 10 [=========>                    ]  31% (34100/110000)
[Kchain 11 [=========>                    ]  32% (35200/110000)
[13A[KRunning N=2 | per-chain progress
[Kchain  0 [=========>                    ]  33% (36300/110000)
[Kchain  1 [=========>                    ]  32% (35200/110000)
[Kchain  2 [=========>                    ]  31% (34100/110000)
[Kchain  3 [=========>                    ]  32% (35200/110000)
[Kchain  4 [=========>                    ]  31% (34100/110000)
[Kchain  5 [=========>                    ]  32% (35200/110000)
[Kchain  6 [=========>                    ]  32% (35200/110000)
[Kchain  7 [=========>                    ]  32% (35200/110000)
[Kchain  8 [=========>                    ]  32% (35200/110000)
[Kchain  9 [=========>                    ]  32% (35200/110000)
[Kchain 10 [=========>                    ]  31% (34100/110000)
[Kchain 11 [=========>                    ]  32% (35200/110000)
[13A[KRunning N=2 | per-chain progress
[Kchain  0 [=========>                    ]  33% (36300/110000)
[Kchain  1 [=========>                    ]  32% (35200/110000)
[Kchain  2 [=========>                    ]  31% (34100/110000)
[Kchain  3 [=========>                    ]  32% (35200/110000)
[Kchain  4 [=========>                    ]  32% (35200/110000)
[Kchain  5 [=========>                    ]  32% (35200/110000)
[Kchain  6 [=========>                    ]  32% (35200/110000)
[Kchain  7 [=========>                    ]  32% (35200/110000)
[Kchain  8 [=========>                    ]  32% (35200/110000)
[Kchain  9 [=========>                    ]  32% (35200/110000)
[Kchain 10 [=========>                    ]  32% (35200/110000)
[Kchain 11 [=========>                    ]  32% (35200/110000)
[13A[KRunning N=2 | per-chain progress
[Kchain  0 [=========>                    ]  33% (36300/110000)
[Kchain  1 [=========>                    ]  32% (35200/110000)
[Kchain  2 [=========>                    ]  31% (34100/110000)
[Kchain  3 [=========>                    ]  32% (35200/110000)
[Kchain  4 [=========>                    ]  32% (35200/110000)
[Kchain  5 [=========>                    ]  32% (35200/110000)
[Kchain  6 [=========>                    ]  32% (35200/110000)
[Kchain  7 [=========>                    ]  32% (35200/110000)
[Kchain  8 [=========>                    ]  32% (35200/110000)
[Kchain  9 [=========>                    ]  32% (35200/110000)
[Kchain 10 [=========>                    ]  32% (35200/110000)
[Kchain 11 [=========>                    ]  32% (35200/110000)
[13A[KRunning N=2 | per-chain progress
[Kchain  0 [=========>                    ]  33% (36300/110000)
[Kchain  1 [=========>                    ]  33% (36300/110000)
[Kchain  2 [=========>                    ]  31% (34100/110000)
[Kchain  3 [=========>                    ]  32% (35200/110000)
[Kchain  4 [=========>                    ]  32% (35200/110000)
[Kchain  5 [=========>                    ]  32% (35200/110000)
[Kchain  6 [=========>                    ]  32% (35200/110000)
[Kchain  7 [=========>                    ]  32% (35200/110000)
[Kchain  8 [=========>                    ]  32% (35200/110000)
[Kchain  9 [=========>                    ]  32% (35200/110000)
[Kchain 10 [=========>                    ]  32% (35200/110000)
[Kchain 11 [=========>                    ]  32% (35200/110000)
[13A[KRunning N=2 | per-chain progress
[Kchain  0 [=========>                    ]  33% (36300/110000)
[Kchain  1 [=========>                    ]  33% (36300/110000)
[Kchain  2 [=========>                    ]  32% (35200/110000)
[Kchain  3 [=========>                    ]  32% (35200/110000)
[Kchain  4 [=========>                    ]  32% (35200/110000)
[Kchain  5 [=========>                    ]  32% (35200/110000)
[Kchain  6 [=========>                    ]  32% (35200/110000)
[Kchain  7 [=========>                    ]  32% (35200/110000)
[Kchain  8 [=========>                    ]  33% (36300/110000)
[Kchain  9 [=========>                    ]  32% (35200/110000)
[Kchain 10 [=========>                    ]  32% (35200/110000)
[Kchain 11 [=========>                    ]  32% (35200/110000)
[13A[KRunning N=2 | per-chain progress
[Kchain  0 [=========>                    ]  33% (36300/110000)
[Kchain  1 [=========>                    ]  33% (36300/110000)
[Kchain  2 [=========>                    ]  32% (35200/110000)
[Kchain  3 [=========>                    ]  32% (35200/110000)
[Kchain  4 [=========>                    ]  32% (35200/110000)
[Kchain  5 [=========>                    ]  32% (35200/110000)
[Kchain  6 [=========>                    ]  32% (35200/110000)
[Kchain  7 [=========>                    ]  32% (35200/110000)
[Kchain  8 [=========>                    ]  33% (36300/110000)
[Kchain  9 [=========>                    ]  32% (35200/110000)
[Kchain 10 [=========>                    ]  32% (35200/110000)
[Kchain 11 [=========>                    ]  32% (35200/110000)
[13A[KRunning N=2 | per-chain progress
[Kchain  0 [=========>                    ]  33% (36300/110000)
[Kchain  1 [=========>                    ]  33% (36300/110000)
[Kchain  2 [=========>                    ]  32% (35200/110000)
[Kchain  3 [=========>                    ]  33% (36300/110000)
[Kchain  4 [=========>                    ]  32% (35200/110000)
[Kchain  5 [=========>                    ]  32% (35200/110000)
[Kchain  6 [=========>                    ]  32% (35200/110000)
[Kchain  7 [=========>                    ]  32% (35200/110000)
[Kchain  8 [=========>                    ]  33% (36300/110000)
[Kchain  9 [=========>                    ]  32% (35200/110000)
[Kchain 10 [=========>                    ]  32% (35200/110000)
[Kchain 11 [=========>                    ]  32% (35200/110000)
[13A[KRunning N=2 | per-chain progress
[Kchain  0 [==========>                   ]  34% (37400/110000)
[Kchain  1 [=========>                    ]  33% (36300/110000)
[Kchain  2 [=========>                    ]  32% (35200/110000)
[Kchain  3 [=========>                    ]  33% (36300/110000)
[Kchain  4 [=========>                    ]  32% (35200/110000)
[Kchain  5 [=========>                    ]  32% (35200/110000)
[Kchain  6 [=========>                    ]  33% (36300/110000)
[Kchain  7 [=========>                    ]  32% (35200/110000)
[Kchain  8 [=========>                    ]  33% (36300/110000)
[Kchain  9 [=========>                    ]  32% (35200/110000)
[Kchain 10 [=========>                    ]  32% (35200/110000)
[Kchain 11 [=========>                    ]  32% (35200/110000)
[13A[KRunning N=2 | per-chain progress
[Kchain  0 [==========>                   ]  34% (37400/110000)
[Kchain  1 [=========>                    ]  33% (36300/110000)
[Kchain  2 [=========>                    ]  32% (35200/110000)
[Kchain  3 [=========>                    ]  33% (36300/110000)
[Kchain  4 [=========>                    ]  32% (35200/110000)
[Kchain  5 [=========>                    ]  32% (35200/110000)
[Kchain  6 [=========>                    ]  33% (36300/110000)
[Kchain  7 [=========>                    ]  33% (36300/110000)
[Kchain  8 [=========>                    ]  33% (36300/110000)
[Kchain  9 [=========>                    ]  32% (35200/110000)
[Kchain 10 [=========>                    ]  32% (35200/110000)
[Kchain 11 [=========>                    ]  32% (35200/110000)
[13A[KRunning N=2 | per-chain progress
[Kchain  0 [==========>                   ]  34% (37400/110000)
[Kchain  1 [=========>                    ]  33% (36300/110000)
[Kchain  2 [=========>                    ]  32% (35200/110000)
[Kchain  3 [=========>                    ]  33% (36300/110000)
[Kchain  4 [=========>                    ]  32% (35200/110000)
[Kchain  5 [=========>                    ]  32% (35200/110000)
[Kchain  6 [=========>                    ]  33% (36300/110000)
[Kchain  7 [=========>                    ]  33% (36300/110000)
[Kchain  8 [=========>                    ]  33% (36300/110000)
[Kchain  9 [=========>                    ]  33% (36300/110000)
[Kchain 10 [=========>                    ]  32% (35200/110000)
[Kchain 11 [=========>                    ]  32% (35200/110000)
[13A[KRunning N=2 | per-chain progress
[Kchain  0 [==========>                   ]  34% (37400/110000)
[Kchain  1 [=========>                    ]  33% (36300/110000)
[Kchain  2 [=========>                    ]  32% (35200/110000)
[Kchain  3 [=========>                    ]  33% (36300/110000)
[Kchain  4 [=========>                    ]  32% (35200/110000)
[Kchain  5 [=========>                    ]  32% (35200/110000)
[Kchain  6 [=========>                    ]  33% (36300/110000)
[Kchain  7 [=========>                    ]  33% (36300/110000)
[Kchain  8 [=========>                    ]  33% (36300/110000)
[Kchain  9 [=========>                    ]  33% (36300/110000)
[Kchain 10 [=========>                    ]  32% (35200/110000)
[Kchain 11 [=========>                    ]  33% (36300/110000)
[13A[KRunning N=2 | per-chain progress
[Kchain  0 [==========>                   ]  34% (37400/110000)
[Kchain  1 [=========>                    ]  33% (36300/110000)
[Kchain  2 [=========>                    ]  32% (35200/110000)
[Kchain  3 [=========>                    ]  33% (36300/110000)
[Kchain  4 [=========>                    ]  32% (35200/110000)
[Kchain  5 [=========>                    ]  32% (35200/110000)
[Kchain  6 [=========>                    ]  33% (36300/110000)
[Kchain  7 [=========>                    ]  33% (36300/110000)
[Kchain  8 [=========>                    ]  33% (36300/110000)
[Kchain  9 [=========>                    ]  33% (36300/110000)
[Kchain 10 [=========>                    ]  32% (35200/110000)
[Kchain 11 [=========>                    ]  33% (36300/110000)
[13A[KRunning N=2 | per-chain progress
[Kchain  0 [==========>                   ]  34% (37400/110000)
[Kchain  1 [=========>                    ]  33% (36300/110000)
[Kchain  2 [=========>                    ]  32% (35200/110000)
[Kchain  3 [=========>                    ]  33% (36300/110000)
[Kchain  4 [=========>                    ]  32% (35200/110000)
[Kchain  5 [=========>                    ]  33% (36300/110000)
[Kchain  6 [=========>                    ]  33% (36300/110000)
[Kchain  7 [=========>                    ]  33% (36300/110000)
[Kchain  8 [=========>                    ]  33% (36300/110000)
[Kchain  9 [=========>                    ]  33% (36300/110000)
[Kchain 10 [=========>                    ]  32% (35200/110000)
[Kchain 11 [=========>                    ]  33% (36300/110000)
[13A[KRunning N=2 | per-chain progress
[Kchain  0 [==========>                   ]  34% (37400/110000)
[Kchain  1 [=========>                    ]  33% (36300/110000)
[Kchain  2 [=========>                    ]  32% (35200/110000)
[Kchain  3 [=========>                    ]  33% (36300/110000)
[Kchain  4 [=========>                    ]  33% (36300/110000)
[Kchain  5 [=========>                    ]  33% (36300/110000)
[Kchain  6 [=========>                    ]  33% (36300/110000)
[Kchain  7 [=========>                    ]  33% (36300/110000)
[Kchain  8 [=========>                    ]  33% (36300/110000)
[Kchain  9 [=========>                    ]  33% (36300/110000)
[Kchain 10 [=========>                    ]  33% (36300/110000)
[Kchain 11 [=========>                    ]  33% (36300/110000)
[13A[KRunning N=2 | per-chain progress
[Kchain  0 [==========>                   ]  34% (37400/110000)
[Kchain  1 [=========>                    ]  33% (36300/110000)
[Kchain  2 [=========>                    ]  32% (35200/110000)
[Kchain  3 [=========>                    ]  33% (36300/110000)
[Kchain  4 [=========>                    ]  33% (36300/110000)
[Kchain  5 [=========>                    ]  33% (36300/110000)
[Kchain  6 [=========>                    ]  33% (36300/110000)
[Kchain  7 [=========>                    ]  33% (36300/110000)
[Kchain  8 [=========>                    ]  33% (36300/110000)
[Kchain  9 [=========>                    ]  33% (36300/110000)
[Kchain 10 [=========>                    ]  33% (36300/110000)
[Kchain 11 [=========>                    ]  33% (36300/110000)
[13A[KRunning N=2 | per-chain progress
[Kchain  0 [==========>                   ]  34% (37400/110000)
[Kchain  1 [==========>                   ]  34% (37400/110000)
[Kchain  2 [=========>                    ]  32% (35200/110000)
[Kchain  3 [=========>                    ]  33% (36300/110000)
[Kchain  4 [=========>                    ]  33% (36300/110000)
[Kchain  5 [=========>                    ]  33% (36300/110000)
[Kchain  6 [=========>                    ]  33% (36300/110000)
[Kchain  7 [=========>                    ]  33% (36300/110000)
[Kchain  8 [=========>                    ]  33% (36300/110000)
[Kchain  9 [=========>                    ]  33% (36300/110000)
[Kchain 10 [=========>                    ]  33% (36300/110000)
[Kchain 11 [=========>                    ]  33% (36300/110000)
[13A[KRunning N=2 | per-chain progress
[Kchain  0 [==========>                   ]  34% (37400/110000)
[Kchain  1 [==========>                   ]  34% (37400/110000)
[Kchain  2 [=========>                    ]  33% (36300/110000)
[Kchain  3 [=========>                    ]  33% (36300/110000)
[Kchain  4 [=========>                    ]  33% (36300/110000)
[Kchain  5 [=========>                    ]  33% (36300/110000)
[Kchain  6 [=========>                    ]  33% (36300/110000)
[Kchain  7 [=========>                    ]  33% (36300/110000)
[Kchain  8 [==========>                   ]  34% (37400/110000)
[Kchain  9 [=========>                    ]  33% (36300/110000)
[Kchain 10 [=========>                    ]  33% (36300/110000)
[Kchain 11 [=========>                    ]  33% (36300/110000)
[13A[KRunning N=2 | per-chain progress
[Kchain  0 [==========>                   ]  34% (37400/110000)
[Kchain  1 [==========>                   ]  34% (37400/110000)
[Kchain  2 [=========>                    ]  33% (36300/110000)
[Kchain  3 [=========>                    ]  33% (36300/110000)
[Kchain  4 [=========>                    ]  33% (36300/110000)
[Kchain  5 [=========>                    ]  33% (36300/110000)
[Kchain  6 [=========>                    ]  33% (36300/110000)
[Kchain  7 [=========>                    ]  33% (36300/110000)
[Kchain  8 [==========>                   ]  34% (37400/110000)
[Kchain  9 [=========>                    ]  33% (36300/110000)
[Kchain 10 [=========>                    ]  33% (36300/110000)
[Kchain 11 [=========>                    ]  33% (36300/110000)
[13A[KRunning N=2 | per-chain progress
[Kchain  0 [==========>                   ]  34% (37400/110000)
[Kchain  1 [==========>                   ]  34% (37400/110000)
[Kchain  2 [=========>                    ]  33% (36300/110000)
[Kchain  3 [==========>                   ]  34% (37400/110000)
[Kchain  4 [=========>                    ]  33% (36300/110000)
[Kchain  5 [=========>                    ]  33% (36300/110000)
[Kchain  6 [=========>                    ]  33% (36300/110000)
[Kchain  7 [=========>                    ]  33% (36300/110000)
[Kchain  8 [==========>                   ]  34% (37400/110000)
[Kchain  9 [=========>                    ]  33% (36300/110000)
[Kchain 10 [=========>                    ]  33% (36300/110000)
[Kchain 11 [=========>                    ]  33% (36300/110000)
[13A[KRunning N=2 | per-chain progress
[Kchain  0 [==========>                   ]  35% (38500/110000)
[Kchain  1 [==========>                   ]  34% (37400/110000)
[Kchain  2 [=========>                    ]  33% (36300/110000)
[Kchain  3 [==========>                   ]  34% (37400/110000)
[Kchain  4 [=========>                    ]  33% (36300/110000)
[Kchain  5 [=========>                    ]  33% (36300/110000)
[Kchain  6 [==========>                   ]  34% (37400/110000)
[Kchain  7 [=========>                    ]  33% (36300/110000)
[Kchain  8 [==========>                   ]  34% (37400/110000)
[Kchain  9 [=========>                    ]  33% (36300/110000)
[Kchain 10 [=========>                    ]  33% (36300/110000)
[Kchain 11 [=========>                    ]  33% (36300/110000)
[13A[KRunning N=2 | per-chain progress
[Kchain  0 [==========>                   ]  35% (38500/110000)
[Kchain  1 [==========>                   ]  34% (37400/110000)
[Kchain  2 [=========>                    ]  33% (36300/110000)
[Kchain  3 [==========>                   ]  34% (37400/110000)
[Kchain  4 [=========>                    ]  33% (36300/110000)
[Kchain  5 [=========>                    ]  33% (36300/110000)
[Kchain  6 [==========>                   ]  34% (37400/110000)
[Kchain  7 [==========>                   ]  34% (37400/110000)
[Kchain  8 [==========>                   ]  34% (37400/110000)
[Kchain  9 [=========>                    ]  33% (36300/110000)
[Kchain 10 [=========>                    ]  33% (36300/110000)
[Kchain 11 [=========>                    ]  33% (36300/110000)
[13A[KRunning N=2 | per-chain progress
[Kchain  0 [==========>                   ]  35% (38500/110000)
[Kchain  1 [==========>                   ]  34% (37400/110000)
[Kchain  2 [=========>                    ]  33% (36300/110000)
[Kchain  3 [==========>                   ]  34% (37400/110000)
[Kchain  4 [=========>                    ]  33% (36300/110000)
[Kchain  5 [=========>                    ]  33% (36300/110000)
[Kchain  6 [==========>                   ]  34% (37400/110000)
[Kchain  7 [==========>                   ]  34% (37400/110000)
[Kchain  8 [==========>                   ]  34% (37400/110000)
[Kchain  9 [==========>                   ]  34% (37400/110000)
[Kchain 10 [=========>                    ]  33% (36300/110000)
[Kchain 11 [=========>                    ]  33% (36300/110000)
[13A[KRunning N=2 | per-chain progress
[Kchain  0 [==========>                   ]  35% (38500/110000)
[Kchain  1 [==========>                   ]  34% (37400/110000)
[Kchain  2 [=========>                    ]  33% (36300/110000)
[Kchain  3 [==========>                   ]  34% (37400/110000)
[Kchain  4 [=========>                    ]  33% (36300/110000)
[Kchain  5 [=========>                    ]  33% (36300/110000)
[Kchain  6 [==========>                   ]  34% (37400/110000)
[Kchain  7 [==========>                   ]  34% (37400/110000)
[Kchain  8 [==========>                   ]  34% (37400/110000)
[Kchain  9 [==========>                   ]  34% (37400/110000)
[Kchain 10 [=========>                    ]  33% (36300/110000)
[Kchain 11 [==========>                   ]  34% (37400/110000)
[13A[KRunning N=2 | per-chain progress
[Kchain  0 [==========>                   ]  35% (38500/110000)
[Kchain  1 [==========>                   ]  34% (37400/110000)
[Kchain  2 [=========>                    ]  33% (36300/110000)
[Kchain  3 [==========>                   ]  34% (37400/110000)
[Kchain  4 [=========>                    ]  33% (36300/110000)
[Kchain  5 [=========>                    ]  33% (36300/110000)
[Kchain  6 [==========>                   ]  34% (37400/110000)
[Kchain  7 [==========>                   ]  34% (37400/110000)
[Kchain  8 [==========>                   ]  34% (37400/110000)
[Kchain  9 [==========>                   ]  34% (37400/110000)
[Kchain 10 [=========>                    ]  33% (36300/110000)
[Kchain 11 [==========>                   ]  34% (37400/110000)
[13A[KRunning N=2 | per-chain progress
[Kchain  0 [==========>                   ]  35% (38500/110000)
[Kchain  1 [==========>                   ]  34% (37400/110000)
[Kchain  2 [=========>                    ]  33% (36300/110000)
[Kchain  3 [==========>                   ]  34% (37400/110000)
[Kchain  4 [=========>                    ]  33% (36300/110000)
[Kchain  5 [==========>                   ]  34% (37400/110000)
[Kchain  6 [==========>                   ]  34% (37400/110000)
[Kchain  7 [==========>                   ]  34% (37400/110000)
[Kchain  8 [==========>                   ]  34% (37400/110000)
[Kchain  9 [==========>                   ]  34% (37400/110000)
[Kchain 10 [=========>                    ]  33% (36300/110000)
[Kchain 11 [==========>                   ]  34% (37400/110000)
[13A[KRunning N=2 | per-chain progress
[Kchain  0 [==========>                   ]  35% (38500/110000)
[Kchain  1 [==========>                   ]  34% (37400/110000)
[Kchain  2 [=========>                    ]  33% (36300/110000)
[Kchain  3 [==========>                   ]  34% (37400/110000)
[Kchain  4 [==========>                   ]  34% (37400/110000)
[Kchain  5 [==========>                   ]  34% (37400/110000)
[Kchain  6 [==========>                   ]  34% (37400/110000)
[Kchain  7 [==========>                   ]  34% (37400/110000)
[Kchain  8 [==========>                   ]  34% (37400/110000)
[Kchain  9 [==========>                   ]  34% (37400/110000)
[Kchain 10 [==========>                   ]  34% (37400/110000)
[Kchain 11 [==========>                   ]  34% (37400/110000)
[13A[KRunning N=2 | per-chain progress
[Kchain  0 [==========>                   ]  35% (38500/110000)
[Kchain  1 [==========>                   ]  34% (37400/110000)
[Kchain  2 [=========>                    ]  33% (36300/110000)
[Kchain  3 [==========>                   ]  34% (37400/110000)
[Kchain  4 [==========>                   ]  34% (37400/110000)
[Kchain  5 [==========>                   ]  34% (37400/110000)
[Kchain  6 [==========>                   ]  34% (37400/110000)
[Kchain  7 [==========>                   ]  34% (37400/110000)
[Kchain  8 [==========>                   ]  34% (37400/110000)
[Kchain  9 [==========>                   ]  34% (37400/110000)
[Kchain 10 [==========>                   ]  34% (37400/110000)
[Kchain 11 [==========>                   ]  34% (37400/110000)
[13A[KRunning N=2 | per-chain progress
[Kchain  0 [==========>                   ]  35% (38500/110000)
[Kchain  1 [==========>                   ]  35% (38500/110000)
[Kchain  2 [=========>                    ]  33% (36300/110000)
[Kchain  3 [==========>                   ]  34% (37400/110000)
[Kchain  4 [==========>                   ]  34% (37400/110000)
[Kchain  5 [==========>                   ]  34% (37400/110000)
[Kchain  6 [==========>                   ]  34% (37400/110000)
[Kchain  7 [==========>                   ]  34% (37400/110000)
[Kchain  8 [==========>                   ]  34% (37400/110000)
[Kchain  9 [==========>                   ]  34% (37400/110000)
[Kchain 10 [==========>                   ]  34% (37400/110000)
[Kchain 11 [==========>                   ]  34% (37400/110000)
[13A[KRunning N=2 | per-chain progress
[Kchain  0 [==========>                   ]  35% (38500/110000)
[Kchain  1 [==========>                   ]  35% (38500/110000)
[Kchain  2 [==========>                   ]  34% (37400/110000)
[Kchain  3 [==========>                   ]  34% (37400/110000)
[Kchain  4 [==========>                   ]  34% (37400/110000)
[Kchain  5 [==========>                   ]  34% (37400/110000)
[Kchain  6 [==========>                   ]  34% (37400/110000)
[Kchain  7 [==========>                   ]  34% (37400/110000)
[Kchain  8 [==========>                   ]  35% (38500/110000)
[Kchain  9 [==========>                   ]  34% (37400/110000)
[Kchain 10 [==========>                   ]  34% (37400/110000)
[Kchain 11 [==========>                   ]  34% (37400/110000)
[13A[KRunning N=2 | per-chain progress
[Kchain  0 [==========>                   ]  35% (38500/110000)
[Kchain  1 [==========>                   ]  35% (38500/110000)
[Kchain  2 [==========>                   ]  34% (37400/110000)
[Kchain  3 [==========>                   ]  34% (37400/110000)
[Kchain  4 [==========>                   ]  34% (37400/110000)
[Kchain  5 [==========>                   ]  34% (37400/110000)
[Kchain  6 [==========>                   ]  34% (37400/110000)
[Kchain  7 [==========>                   ]  34% (37400/110000)
[Kchain  8 [==========>                   ]  35% (38500/110000)
[Kchain  9 [==========>                   ]  34% (37400/110000)
[Kchain 10 [==========>                   ]  34% (37400/110000)
[Kchain 11 [==========>                   ]  34% (37400/110000)
[13A[KRunning N=2 | per-chain progress
[Kchain  0 [==========>                   ]  35% (38500/110000)
[Kchain  1 [==========>                   ]  35% (38500/110000)
[Kchain  2 [==========>                   ]  34% (37400/110000)
[Kchain  3 [==========>                   ]  35% (38500/110000)
[Kchain  4 [==========>                   ]  34% (37400/110000)
[Kchain  5 [==========>                   ]  34% (37400/110000)
[Kchain  6 [==========>                   ]  34% (37400/110000)
[Kchain  7 [==========>                   ]  34% (37400/110000)
[Kchain  8 [==========>                   ]  35% (38500/110000)
[Kchain  9 [==========>                   ]  34% (37400/110000)
[Kchain 10 [==========>                   ]  34% (37400/110000)
[Kchain 11 [==========>                   ]  34% (37400/110000)
[13A[KRunning N=2 | per-chain progress
[Kchain  0 [==========>                   ]  36% (39600/110000)
[Kchain  1 [==========>                   ]  35% (38500/110000)
[Kchain  2 [==========>                   ]  34% (37400/110000)
[Kchain  3 [==========>                   ]  35% (38500/110000)
[Kchain  4 [==========>                   ]  34% (37400/110000)
[Kchain  5 [==========>                   ]  34% (37400/110000)
[Kchain  6 [==========>                   ]  34% (37400/110000)
[Kchain  7 [==========>                   ]  34% (37400/110000)
[Kchain  8 [==========>                   ]  35% (38500/110000)
[Kchain  9 [==========>                   ]  34% (37400/110000)
[Kchain 10 [==========>                   ]  34% (37400/110000)
[Kchain 11 [==========>                   ]  34% (37400/110000)
[13A[KRunning N=2 | per-chain progress
[Kchain  0 [==========>                   ]  36% (39600/110000)
[Kchain  1 [==========>                   ]  35% (38500/110000)
[Kchain  2 [==========>                   ]  34% (37400/110000)
[Kchain  3 [==========>                   ]  35% (38500/110000)
[Kchain  4 [==========>                   ]  34% (37400/110000)
[Kchain  5 [==========>                   ]  34% (37400/110000)
[Kchain  6 [==========>                   ]  35% (38500/110000)
[Kchain  7 [==========>                   ]  35% (38500/110000)
[Kchain  8 [==========>                   ]  35% (38500/110000)
[Kchain  9 [==========>                   ]  34% (37400/110000)
[Kchain 10 [==========>                   ]  34% (37400/110000)
[Kchain 11 [==========>                   ]  34% (37400/110000)
[13A[KRunning N=2 | per-chain progress
[Kchain  0 [==========>                   ]  36% (39600/110000)
[Kchain  1 [==========>                   ]  35% (38500/110000)
[Kchain  2 [==========>                   ]  34% (37400/110000)
[Kchain  3 [==========>                   ]  35% (38500/110000)
[Kchain  4 [==========>                   ]  34% (37400/110000)
[Kchain  5 [==========>                   ]  34% (37400/110000)
[Kchain  6 [==========>                   ]  35% (38500/110000)
[Kchain  7 [==========>                   ]  35% (38500/110000)
[Kchain  8 [==========>                   ]  35% (38500/110000)
[Kchain  9 [==========>                   ]  35% (38500/110000)
[Kchain 10 [==========>                   ]  34% (37400/110000)
[Kchain 11 [==========>                   ]  34% (37400/110000)
[13A[KRunning N=2 | per-chain progress
[Kchain  0 [==========>                   ]  36% (39600/110000)
[Kchain  1 [==========>                   ]  35% (38500/110000)
[Kchain  2 [==========>                   ]  34% (37400/110000)
[Kchain  3 [==========>                   ]  35% (38500/110000)
[Kchain  4 [==========>                   ]  34% (37400/110000)
[Kchain  5 [==========>                   ]  34% (37400/110000)
[Kchain  6 [==========>                   ]  35% (38500/110000)
[Kchain  7 [==========>                   ]  35% (38500/110000)
[Kchain  8 [==========>                   ]  35% (38500/110000)
[Kchain  9 [==========>                   ]  35% (38500/110000)
[Kchain 10 [==========>                   ]  34% (37400/110000)
[Kchain 11 [==========>                   ]  35% (38500/110000)
[13A[KRunning N=2 | per-chain progress
[Kchain  0 [==========>                   ]  36% (39600/110000)
[Kchain  1 [==========>                   ]  35% (38500/110000)
[Kchain  2 [==========>                   ]  34% (37400/110000)
[Kchain  3 [==========>                   ]  35% (38500/110000)
[Kchain  4 [==========>                   ]  34% (37400/110000)
[Kchain  5 [==========>                   ]  34% (37400/110000)
[Kchain  6 [==========>                   ]  35% (38500/110000)
[Kchain  7 [==========>                   ]  35% (38500/110000)
[Kchain  8 [==========>                   ]  35% (38500/110000)
[Kchain  9 [==========>                   ]  35% (38500/110000)
[Kchain 10 [==========>                   ]  34% (37400/110000)
[Kchain 11 [==========>                   ]  35% (38500/110000)
[13A[KRunning N=2 | per-chain progress
[Kchain  0 [==========>                   ]  36% (39600/110000)
[Kchain  1 [==========>                   ]  35% (38500/110000)
[Kchain  2 [==========>                   ]  34% (37400/110000)
[Kchain  3 [==========>                   ]  35% (38500/110000)
[Kchain  4 [==========>                   ]  34% (37400/110000)
[Kchain  5 [==========>                   ]  35% (38500/110000)
[Kchain  6 [==========>                   ]  35% (38500/110000)
[Kchain  7 [==========>                   ]  35% (38500/110000)
[Kchain  8 [==========>                   ]  35% (38500/110000)
[Kchain  9 [==========>                   ]  35% (38500/110000)
[Kchain 10 [==========>                   ]  34% (37400/110000)
[Kchain 11 [==========>                   ]  35% (38500/110000)
[13A[KRunning N=2 | per-chain progress
[Kchain  0 [==========>                   ]  36% (39600/110000)
[Kchain  1 [==========>                   ]  35% (38500/110000)
[Kchain  2 [==========>                   ]  34% (37400/110000)
[Kchain  3 [==========>                   ]  35% (38500/110000)
[Kchain  4 [==========>                   ]  35% (38500/110000)
[Kchain  5 [==========>                   ]  35% (38500/110000)
[Kchain  6 [==========>                   ]  35% (38500/110000)
[Kchain  7 [==========>                   ]  35% (38500/110000)
[Kchain  8 [==========>                   ]  35% (38500/110000)
[Kchain  9 [==========>                   ]  35% (38500/110000)
[Kchain 10 [==========>                   ]  35% (38500/110000)
[Kchain 11 [==========>                   ]  35% (38500/110000)
[13A[KRunning N=2 | per-chain progress
[Kchain  0 [==========>                   ]  36% (39600/110000)
[Kchain  1 [==========>                   ]  35% (38500/110000)
[Kchain  2 [==========>                   ]  34% (37400/110000)
[Kchain  3 [==========>                   ]  35% (38500/110000)
[Kchain  4 [==========>                   ]  35% (38500/110000)
[Kchain  5 [==========>                   ]  35% (38500/110000)
[Kchain  6 [==========>                   ]  35% (38500/110000)
[Kchain  7 [==========>                   ]  35% (38500/110000)
[Kchain  8 [==========>                   ]  35% (38500/110000)
[Kchain  9 [==========>                   ]  35% (38500/110000)
[Kchain 10 [==========>                   ]  35% (38500/110000)
[Kchain 11 [==========>                   ]  35% (38500/110000)
[13A[KRunning N=2 | per-chain progress
[Kchain  0 [==========>                   ]  36% (39600/110000)
[Kchain  1 [==========>                   ]  36% (39600/110000)
[Kchain  2 [==========>                   ]  34% (37400/110000)
[Kchain  3 [==========>                   ]  35% (38500/110000)
[Kchain  4 [==========>                   ]  35% (38500/110000)
[Kchain  5 [==========>                   ]  35% (38500/110000)
[Kchain  6 [==========>                   ]  35% (38500/110000)
[Kchain  7 [==========>                   ]  35% (38500/110000)
[Kchain  8 [==========>                   ]  35% (38500/110000)
[Kchain  9 [==========>                   ]  35% (38500/110000)
[Kchain 10 [==========>                   ]  35% (38500/110000)
[Kchain 11 [==========>                   ]  35% (38500/110000)
[13A[KRunning N=2 | per-chain progress
[Kchain  0 [==========>                   ]  36% (39600/110000)
[Kchain  1 [==========>                   ]  36% (39600/110000)
[Kchain  2 [==========>                   ]  35% (38500/110000)
[Kchain  3 [==========>                   ]  35% (38500/110000)
[Kchain  4 [==========>                   ]  35% (38500/110000)
[Kchain  5 [==========>                   ]  35% (38500/110000)
[Kchain  6 [==========>                   ]  35% (38500/110000)
[Kchain  7 [==========>                   ]  35% (38500/110000)
[Kchain  8 [==========>                   ]  36% (39600/110000)
[Kchain  9 [==========>                   ]  35% (38500/110000)
[Kchain 10 [==========>                   ]  35% (38500/110000)
[Kchain 11 [==========>                   ]  35% (38500/110000)
[13A[KRunning N=2 | per-chain progress
[Kchain  0 [==========>                   ]  36% (39600/110000)
[Kchain  1 [==========>                   ]  36% (39600/110000)
[Kchain  2 [==========>                   ]  35% (38500/110000)
[Kchain  3 [==========>                   ]  35% (38500/110000)
[Kchain  4 [==========>                   ]  35% (38500/110000)
[Kchain  5 [==========>                   ]  35% (38500/110000)
[Kchain  6 [==========>                   ]  35% (38500/110000)
[Kchain  7 [==========>                   ]  35% (38500/110000)
[Kchain  8 [==========>                   ]  36% (39600/110000)
[Kchain  9 [==========>                   ]  35% (38500/110000)
[Kchain 10 [==========>                   ]  35% (38500/110000)
[Kchain 11 [==========>                   ]  35% (38500/110000)
[13A[KRunning N=2 | per-chain progress
[Kchain  0 [==========>                   ]  36% (39600/110000)
[Kchain  1 [==========>                   ]  36% (39600/110000)
[Kchain  2 [==========>                   ]  35% (38500/110000)
[Kchain  3 [==========>                   ]  36% (39600/110000)
[Kchain  4 [==========>                   ]  35% (38500/110000)
[Kchain  5 [==========>                   ]  35% (38500/110000)
[Kchain  6 [==========>                   ]  35% (38500/110000)
[Kchain  7 [==========>                   ]  35% (38500/110000)
[Kchain  8 [==========>                   ]  36% (39600/110000)
[Kchain  9 [==========>                   ]  35% (38500/110000)
[Kchain 10 [==========>                   ]  35% (38500/110000)
[Kchain 11 [==========>                   ]  35% (38500/110000)
[13A[KRunning N=2 | per-chain progress
[Kchain  0 [===========>                  ]  37% (40700/110000)
[Kchain  1 [==========>                   ]  36% (39600/110000)
[Kchain  2 [==========>                   ]  35% (38500/110000)
[Kchain  3 [==========>                   ]  36% (39600/110000)
[Kchain  4 [==========>                   ]  35% (38500/110000)
[Kchain  5 [==========>                   ]  35% (38500/110000)
[Kchain  6 [==========>                   ]  36% (39600/110000)
[Kchain  7 [==========>                   ]  35% (38500/110000)
[Kchain  8 [==========>                   ]  36% (39600/110000)
[Kchain  9 [==========>                   ]  35% (38500/110000)
[Kchain 10 [==========>                   ]  35% (38500/110000)
[Kchain 11 [==========>                   ]  35% (38500/110000)
[13A[KRunning N=2 | per-chain progress
[Kchain  0 [===========>                  ]  37% (40700/110000)
[Kchain  1 [==========>                   ]  36% (39600/110000)
[Kchain  2 [==========>                   ]  35% (38500/110000)
[Kchain  3 [==========>                   ]  36% (39600/110000)
[Kchain  4 [==========>                   ]  35% (38500/110000)
[Kchain  5 [==========>                   ]  35% (38500/110000)
[Kchain  6 [==========>                   ]  36% (39600/110000)
[Kchain  7 [==========>                   ]  36% (39600/110000)
[Kchain  8 [==========>                   ]  36% (39600/110000)
[Kchain  9 [==========>                   ]  35% (38500/110000)
[Kchain 10 [==========>                   ]  35% (38500/110000)
[Kchain 11 [==========>                   ]  35% (38500/110000)
[13A[KRunning N=2 | per-chain progress
[Kchain  0 [===========>                  ]  37% (40700/110000)
[Kchain  1 [==========>                   ]  36% (39600/110000)
[Kchain  2 [==========>                   ]  35% (38500/110000)
[Kchain  3 [==========>                   ]  36% (39600/110000)
[Kchain  4 [==========>                   ]  35% (38500/110000)
[Kchain  5 [==========>                   ]  35% (38500/110000)
[Kchain  6 [==========>                   ]  36% (39600/110000)
[Kchain  7 [==========>                   ]  36% (39600/110000)
[Kchain  8 [==========>                   ]  36% (39600/110000)
[Kchain  9 [==========>                   ]  36% (39600/110000)
[Kchain 10 [==========>                   ]  35% (38500/110000)
[Kchain 11 [==========>                   ]  35% (38500/110000)
[13A[KRunning N=2 | per-chain progress
[Kchain  0 [===========>                  ]  37% (40700/110000)
[Kchain  1 [==========>                   ]  36% (39600/110000)
[Kchain  2 [==========>                   ]  35% (38500/110000)
[Kchain  3 [==========>                   ]  36% (39600/110000)
[Kchain  4 [==========>                   ]  35% (38500/110000)
[Kchain  5 [==========>                   ]  35% (38500/110000)
[Kchain  6 [==========>                   ]  36% (39600/110000)
[Kchain  7 [==========>                   ]  36% (39600/110000)
[Kchain  8 [==========>                   ]  36% (39600/110000)
[Kchain  9 [==========>                   ]  36% (39600/110000)
[Kchain 10 [==========>                   ]  35% (38500/110000)
[Kchain 11 [==========>                   ]  36% (39600/110000)
[13A[KRunning N=2 | per-chain progress
[Kchain  0 [===========>                  ]  37% (40700/110000)
[Kchain  1 [==========>                   ]  36% (39600/110000)
[Kchain  2 [==========>                   ]  35% (38500/110000)
[Kchain  3 [==========>                   ]  36% (39600/110000)
[Kchain  4 [==========>                   ]  35% (38500/110000)
[Kchain  5 [==========>                   ]  35% (38500/110000)
[Kchain  6 [==========>                   ]  36% (39600/110000)
[Kchain  7 [==========>                   ]  36% (39600/110000)
[Kchain  8 [==========>                   ]  36% (39600/110000)
[Kchain  9 [==========>                   ]  36% (39600/110000)
[Kchain 10 [==========>                   ]  35% (38500/110000)
[Kchain 11 [==========>                   ]  36% (39600/110000)
[13A[KRunning N=2 | per-chain progress
[Kchain  0 [===========>                  ]  37% (40700/110000)
[Kchain  1 [==========>                   ]  36% (39600/110000)
[Kchain  2 [==========>                   ]  35% (38500/110000)
[Kchain  3 [==========>                   ]  36% (39600/110000)
[Kchain  4 [==========>                   ]  35% (38500/110000)
[Kchain  5 [==========>                   ]  36% (39600/110000)
[Kchain  6 [==========>                   ]  36% (39600/110000)
[Kchain  7 [==========>                   ]  36% (39600/110000)
[Kchain  8 [==========>                   ]  36% (39600/110000)
[Kchain  9 [==========>                   ]  36% (39600/110000)
[Kchain 10 [==========>                   ]  35% (38500/110000)
[Kchain 11 [==========>                   ]  36% (39600/110000)
[13A[KRunning N=2 | per-chain progress
[Kchain  0 [===========>                  ]  37% (40700/110000)
[Kchain  1 [==========>                   ]  36% (39600/110000)
[Kchain  2 [==========>                   ]  35% (38500/110000)
[Kchain  3 [==========>                   ]  36% (39600/110000)
[Kchain  4 [==========>                   ]  36% (39600/110000)
[Kchain  5 [==========>                   ]  36% (39600/110000)
[Kchain  6 [==========>                   ]  36% (39600/110000)
[Kchain  7 [==========>                   ]  36% (39600/110000)
[Kchain  8 [==========>                   ]  36% (39600/110000)
[Kchain  9 [==========>                   ]  36% (39600/110000)
[Kchain 10 [==========>                   ]  36% (39600/110000)
[Kchain 11 [==========>                   ]  36% (39600/110000)
[13A[KRunning N=2 | per-chain progress
[Kchain  0 [===========>                  ]  37% (40700/110000)
[Kchain  1 [==========>                   ]  36% (39600/110000)
[Kchain  2 [==========>                   ]  35% (38500/110000)
[Kchain  3 [==========>                   ]  36% (39600/110000)
[Kchain  4 [==========>                   ]  36% (39600/110000)
[Kchain  5 [==========>                   ]  36% (39600/110000)
[Kchain  6 [==========>                   ]  36% (39600/110000)
[Kchain  7 [==========>                   ]  36% (39600/110000)
[Kchain  8 [==========>                   ]  36% (39600/110000)
[Kchain  9 [==========>                   ]  36% (39600/110000)
[Kchain 10 [==========>                   ]  36% (39600/110000)
[Kchain 11 [==========>                   ]  36% (39600/110000)
[13A[KRunning N=2 | per-chain progress
[Kchain  0 [===========>                  ]  37% (40700/110000)
[Kchain  1 [===========>                  ]  37% (40700/110000)
[Kchain  2 [==========>                   ]  35% (38500/110000)
[Kchain  3 [==========>                   ]  36% (39600/110000)
[Kchain  4 [==========>                   ]  36% (39600/110000)
[Kchain  5 [==========>                   ]  36% (39600/110000)
[Kchain  6 [==========>                   ]  36% (39600/110000)
[Kchain  7 [==========>                   ]  36% (39600/110000)
[Kchain  8 [==========>                   ]  36% (39600/110000)
[Kchain  9 [==========>                   ]  36% (39600/110000)
[Kchain 10 [==========>                   ]  36% (39600/110000)
[Kchain 11 [==========>                   ]  36% (39600/110000)
[13A[KRunning N=2 | per-chain progress
[Kchain  0 [===========>                  ]  37% (40700/110000)
[Kchain  1 [===========>                  ]  37% (40700/110000)
[Kchain  2 [==========>                   ]  36% (39600/110000)
[Kchain  3 [==========>                   ]  36% (39600/110000)
[Kchain  4 [==========>                   ]  36% (39600/110000)
[Kchain  5 [==========>                   ]  36% (39600/110000)
[Kchain  6 [==========>                   ]  36% (39600/110000)
[Kchain  7 [==========>                   ]  36% (39600/110000)
[Kchain  8 [===========>                  ]  37% (40700/110000)
[Kchain  9 [==========>                   ]  36% (39600/110000)
[Kchain 10 [==========>                   ]  36% (39600/110000)
[Kchain 11 [==========>                   ]  36% (39600/110000)
[13A[KRunning N=2 | per-chain progress
[Kchain  0 [===========>                  ]  37% (40700/110000)
[Kchain  1 [===========>                  ]  37% (40700/110000)
[Kchain  2 [==========>                   ]  36% (39600/110000)
[Kchain  3 [==========>                   ]  36% (39600/110000)
[Kchain  4 [==========>                   ]  36% (39600/110000)
[Kchain  5 [==========>                   ]  36% (39600/110000)
[Kchain  6 [==========>                   ]  36% (39600/110000)
[Kchain  7 [==========>                   ]  36% (39600/110000)
[Kchain  8 [===========>                  ]  37% (40700/110000)
[Kchain  9 [==========>                   ]  36% (39600/110000)
[Kchain 10 [==========>                   ]  36% (39600/110000)
[Kchain 11 [==========>                   ]  36% (39600/110000)
[13A[KRunning N=2 | per-chain progress
[Kchain  0 [===========>                  ]  37% (40700/110000)
[Kchain  1 [===========>                  ]  37% (40700/110000)
[Kchain  2 [==========>                   ]  36% (39600/110000)
[Kchain  3 [===========>                  ]  37% (40700/110000)
[Kchain  4 [==========>                   ]  36% (39600/110000)
[Kchain  5 [==========>                   ]  36% (39600/110000)
[Kchain  6 [==========>                   ]  36% (39600/110000)
[Kchain  7 [==========>                   ]  36% (39600/110000)
[Kchain  8 [===========>                  ]  37% (40700/110000)
[Kchain  9 [==========>                   ]  36% (39600/110000)
[Kchain 10 [==========>                   ]  36% (39600/110000)
[Kchain 11 [==========>                   ]  36% (39600/110000)
[13A[KRunning N=2 | per-chain progress
[Kchain  0 [===========>                  ]  38% (41800/110000)
[Kchain  1 [===========>                  ]  37% (40700/110000)
[Kchain  2 [==========>                   ]  36% (39600/110000)
[Kchain  3 [===========>                  ]  37% (40700/110000)
[Kchain  4 [==========>                   ]  36% (39600/110000)
[Kchain  5 [==========>                   ]  36% (39600/110000)
[Kchain  6 [==========>                   ]  36% (39600/110000)
[Kchain  7 [==========>                   ]  36% (39600/110000)
[Kchain  8 [===========>                  ]  37% (40700/110000)
[Kchain  9 [==========>                   ]  36% (39600/110000)
[Kchain 10 [==========>                   ]  36% (39600/110000)
[Kchain 11 [==========>                   ]  36% (39600/110000)
[13A[KRunning N=2 | per-chain progress
[Kchain  0 [===========>                  ]  38% (41800/110000)
[Kchain  1 [===========>                  ]  37% (40700/110000)
[Kchain  2 [==========>                   ]  36% (39600/110000)
[Kchain  3 [===========>                  ]  37% (40700/110000)
[Kchain  4 [==========>                   ]  36% (39600/110000)
[Kchain  5 [==========>                   ]  36% (39600/110000)
[Kchain  6 [===========>                  ]  37% (40700/110000)
[Kchain  7 [===========>                  ]  37% (40700/110000)
[Kchain  8 [===========>                  ]  37% (40700/110000)
[Kchain  9 [==========>                   ]  36% (39600/110000)
[Kchain 10 [==========>                   ]  36% (39600/110000)
[Kchain 11 [==========>                   ]  36% (39600/110000)
[13A[KRunning N=2 | per-chain progress
[Kchain  0 [===========>                  ]  38% (41800/110000)
[Kchain  1 [===========>                  ]  37% (40700/110000)
[Kchain  2 [==========>                   ]  36% (39600/110000)
[Kchain  3 [===========>                  ]  37% (40700/110000)
[Kchain  4 [==========>                   ]  36% (39600/110000)
[Kchain  5 [==========>                   ]  36% (39600/110000)
[Kchain  6 [===========>                  ]  37% (40700/110000)
[Kchain  7 [===========>                  ]  37% (40700/110000)
[Kchain  8 [===========>                  ]  37% (40700/110000)
[Kchain  9 [===========>                  ]  37% (40700/110000)
[Kchain 10 [==========>                   ]  36% (39600/110000)
[Kchain 11 [==========>                   ]  36% (39600/110000)
[13A[KRunning N=2 | per-chain progress
[Kchain  0 [===========>                  ]  38% (41800/110000)
[Kchain  1 [===========>                  ]  37% (40700/110000)
[Kchain  2 [==========>                   ]  36% (39600/110000)
[Kchain  3 [===========>                  ]  37% (40700/110000)
[Kchain  4 [==========>                   ]  36% (39600/110000)
[Kchain  5 [==========>                   ]  36% (39600/110000)
[Kchain  6 [===========>                  ]  37% (40700/110000)
[Kchain  7 [===========>                  ]  37% (40700/110000)
[Kchain  8 [===========>                  ]  37% (40700/110000)
[Kchain  9 [===========>                  ]  37% (40700/110000)
[Kchain 10 [==========>                   ]  36% (39600/110000)
[Kchain 11 [===========>                  ]  37% (40700/110000)
[13A[KRunning N=2 | per-chain progress
[Kchain  0 [===========>                  ]  38% (41800/110000)
[Kchain  1 [===========>                  ]  37% (40700/110000)
[Kchain  2 [==========>                   ]  36% (39600/110000)
[Kchain  3 [===========>                  ]  37% (40700/110000)
[Kchain  4 [==========>                   ]  36% (39600/110000)
[Kchain  5 [==========>                   ]  36% (39600/110000)
[Kchain  6 [===========>                  ]  37% (40700/110000)
[Kchain  7 [===========>                  ]  37% (40700/110000)
[Kchain  8 [===========>                  ]  37% (40700/110000)
[Kchain  9 [===========>                  ]  37% (40700/110000)
[Kchain 10 [==========>                   ]  36% (39600/110000)
[Kchain 11 [===========>                  ]  37% (40700/110000)
[13A[KRunning N=2 | per-chain progress
[Kchain  0 [===========>                  ]  38% (41800/110000)
[Kchain  1 [===========>                  ]  37% (40700/110000)
[Kchain  2 [==========>                   ]  36% (39600/110000)
[Kchain  3 [===========>                  ]  37% (40700/110000)
[Kchain  4 [==========>                   ]  36% (39600/110000)
[Kchain  5 [===========>                  ]  37% (40700/110000)
[Kchain  6 [===========>                  ]  37% (40700/110000)
[Kchain  7 [===========>                  ]  37% (40700/110000)
[Kchain  8 [===========>                  ]  37% (40700/110000)
[Kchain  9 [===========>                  ]  37% (40700/110000)
[Kchain 10 [==========>                   ]  36% (39600/110000)
[Kchain 11 [===========>                  ]  37% (40700/110000)
[13A[KRunning N=2 | per-chain progress
[Kchain  0 [===========>                  ]  38% (41800/110000)
[Kchain  1 [===========>                  ]  37% (40700/110000)
[Kchain  2 [==========>                   ]  36% (39600/110000)
[Kchain  3 [===========>                  ]  37% (40700/110000)
[Kchain  4 [===========>                  ]  37% (40700/110000)
[Kchain  5 [===========>                  ]  37% (40700/110000)
[Kchain  6 [===========>                  ]  37% (40700/110000)
[Kchain  7 [===========>                  ]  37% (40700/110000)
[Kchain  8 [===========>                  ]  37% (40700/110000)
[Kchain  9 [===========>                  ]  37% (40700/110000)
[Kchain 10 [===========>                  ]  37% (40700/110000)
[Kchain 11 [===========>                  ]  37% (40700/110000)
[13A[KRunning N=2 | per-chain progress
[Kchain  0 [===========>                  ]  38% (41800/110000)
[Kchain  1 [===========>                  ]  37% (40700/110000)
[Kchain  2 [==========>                   ]  36% (39600/110000)
[Kchain  3 [===========>                  ]  37% (40700/110000)
[Kchain  4 [===========>                  ]  37% (40700/110000)
[Kchain  5 [===========>                  ]  37% (40700/110000)
[Kchain  6 [===========>                  ]  37% (40700/110000)
[Kchain  7 [===========>                  ]  37% (40700/110000)
[Kchain  8 [===========>                  ]  37% (40700/110000)
[Kchain  9 [===========>                  ]  37% (40700/110000)
[Kchain 10 [===========>                  ]  37% (40700/110000)
[Kchain 11 [===========>                  ]  37% (40700/110000)
[13A[KRunning N=2 | per-chain progress
[Kchain  0 [===========>                  ]  38% (41800/110000)
[Kchain  1 [===========>                  ]  38% (41800/110000)
[Kchain  2 [==========>                   ]  36% (39600/110000)
[Kchain  3 [===========>                  ]  37% (40700/110000)
[Kchain  4 [===========>                  ]  37% (40700/110000)
[Kchain  5 [===========>                  ]  37% (40700/110000)
[Kchain  6 [===========>                  ]  37% (40700/110000)
[Kchain  7 [===========>                  ]  37% (40700/110000)
[Kchain  8 [===========>                  ]  37% (40700/110000)
[Kchain  9 [===========>                  ]  37% (40700/110000)
[Kchain 10 [===========>                  ]  37% (40700/110000)
[Kchain 11 [===========>                  ]  37% (40700/110000)
[13A[KRunning N=2 | per-chain progress
[Kchain  0 [===========>                  ]  38% (41800/110000)
[Kchain  1 [===========>                  ]  38% (41800/110000)
[Kchain  2 [===========>                  ]  37% (40700/110000)
[Kchain  3 [===========>                  ]  37% (40700/110000)
[Kchain  4 [===========>                  ]  37% (40700/110000)
[Kchain  5 [===========>                  ]  37% (40700/110000)
[Kchain  6 [===========>                  ]  37% (40700/110000)
[Kchain  7 [===========>                  ]  37% (40700/110000)
[Kchain  8 [===========>                  ]  38% (41800/110000)
[Kchain  9 [===========>                  ]  37% (40700/110000)
[Kchain 10 [===========>                  ]  37% (40700/110000)
[Kchain 11 [===========>                  ]  37% (40700/110000)
[13A[KRunning N=2 | per-chain progress
[Kchain  0 [===========>                  ]  38% (41800/110000)
[Kchain  1 [===========>                  ]  38% (41800/110000)
[Kchain  2 [===========>                  ]  37% (40700/110000)
[Kchain  3 [===========>                  ]  37% (40700/110000)
[Kchain  4 [===========>                  ]  37% (40700/110000)
[Kchain  5 [===========>                  ]  37% (40700/110000)
[Kchain  6 [===========>                  ]  37% (40700/110000)
[Kchain  7 [===========>                  ]  37% (40700/110000)
[Kchain  8 [===========>                  ]  38% (41800/110000)
[Kchain  9 [===========>                  ]  37% (40700/110000)
[Kchain 10 [===========>                  ]  37% (40700/110000)
[Kchain 11 [===========>                  ]  37% (40700/110000)
[13A[KRunning N=2 | per-chain progress
[Kchain  0 [===========>                  ]  38% (41800/110000)
[Kchain  1 [===========>                  ]  38% (41800/110000)
[Kchain  2 [===========>                  ]  37% (40700/110000)
[Kchain  3 [===========>                  ]  38% (41800/110000)
[Kchain  4 [===========>                  ]  37% (40700/110000)
[Kchain  5 [===========>                  ]  37% (40700/110000)
[Kchain  6 [===========>                  ]  37% (40700/110000)
[Kchain  7 [===========>                  ]  37% (40700/110000)
[Kchain  8 [===========>                  ]  38% (41800/110000)
[Kchain  9 [===========>                  ]  37% (40700/110000)
[Kchain 10 [===========>                  ]  37% (40700/110000)
[Kchain 11 [===========>                  ]  37% (40700/110000)
[13A[KRunning N=2 | per-chain progress
[Kchain  0 [===========>                  ]  39% (42900/110000)
[Kchain  1 [===========>                  ]  38% (41800/110000)
[Kchain  2 [===========>                  ]  37% (40700/110000)
[Kchain  3 [===========>                  ]  38% (41800/110000)
[Kchain  4 [===========>                  ]  37% (40700/110000)
[Kchain  5 [===========>                  ]  37% (40700/110000)
[Kchain  6 [===========>                  ]  38% (41800/110000)
[Kchain  7 [===========>                  ]  37% (40700/110000)
[Kchain  8 [===========>                  ]  38% (41800/110000)
[Kchain  9 [===========>                  ]  37% (40700/110000)
[Kchain 10 [===========>                  ]  37% (40700/110000)
[Kchain 11 [===========>                  ]  37% (40700/110000)
[13A[KRunning N=2 | per-chain progress
[Kchain  0 [===========>                  ]  39% (42900/110000)
[Kchain  1 [===========>                  ]  38% (41800/110000)
[Kchain  2 [===========>                  ]  37% (40700/110000)
[Kchain  3 [===========>                  ]  38% (41800/110000)
[Kchain  4 [===========>                  ]  37% (40700/110000)
[Kchain  5 [===========>                  ]  37% (40700/110000)
[Kchain  6 [===========>                  ]  38% (41800/110000)
[Kchain  7 [===========>                  ]  38% (41800/110000)
[Kchain  8 [===========>                  ]  38% (41800/110000)
[Kchain  9 [===========>                  ]  37% (40700/110000)
[Kchain 10 [===========>                  ]  37% (40700/110000)
[Kchain 11 [===========>                  ]  37% (40700/110000)
[13A[KRunning N=2 | per-chain progress
[Kchain  0 [===========>                  ]  39% (42900/110000)
[Kchain  1 [===========>                  ]  38% (41800/110000)
[Kchain  2 [===========>                  ]  37% (40700/110000)
[Kchain  3 [===========>                  ]  38% (41800/110000)
[Kchain  4 [===========>                  ]  37% (40700/110000)
[Kchain  5 [===========>                  ]  37% (40700/110000)
[Kchain  6 [===========>                  ]  38% (41800/110000)
[Kchain  7 [===========>                  ]  38% (41800/110000)
[Kchain  8 [===========>                  ]  38% (41800/110000)
[Kchain  9 [===========>                  ]  38% (41800/110000)
[Kchain 10 [===========>                  ]  37% (40700/110000)
[Kchain 11 [===========>                  ]  37% (40700/110000)
[13A[KRunning N=2 | per-chain progress
[Kchain  0 [===========>                  ]  39% (42900/110000)
[Kchain  1 [===========>                  ]  38% (41800/110000)
[Kchain  2 [===========>                  ]  37% (40700/110000)
[Kchain  3 [===========>                  ]  38% (41800/110000)
[Kchain  4 [===========>                  ]  37% (40700/110000)
[Kchain  5 [===========>                  ]  37% (40700/110000)
[Kchain  6 [===========>                  ]  38% (41800/110000)
[Kchain  7 [===========>                  ]  38% (41800/110000)
[Kchain  8 [===========>                  ]  38% (41800/110000)
[Kchain  9 [===========>                  ]  38% (41800/110000)
[Kchain 10 [===========>                  ]  37% (40700/110000)
[Kchain 11 [===========>                  ]  38% (41800/110000)
[13A[KRunning N=2 | per-chain progress
[Kchain  0 [===========>                  ]  39% (42900/110000)
[Kchain  1 [===========>                  ]  38% (41800/110000)
[Kchain  2 [===========>                  ]  37% (40700/110000)
[Kchain  3 [===========>                  ]  38% (41800/110000)
[Kchain  4 [===========>                  ]  37% (40700/110000)
[Kchain  5 [===========>                  ]  37% (40700/110000)
[Kchain  6 [===========>                  ]  38% (41800/110000)
[Kchain  7 [===========>                  ]  38% (41800/110000)
[Kchain  8 [===========>                  ]  38% (41800/110000)
[Kchain  9 [===========>                  ]  38% (41800/110000)
[Kchain 10 [===========>                  ]  37% (40700/110000)
[Kchain 11 [===========>                  ]  38% (41800/110000)
[13A[KRunning N=2 | per-chain progress
[Kchain  0 [===========>                  ]  39% (42900/110000)
[Kchain  1 [===========>                  ]  38% (41800/110000)
[Kchain  2 [===========>                  ]  37% (40700/110000)
[Kchain  3 [===========>                  ]  38% (41800/110000)
[Kchain  4 [===========>                  ]  37% (40700/110000)
[Kchain  5 [===========>                  ]  38% (41800/110000)
[Kchain  6 [===========>                  ]  38% (41800/110000)
[Kchain  7 [===========>                  ]  38% (41800/110000)
[Kchain  8 [===========>                  ]  38% (41800/110000)
[Kchain  9 [===========>                  ]  38% (41800/110000)
[Kchain 10 [===========>                  ]  37% (40700/110000)
[Kchain 11 [===========>                  ]  38% (41800/110000)
[13A[KRunning N=2 | per-chain progress
[Kchain  0 [===========>                  ]  39% (42900/110000)
[Kchain  1 [===========>                  ]  38% (41800/110000)
[Kchain  2 [===========>                  ]  37% (40700/110000)
[Kchain  3 [===========>                  ]  38% (41800/110000)
[Kchain  4 [===========>                  ]  38% (41800/110000)
[Kchain  5 [===========>                  ]  38% (41800/110000)
[Kchain  6 [===========>                  ]  38% (41800/110000)
[Kchain  7 [===========>                  ]  38% (41800/110000)
[Kchain  8 [===========>                  ]  38% (41800/110000)
[Kchain  9 [===========>                  ]  38% (41800/110000)
[Kchain 10 [===========>                  ]  38% (41800/110000)
[Kchain 11 [===========>                  ]  38% (41800/110000)
[13A[KRunning N=2 | per-chain progress
[Kchain  0 [===========>                  ]  39% (42900/110000)
[Kchain  1 [===========>                  ]  38% (41800/110000)
[Kchain  2 [===========>                  ]  37% (40700/110000)
[Kchain  3 [===========>                  ]  38% (41800/110000)
[Kchain  4 [===========>                  ]  38% (41800/110000)
[Kchain  5 [===========>                  ]  38% (41800/110000)
[Kchain  6 [===========>                  ]  38% (41800/110000)
[Kchain  7 [===========>                  ]  38% (41800/110000)
[Kchain  8 [===========>                  ]  38% (41800/110000)
[Kchain  9 [===========>                  ]  38% (41800/110000)
[Kchain 10 [===========>                  ]  38% (41800/110000)
[Kchain 11 [===========>                  ]  38% (41800/110000)
[13A[KRunning N=2 | per-chain progress
[Kchain  0 [===========>                  ]  39% (42900/110000)
[Kchain  1 [===========>                  ]  39% (42900/110000)
[Kchain  2 [===========>                  ]  37% (40700/110000)
[Kchain  3 [===========>                  ]  38% (41800/110000)
[Kchain  4 [===========>                  ]  38% (41800/110000)
[Kchain  5 [===========>                  ]  38% (41800/110000)
[Kchain  6 [===========>                  ]  38% (41800/110000)
[Kchain  7 [===========>                  ]  38% (41800/110000)
[Kchain  8 [===========>                  ]  38% (41800/110000)
[Kchain  9 [===========>                  ]  38% (41800/110000)
[Kchain 10 [===========>                  ]  38% (41800/110000)
[Kchain 11 [===========>                  ]  38% (41800/110000)
[13A[KRunning N=2 | per-chain progress
[Kchain  0 [===========>                  ]  39% (42900/110000)
[Kchain  1 [===========>                  ]  39% (42900/110000)
[Kchain  2 [===========>                  ]  38% (41800/110000)
[Kchain  3 [===========>                  ]  38% (41800/110000)
[Kchain  4 [===========>                  ]  38% (41800/110000)
[Kchain  5 [===========>                  ]  38% (41800/110000)
[Kchain  6 [===========>                  ]  38% (41800/110000)
[Kchain  7 [===========>                  ]  38% (41800/110000)
[Kchain  8 [===========>                  ]  39% (42900/110000)
[Kchain  9 [===========>                  ]  38% (41800/110000)
[Kchain 10 [===========>                  ]  38% (41800/110000)
[Kchain 11 [===========>                  ]  38% (41800/110000)
[13A[KRunning N=2 | per-chain progress
[Kchain  0 [===========>                  ]  39% (42900/110000)
[Kchain  1 [===========>                  ]  39% (42900/110000)
[Kchain  2 [===========>                  ]  38% (41800/110000)
[Kchain  3 [===========>                  ]  38% (41800/110000)
[Kchain  4 [===========>                  ]  38% (41800/110000)
[Kchain  5 [===========>                  ]  38% (41800/110000)
[Kchain  6 [===========>                  ]  38% (41800/110000)
[Kchain  7 [===========>                  ]  38% (41800/110000)
[Kchain  8 [===========>                  ]  39% (42900/110000)
[Kchain  9 [===========>                  ]  38% (41800/110000)
[Kchain 10 [===========>                  ]  38% (41800/110000)
[Kchain 11 [===========>                  ]  38% (41800/110000)
[13A[KRunning N=2 | per-chain progress
[Kchain  0 [===========>                  ]  39% (42900/110000)
[Kchain  1 [===========>                  ]  39% (42900/110000)
[Kchain  2 [===========>                  ]  38% (41800/110000)
[Kchain  3 [===========>                  ]  39% (42900/110000)
[Kchain  4 [===========>                  ]  38% (41800/110000)
[Kchain  5 [===========>                  ]  38% (41800/110000)
[Kchain  6 [===========>                  ]  38% (41800/110000)
[Kchain  7 [===========>                  ]  38% (41800/110000)
[Kchain  8 [===========>                  ]  39% (42900/110000)
[Kchain  9 [===========>                  ]  38% (41800/110000)
[Kchain 10 [===========>                  ]  38% (41800/110000)
[Kchain 11 [===========>                  ]  38% (41800/110000)
[13A[KRunning N=2 | per-chain progress
[Kchain  0 [============>                 ]  40% (44000/110000)
[Kchain  1 [===========>                  ]  39% (42900/110000)
[Kchain  2 [===========>                  ]  38% (41800/110000)
[Kchain  3 [===========>                  ]  39% (42900/110000)
[Kchain  4 [===========>                  ]  38% (41800/110000)
[Kchain  5 [===========>                  ]  38% (41800/110000)
[Kchain  6 [===========>                  ]  38% (41800/110000)
[Kchain  7 [===========>                  ]  38% (41800/110000)
[Kchain  8 [===========>                  ]  39% (42900/110000)
[Kchain  9 [===========>                  ]  38% (41800/110000)
[Kchain 10 [===========>                  ]  38% (41800/110000)
[Kchain 11 [===========>                  ]  38% (41800/110000)
[13A[KRunning N=2 | per-chain progress
[Kchain  0 [============>                 ]  40% (44000/110000)
[Kchain  1 [===========>                  ]  39% (42900/110000)
[Kchain  2 [===========>                  ]  38% (41800/110000)
[Kchain  3 [===========>                  ]  39% (42900/110000)
[Kchain  4 [===========>                  ]  38% (41800/110000)
[Kchain  5 [===========>                  ]  38% (41800/110000)
[Kchain  6 [===========>                  ]  39% (42900/110000)
[Kchain  7 [===========>                  ]  39% (42900/110000)
[Kchain  8 [===========>                  ]  39% (42900/110000)
[Kchain  9 [===========>                  ]  38% (41800/110000)
[Kchain 10 [===========>                  ]  38% (41800/110000)
[Kchain 11 [===========>                  ]  38% (41800/110000)
[13A[KRunning N=2 | per-chain progress
[Kchain  0 [============>                 ]  40% (44000/110000)
[Kchain  1 [===========>                  ]  39% (42900/110000)
[Kchain  2 [===========>                  ]  38% (41800/110000)
[Kchain  3 [===========>                  ]  39% (42900/110000)
[Kchain  4 [===========>                  ]  38% (41800/110000)
[Kchain  5 [===========>                  ]  38% (41800/110000)
[Kchain  6 [===========>                  ]  39% (42900/110000)
[Kchain  7 [===========>                  ]  39% (42900/110000)
[Kchain  8 [===========>                  ]  39% (42900/110000)
[Kchain  9 [===========>                  ]  39% (42900/110000)
[Kchain 10 [===========>                  ]  38% (41800/110000)
[Kchain 11 [===========>                  ]  38% (41800/110000)
[13A[KRunning N=2 | per-chain progress
[Kchain  0 [============>                 ]  40% (44000/110000)
[Kchain  1 [===========>                  ]  39% (42900/110000)
[Kchain  2 [===========>                  ]  38% (41800/110000)
[Kchain  3 [===========>                  ]  39% (42900/110000)
[Kchain  4 [===========>                  ]  38% (41800/110000)
[Kchain  5 [===========>                  ]  38% (41800/110000)
[Kchain  6 [===========>                  ]  39% (42900/110000)
[Kchain  7 [===========>                  ]  39% (42900/110000)
[Kchain  8 [===========>                  ]  39% (42900/110000)
[Kchain  9 [===========>                  ]  39% (42900/110000)
[Kchain 10 [===========>                  ]  38% (41800/110000)
[Kchain 11 [===========>                  ]  39% (42900/110000)
[13A[KRunning N=2 | per-chain progress
[Kchain  0 [============>                 ]  40% (44000/110000)
[Kchain  1 [===========>                  ]  39% (42900/110000)
[Kchain  2 [===========>                  ]  38% (41800/110000)
[Kchain  3 [===========>                  ]  39% (42900/110000)
[Kchain  4 [===========>                  ]  38% (41800/110000)
[Kchain  5 [===========>                  ]  39% (42900/110000)
[Kchain  6 [===========>                  ]  39% (42900/110000)
[Kchain  7 [===========>                  ]  39% (42900/110000)
[Kchain  8 [===========>                  ]  39% (42900/110000)
[Kchain  9 [===========>                  ]  39% (42900/110000)
[Kchain 10 [===========>                  ]  38% (41800/110000)
[Kchain 11 [===========>                  ]  39% (42900/110000)
[13A[KRunning N=2 | per-chain progress
[Kchain  0 [============>                 ]  40% (44000/110000)
[Kchain  1 [===========>                  ]  39% (42900/110000)
[Kchain  2 [===========>                  ]  38% (41800/110000)
[Kchain  3 [===========>                  ]  39% (42900/110000)
[Kchain  4 [===========>                  ]  38% (41800/110000)
[Kchain  5 [===========>                  ]  39% (42900/110000)
[Kchain  6 [===========>                  ]  39% (42900/110000)
[Kchain  7 [===========>                  ]  39% (42900/110000)
[Kchain  8 [===========>                  ]  39% (42900/110000)
[Kchain  9 [===========>                  ]  39% (42900/110000)
[Kchain 10 [===========>                  ]  38% (41800/110000)
[Kchain 11 [===========>                  ]  39% (42900/110000)
[13A[KRunning N=2 | per-chain progress
[Kchain  0 [============>                 ]  40% (44000/110000)
[Kchain  1 [===========>                  ]  39% (42900/110000)
[Kchain  2 [===========>                  ]  38% (41800/110000)
[Kchain  3 [===========>                  ]  39% (42900/110000)
[Kchain  4 [===========>                  ]  39% (42900/110000)
[Kchain  5 [===========>                  ]  39% (42900/110000)
[Kchain  6 [===========>                  ]  39% (42900/110000)
[Kchain  7 [===========>                  ]  39% (42900/110000)
[Kchain  8 [===========>                  ]  39% (42900/110000)
[Kchain  9 [===========>                  ]  39% (42900/110000)
[Kchain 10 [===========>                  ]  39% (42900/110000)
[Kchain 11 [===========>                  ]  39% (42900/110000)
[13A[KRunning N=2 | per-chain progress
[Kchain  0 [============>                 ]  40% (44000/110000)
[Kchain  1 [===========>                  ]  39% (42900/110000)
[Kchain  2 [===========>                  ]  38% (41800/110000)
[Kchain  3 [===========>                  ]  39% (42900/110000)
[Kchain  4 [===========>                  ]  39% (42900/110000)
[Kchain  5 [===========>                  ]  39% (42900/110000)
[Kchain  6 [===========>                  ]  39% (42900/110000)
[Kchain  7 [===========>                  ]  39% (42900/110000)
[Kchain  8 [===========>                  ]  39% (42900/110000)
[Kchain  9 [===========>                  ]  39% (42900/110000)
[Kchain 10 [===========>                  ]  39% (42900/110000)
[Kchain 11 [===========>                  ]  39% (42900/110000)
[13A[KRunning N=2 | per-chain progress
[Kchain  0 [============>                 ]  40% (44000/110000)
[Kchain  1 [============>                 ]  40% (44000/110000)
[Kchain  2 [===========>                  ]  38% (41800/110000)
[Kchain  3 [===========>                  ]  39% (42900/110000)
[Kchain  4 [===========>                  ]  39% (42900/110000)
[Kchain  5 [===========>                  ]  39% (42900/110000)
[Kchain  6 [===========>                  ]  39% (42900/110000)
[Kchain  7 [===========>                  ]  39% (42900/110000)
[Kchain  8 [===========>                  ]  39% (42900/110000)
[Kchain  9 [===========>                  ]  39% (42900/110000)
[Kchain 10 [===========>                  ]  39% (42900/110000)
[Kchain 11 [===========>                  ]  39% (42900/110000)
[13A[KRunning N=2 | per-chain progress
[Kchain  0 [============>                 ]  40% (44000/110000)
[Kchain  1 [============>                 ]  40% (44000/110000)
[Kchain  2 [===========>                  ]  39% (42900/110000)
[Kchain  3 [===========>                  ]  39% (42900/110000)
[Kchain  4 [===========>                  ]  39% (42900/110000)
[Kchain  5 [===========>                  ]  39% (42900/110000)
[Kchain  6 [===========>                  ]  39% (42900/110000)
[Kchain  7 [===========>                  ]  39% (42900/110000)
[Kchain  8 [============>                 ]  40% (44000/110000)
[Kchain  9 [===========>                  ]  39% (42900/110000)
[Kchain 10 [===========>                  ]  39% (42900/110000)
[Kchain 11 [===========>                  ]  39% (42900/110000)
[13A[KRunning N=2 | per-chain progress
[Kchain  0 [============>                 ]  40% (44000/110000)
[Kchain  1 [============>                 ]  40% (44000/110000)
[Kchain  2 [===========>                  ]  39% (42900/110000)
[Kchain  3 [============>                 ]  40% (44000/110000)
[Kchain  4 [===========>                  ]  39% (42900/110000)
[Kchain  5 [===========>                  ]  39% (42900/110000)
[Kchain  6 [===========>                  ]  39% (42900/110000)
[Kchain  7 [===========>                  ]  39% (42900/110000)
[Kchain  8 [============>                 ]  40% (44000/110000)
[Kchain  9 [===========>                  ]  39% (42900/110000)
[Kchain 10 [===========>                  ]  39% (42900/110000)
[Kchain 11 [===========>                  ]  39% (42900/110000)
[13A[KRunning N=2 | per-chain progress
[Kchain  0 [============>                 ]  40% (44000/110000)
[Kchain  1 [============>                 ]  40% (44000/110000)
[Kchain  2 [===========>                  ]  39% (42900/110000)
[Kchain  3 [============>                 ]  40% (44000/110000)
[Kchain  4 [===========>                  ]  39% (42900/110000)
[Kchain  5 [===========>                  ]  39% (42900/110000)
[Kchain  6 [===========>                  ]  39% (42900/110000)
[Kchain  7 [===========>                  ]  39% (42900/110000)
[Kchain  8 [============>                 ]  40% (44000/110000)
[Kchain  9 [===========>                  ]  39% (42900/110000)
[Kchain 10 [===========>                  ]  39% (42900/110000)
[Kchain 11 [===========>                  ]  39% (42900/110000)
[13A[KRunning N=2 | per-chain progress
[Kchain  0 [============>                 ]  41% (45100/110000)
[Kchain  1 [============>                 ]  40% (44000/110000)
[Kchain  2 [===========>                  ]  39% (42900/110000)
[Kchain  3 [============>                 ]  40% (44000/110000)
[Kchain  4 [===========>                  ]  39% (42900/110000)
[Kchain  5 [===========>                  ]  39% (42900/110000)
[Kchain  6 [============>                 ]  40% (44000/110000)
[Kchain  7 [===========>                  ]  39% (42900/110000)
[Kchain  8 [============>                 ]  40% (44000/110000)
[Kchain  9 [===========>                  ]  39% (42900/110000)
[Kchain 10 [===========>                  ]  39% (42900/110000)
[Kchain 11 [===========>                  ]  39% (42900/110000)
[13A[KRunning N=2 | per-chain progress
[Kchain  0 [============>                 ]  41% (45100/110000)
[Kchain  1 [============>                 ]  40% (44000/110000)
[Kchain  2 [===========>                  ]  39% (42900/110000)
[Kchain  3 [============>                 ]  40% (44000/110000)
[Kchain  4 [===========>                  ]  39% (42900/110000)
[Kchain  5 [===========>                  ]  39% (42900/110000)
[Kchain  6 [============>                 ]  40% (44000/110000)
[Kchain  7 [============>                 ]  40% (44000/110000)
[Kchain  8 [============>                 ]  40% (44000/110000)
[Kchain  9 [===========>                  ]  39% (42900/110000)
[Kchain 10 [===========>                  ]  39% (42900/110000)
[Kchain 11 [===========>                  ]  39% (42900/110000)
[13A[KRunning N=2 | per-chain progress
[Kchain  0 [============>                 ]  41% (45100/110000)
[Kchain  1 [============>                 ]  40% (44000/110000)
[Kchain  2 [===========>                  ]  39% (42900/110000)
[Kchain  3 [============>                 ]  40% (44000/110000)
[Kchain  4 [===========>                  ]  39% (42900/110000)
[Kchain  5 [===========>                  ]  39% (42900/110000)
[Kchain  6 [============>                 ]  40% (44000/110000)
[Kchain  7 [============>                 ]  40% (44000/110000)
[Kchain  8 [============>                 ]  40% (44000/110000)
[Kchain  9 [============>                 ]  40% (44000/110000)
[Kchain 10 [===========>                  ]  39% (42900/110000)
[Kchain 11 [===========>                  ]  39% (42900/110000)
[13A[KRunning N=2 | per-chain progress
[Kchain  0 [============>                 ]  41% (45100/110000)
[Kchain  1 [============>                 ]  40% (44000/110000)
[Kchain  2 [===========>                  ]  39% (42900/110000)
[Kchain  3 [============>                 ]  40% (44000/110000)
[Kchain  4 [===========>                  ]  39% (42900/110000)
[Kchain  5 [===========>                  ]  39% (42900/110000)
[Kchain  6 [============>                 ]  40% (44000/110000)
[Kchain  7 [============>                 ]  40% (44000/110000)
[Kchain  8 [============>                 ]  40% (44000/110000)
[Kchain  9 [============>                 ]  40% (44000/110000)
[Kchain 10 [===========>                  ]  39% (42900/110000)
[Kchain 11 [============>                 ]  40% (44000/110000)
[13A[KRunning N=2 | per-chain progress
[Kchain  0 [============>                 ]  41% (45100/110000)
[Kchain  1 [============>                 ]  40% (44000/110000)
[Kchain  2 [===========>                  ]  39% (42900/110000)
[Kchain  3 [============>                 ]  40% (44000/110000)
[Kchain  4 [===========>                  ]  39% (42900/110000)
[Kchain  5 [===========>                  ]  39% (42900/110000)
[Kchain  6 [============>                 ]  40% (44000/110000)
[Kchain  7 [============>                 ]  40% (44000/110000)
[Kchain  8 [============>                 ]  40% (44000/110000)
[Kchain  9 [============>                 ]  40% (44000/110000)
[Kchain 10 [===========>                  ]  39% (42900/110000)
[Kchain 11 [============>                 ]  40% (44000/110000)
[13A[KRunning N=2 | per-chain progress
[Kchain  0 [============>                 ]  41% (45100/110000)
[Kchain  1 [============>                 ]  40% (44000/110000)
[Kchain  2 [===========>                  ]  39% (42900/110000)
[Kchain  3 [============>                 ]  40% (44000/110000)
[Kchain  4 [===========>                  ]  39% (42900/110000)
[Kchain  5 [============>                 ]  40% (44000/110000)
[Kchain  6 [============>                 ]  40% (44000/110000)
[Kchain  7 [============>                 ]  40% (44000/110000)
[Kchain  8 [============>                 ]  40% (44000/110000)
[Kchain  9 [============>                 ]  40% (44000/110000)
[Kchain 10 [===========>                  ]  39% (42900/110000)
[Kchain 11 [============>                 ]  40% (44000/110000)
[13A[KRunning N=2 | per-chain progress
[Kchain  0 [============>                 ]  41% (45100/110000)
[Kchain  1 [============>                 ]  40% (44000/110000)
[Kchain  2 [===========>                  ]  39% (42900/110000)
[Kchain  3 [============>                 ]  40% (44000/110000)
[Kchain  4 [============>                 ]  40% (44000/110000)
[Kchain  5 [============>                 ]  40% (44000/110000)
[Kchain  6 [============>                 ]  40% (44000/110000)
[Kchain  7 [============>                 ]  40% (44000/110000)
[Kchain  8 [============>                 ]  40% (44000/110000)
[Kchain  9 [============>                 ]  40% (44000/110000)
[Kchain 10 [============>                 ]  40% (44000/110000)
[Kchain 11 [============>                 ]  40% (44000/110000)
[13A[KRunning N=2 | per-chain progress
[Kchain  0 [============>                 ]  41% (45100/110000)
[Kchain  1 [============>                 ]  40% (44000/110000)
[Kchain  2 [===========>                  ]  39% (42900/110000)
[Kchain  3 [============>                 ]  40% (44000/110000)
[Kchain  4 [============>                 ]  40% (44000/110000)
[Kchain  5 [============>                 ]  40% (44000/110000)
[Kchain  6 [============>                 ]  40% (44000/110000)
[Kchain  7 [============>                 ]  40% (44000/110000)
[Kchain  8 [============>                 ]  40% (44000/110000)
[Kchain  9 [============>                 ]  40% (44000/110000)
[Kchain 10 [============>                 ]  40% (44000/110000)
[Kchain 11 [============>                 ]  40% (44000/110000)
[13A[KRunning N=2 | per-chain progress
[Kchain  0 [============>                 ]  41% (45100/110000)
[Kchain  1 [============>                 ]  41% (45100/110000)
[Kchain  2 [===========>                  ]  39% (42900/110000)
[Kchain  3 [============>                 ]  40% (44000/110000)
[Kchain  4 [============>                 ]  40% (44000/110000)
[Kchain  5 [============>                 ]  40% (44000/110000)
[Kchain  6 [============>                 ]  40% (44000/110000)
[Kchain  7 [============>                 ]  40% (44000/110000)
[Kchain  8 [============>                 ]  40% (44000/110000)
[Kchain  9 [============>                 ]  40% (44000/110000)
[Kchain 10 [============>                 ]  40% (44000/110000)
[Kchain 11 [============>                 ]  40% (44000/110000)
[13A[KRunning N=2 | per-chain progress
[Kchain  0 [============>                 ]  41% (45100/110000)
[Kchain  1 [============>                 ]  41% (45100/110000)
[Kchain  2 [============>                 ]  40% (44000/110000)
[Kchain  3 [============>                 ]  40% (44000/110000)
[Kchain  4 [============>                 ]  40% (44000/110000)
[Kchain  5 [============>                 ]  40% (44000/110000)
[Kchain  6 [============>                 ]  40% (44000/110000)
[Kchain  7 [============>                 ]  40% (44000/110000)
[Kchain  8 [============>                 ]  41% (45100/110000)
[Kchain  9 [============>                 ]  40% (44000/110000)
[Kchain 10 [============>                 ]  40% (44000/110000)
[Kchain 11 [============>                 ]  40% (44000/110000)
[13A[KRunning N=2 | per-chain progress
[Kchain  0 [============>                 ]  41% (45100/110000)
[Kchain  1 [============>                 ]  41% (45100/110000)
[Kchain  2 [============>                 ]  40% (44000/110000)
[Kchain  3 [============>                 ]  40% (44000/110000)
[Kchain  4 [============>                 ]  40% (44000/110000)
[Kchain  5 [============>                 ]  40% (44000/110000)
[Kchain  6 [============>                 ]  40% (44000/110000)
[Kchain  7 [============>                 ]  40% (44000/110000)
[Kchain  8 [============>                 ]  41% (45100/110000)
[Kchain  9 [============>                 ]  40% (44000/110000)
[Kchain 10 [============>                 ]  40% (44000/110000)
[Kchain 11 [============>                 ]  40% (44000/110000)
[13A[KRunning N=2 | per-chain progress
[Kchain  0 [============>                 ]  41% (45100/110000)
[Kchain  1 [============>                 ]  41% (45100/110000)
[Kchain  2 [============>                 ]  40% (44000/110000)
[Kchain  3 [============>                 ]  41% (45100/110000)
[Kchain  4 [============>                 ]  40% (44000/110000)
[Kchain  5 [============>                 ]  40% (44000/110000)
[Kchain  6 [============>                 ]  40% (44000/110000)
[Kchain  7 [============>                 ]  40% (44000/110000)
[Kchain  8 [============>                 ]  41% (45100/110000)
[Kchain  9 [============>                 ]  40% (44000/110000)
[Kchain 10 [============>                 ]  40% (44000/110000)
[Kchain 11 [============>                 ]  40% (44000/110000)
[13A[KRunning N=2 | per-chain progress
[Kchain  0 [============>                 ]  42% (46200/110000)
[Kchain  1 [============>                 ]  41% (45100/110000)
[Kchain  2 [============>                 ]  40% (44000/110000)
[Kchain  3 [============>                 ]  41% (45100/110000)
[Kchain  4 [============>                 ]  40% (44000/110000)
[Kchain  5 [============>                 ]  40% (44000/110000)
[Kchain  6 [============>                 ]  41% (45100/110000)
[Kchain  7 [============>                 ]  40% (44000/110000)
[Kchain  8 [============>                 ]  41% (45100/110000)
[Kchain  9 [============>                 ]  40% (44000/110000)
[Kchain 10 [============>                 ]  40% (44000/110000)
[Kchain 11 [============>                 ]  40% (44000/110000)
[13A[KRunning N=2 | per-chain progress
[Kchain  0 [============>                 ]  42% (46200/110000)
[Kchain  1 [============>                 ]  41% (45100/110000)
[Kchain  2 [============>                 ]  40% (44000/110000)
[Kchain  3 [============>                 ]  41% (45100/110000)
[Kchain  4 [============>                 ]  40% (44000/110000)
[Kchain  5 [============>                 ]  40% (44000/110000)
[Kchain  6 [============>                 ]  41% (45100/110000)
[Kchain  7 [============>                 ]  41% (45100/110000)
[Kchain  8 [============>                 ]  41% (45100/110000)
[Kchain  9 [============>                 ]  40% (44000/110000)
[Kchain 10 [============>                 ]  40% (44000/110000)
[Kchain 11 [============>                 ]  40% (44000/110000)
[13A[KRunning N=2 | per-chain progress
[Kchain  0 [============>                 ]  42% (46200/110000)
[Kchain  1 [============>                 ]  41% (45100/110000)
[Kchain  2 [============>                 ]  40% (44000/110000)
[Kchain  3 [============>                 ]  41% (45100/110000)
[Kchain  4 [============>                 ]  40% (44000/110000)
[Kchain  5 [============>                 ]  40% (44000/110000)
[Kchain  6 [============>                 ]  41% (45100/110000)
[Kchain  7 [============>                 ]  41% (45100/110000)
[Kchain  8 [============>                 ]  41% (45100/110000)
[Kchain  9 [============>                 ]  41% (45100/110000)
[Kchain 10 [============>                 ]  40% (44000/110000)
[Kchain 11 [============>                 ]  40% (44000/110000)
[13A[KRunning N=2 | per-chain progress
[Kchain  0 [============>                 ]  42% (46200/110000)
[Kchain  1 [============>                 ]  41% (45100/110000)
[Kchain  2 [============>                 ]  40% (44000/110000)
[Kchain  3 [============>                 ]  41% (45100/110000)
[Kchain  4 [============>                 ]  40% (44000/110000)
[Kchain  5 [============>                 ]  40% (44000/110000)
[Kchain  6 [============>                 ]  41% (45100/110000)
[Kchain  7 [============>                 ]  41% (45100/110000)
[Kchain  8 [============>                 ]  41% (45100/110000)
[Kchain  9 [============>                 ]  41% (45100/110000)
[Kchain 10 [============>                 ]  40% (44000/110000)
[Kchain 11 [============>                 ]  41% (45100/110000)
[13A[KRunning N=2 | per-chain progress
[Kchain  0 [============>                 ]  42% (46200/110000)
[Kchain  1 [============>                 ]  41% (45100/110000)
[Kchain  2 [============>                 ]  40% (44000/110000)
[Kchain  3 [============>                 ]  41% (45100/110000)
[Kchain  4 [============>                 ]  40% (44000/110000)
[Kchain  5 [============>                 ]  41% (45100/110000)
[Kchain  6 [============>                 ]  41% (45100/110000)
[Kchain  7 [============>                 ]  41% (45100/110000)
[Kchain  8 [============>                 ]  41% (45100/110000)
[Kchain  9 [============>                 ]  41% (45100/110000)
[Kchain 10 [============>                 ]  40% (44000/110000)
[Kchain 11 [============>                 ]  41% (45100/110000)
[13A[KRunning N=2 | per-chain progress
[Kchain  0 [============>                 ]  42% (46200/110000)
[Kchain  1 [============>                 ]  41% (45100/110000)
[Kchain  2 [============>                 ]  40% (44000/110000)
[Kchain  3 [============>                 ]  41% (45100/110000)
[Kchain  4 [============>                 ]  40% (44000/110000)
[Kchain  5 [============>                 ]  41% (45100/110000)
[Kchain  6 [============>                 ]  41% (45100/110000)
[Kchain  7 [============>                 ]  41% (45100/110000)
[Kchain  8 [============>                 ]  41% (45100/110000)
[Kchain  9 [============>                 ]  41% (45100/110000)
[Kchain 10 [============>                 ]  40% (44000/110000)
[Kchain 11 [============>                 ]  41% (45100/110000)
[13A[KRunning N=2 | per-chain progress
[Kchain  0 [============>                 ]  42% (46200/110000)
[Kchain  1 [============>                 ]  41% (45100/110000)
[Kchain  2 [============>                 ]  40% (44000/110000)
[Kchain  3 [============>                 ]  41% (45100/110000)
[Kchain  4 [============>                 ]  41% (45100/110000)
[Kchain  5 [============>                 ]  41% (45100/110000)
[Kchain  6 [============>                 ]  41% (45100/110000)
[Kchain  7 [============>                 ]  41% (45100/110000)
[Kchain  8 [============>                 ]  41% (45100/110000)
[Kchain  9 [============>                 ]  41% (45100/110000)
[Kchain 10 [============>                 ]  41% (45100/110000)
[Kchain 11 [============>                 ]  41% (45100/110000)
[13A[KRunning N=2 | per-chain progress
[Kchain  0 [============>                 ]  42% (46200/110000)
[Kchain  1 [============>                 ]  41% (45100/110000)
[Kchain  2 [============>                 ]  40% (44000/110000)
[Kchain  3 [============>                 ]  41% (45100/110000)
[Kchain  4 [============>                 ]  41% (45100/110000)
[Kchain  5 [============>                 ]  41% (45100/110000)
[Kchain  6 [============>                 ]  41% (45100/110000)
[Kchain  7 [============>                 ]  41% (45100/110000)
[Kchain  8 [============>                 ]  41% (45100/110000)
[Kchain  9 [============>                 ]  41% (45100/110000)
[Kchain 10 [============>                 ]  41% (45100/110000)
[Kchain 11 [============>                 ]  41% (45100/110000)
[13A[KRunning N=2 | per-chain progress
[Kchain  0 [============>                 ]  42% (46200/110000)
[Kchain  1 [============>                 ]  42% (46200/110000)
[Kchain  2 [============>                 ]  40% (44000/110000)
[Kchain  3 [============>                 ]  41% (45100/110000)
[Kchain  4 [============>                 ]  41% (45100/110000)
[Kchain  5 [============>                 ]  41% (45100/110000)
[Kchain  6 [============>                 ]  41% (45100/110000)
[Kchain  7 [============>                 ]  41% (45100/110000)
[Kchain  8 [============>                 ]  41% (45100/110000)
[Kchain  9 [============>                 ]  41% (45100/110000)
[Kchain 10 [============>                 ]  41% (45100/110000)
[Kchain 11 [============>                 ]  41% (45100/110000)
[13A[KRunning N=2 | per-chain progress
[Kchain  0 [============>                 ]  42% (46200/110000)
[Kchain  1 [============>                 ]  42% (46200/110000)
[Kchain  2 [============>                 ]  41% (45100/110000)
[Kchain  3 [============>                 ]  41% (45100/110000)
[Kchain  4 [============>                 ]  41% (45100/110000)
[Kchain  5 [============>                 ]  41% (45100/110000)
[Kchain  6 [============>                 ]  41% (45100/110000)
[Kchain  7 [============>                 ]  41% (45100/110000)
[Kchain  8 [============>                 ]  42% (46200/110000)
[Kchain  9 [============>                 ]  41% (45100/110000)
[Kchain 10 [============>                 ]  41% (45100/110000)
[Kchain 11 [============>                 ]  41% (45100/110000)
[13A[KRunning N=2 | per-chain progress
[Kchain  0 [============>                 ]  42% (46200/110000)
[Kchain  1 [============>                 ]  42% (46200/110000)
[Kchain  2 [============>                 ]  41% (45100/110000)
[Kchain  3 [============>                 ]  42% (46200/110000)
[Kchain  4 [============>                 ]  41% (45100/110000)
[Kchain  5 [============>                 ]  41% (45100/110000)
[Kchain  6 [============>                 ]  41% (45100/110000)
[Kchain  7 [============>                 ]  41% (45100/110000)
[Kchain  8 [============>                 ]  42% (46200/110000)
[Kchain  9 [============>                 ]  41% (45100/110000)
[Kchain 10 [============>                 ]  41% (45100/110000)
[Kchain 11 [============>                 ]  41% (45100/110000)
[13A[KRunning N=2 | per-chain progress
[Kchain  0 [============>                 ]  43% (47300/110000)
[Kchain  1 [============>                 ]  42% (46200/110000)
[Kchain  2 [============>                 ]  41% (45100/110000)
[Kchain  3 [============>                 ]  42% (46200/110000)
[Kchain  4 [============>                 ]  41% (45100/110000)
[Kchain  5 [============>                 ]  41% (45100/110000)
[Kchain  6 [============>                 ]  41% (45100/110000)
[Kchain  7 [============>                 ]  41% (45100/110000)
[Kchain  8 [============>                 ]  42% (46200/110000)
[Kchain  9 [============>                 ]  41% (45100/110000)
[Kchain 10 [============>                 ]  41% (45100/110000)
[Kchain 11 [============>                 ]  41% (45100/110000)
[13A[KRunning N=2 | per-chain progress
[Kchain  0 [============>                 ]  43% (47300/110000)
[Kchain  1 [============>                 ]  42% (46200/110000)
[Kchain  2 [============>                 ]  41% (45100/110000)
[Kchain  3 [============>                 ]  42% (46200/110000)
[Kchain  4 [============>                 ]  41% (45100/110000)
[Kchain  5 [============>                 ]  41% (45100/110000)
[Kchain  6 [============>                 ]  42% (46200/110000)
[Kchain  7 [============>                 ]  41% (45100/110000)
[Kchain  8 [============>                 ]  42% (46200/110000)
[Kchain  9 [============>                 ]  41% (45100/110000)
[Kchain 10 [============>                 ]  41% (45100/110000)
[Kchain 11 [============>                 ]  41% (45100/110000)
[13A[KRunning N=2 | per-chain progress
[Kchain  0 [============>                 ]  43% (47300/110000)
[Kchain  1 [============>                 ]  42% (46200/110000)
[Kchain  2 [============>                 ]  41% (45100/110000)
[Kchain  3 [============>                 ]  42% (46200/110000)
[Kchain  4 [============>                 ]  41% (45100/110000)
[Kchain  5 [============>                 ]  41% (45100/110000)
[Kchain  6 [============>                 ]  42% (46200/110000)
[Kchain  7 [============>                 ]  42% (46200/110000)
[Kchain  8 [============>                 ]  42% (46200/110000)
[Kchain  9 [============>                 ]  41% (45100/110000)
[Kchain 10 [============>                 ]  41% (45100/110000)
[Kchain 11 [============>                 ]  41% (45100/110000)
[13A[KRunning N=2 | per-chain progress
[Kchain  0 [============>                 ]  43% (47300/110000)
[Kchain  1 [============>                 ]  42% (46200/110000)
[Kchain  2 [============>                 ]  41% (45100/110000)
[Kchain  3 [============>                 ]  42% (46200/110000)
[Kchain  4 [============>                 ]  41% (45100/110000)
[Kchain  5 [============>                 ]  41% (45100/110000)
[Kchain  6 [============>                 ]  42% (46200/110000)
[Kchain  7 [============>                 ]  42% (46200/110000)
[Kchain  8 [============>                 ]  42% (46200/110000)
[Kchain  9 [============>                 ]  42% (46200/110000)
[Kchain 10 [============>                 ]  41% (45100/110000)
[Kchain 11 [============>                 ]  41% (45100/110000)
[13A[KRunning N=2 | per-chain progress
[Kchain  0 [============>                 ]  43% (47300/110000)
[Kchain  1 [============>                 ]  42% (46200/110000)
[Kchain  2 [============>                 ]  41% (45100/110000)
[Kchain  3 [============>                 ]  42% (46200/110000)
[Kchain  4 [============>                 ]  41% (45100/110000)
[Kchain  5 [============>                 ]  41% (45100/110000)
[Kchain  6 [============>                 ]  42% (46200/110000)
[Kchain  7 [============>                 ]  42% (46200/110000)
[Kchain  8 [============>                 ]  42% (46200/110000)
[Kchain  9 [============>                 ]  42% (46200/110000)
[Kchain 10 [============>                 ]  41% (45100/110000)
[Kchain 11 [============>                 ]  42% (46200/110000)
[13A[KRunning N=2 | per-chain progress
[Kchain  0 [============>                 ]  43% (47300/110000)
[Kchain  1 [============>                 ]  42% (46200/110000)
[Kchain  2 [============>                 ]  41% (45100/110000)
[Kchain  3 [============>                 ]  42% (46200/110000)
[Kchain  4 [============>                 ]  41% (45100/110000)
[Kchain  5 [============>                 ]  42% (46200/110000)
[Kchain  6 [============>                 ]  42% (46200/110000)
[Kchain  7 [============>                 ]  42% (46200/110000)
[Kchain  8 [============>                 ]  42% (46200/110000)
[Kchain  9 [============>                 ]  42% (46200/110000)
[Kchain 10 [============>                 ]  41% (45100/110000)
[Kchain 11 [============>                 ]  42% (46200/110000)
[13A[KRunning N=2 | per-chain progress
[Kchain  0 [============>                 ]  43% (47300/110000)
[Kchain  1 [============>                 ]  42% (46200/110000)
[Kchain  2 [============>                 ]  41% (45100/110000)
[Kchain  3 [============>                 ]  42% (46200/110000)
[Kchain  4 [============>                 ]  41% (45100/110000)
[Kchain  5 [============>                 ]  42% (46200/110000)
[Kchain  6 [============>                 ]  42% (46200/110000)
[Kchain  7 [============>                 ]  42% (46200/110000)
[Kchain  8 [============>                 ]  42% (46200/110000)
[Kchain  9 [============>                 ]  42% (46200/110000)
[Kchain 10 [============>                 ]  41% (45100/110000)
[Kchain 11 [============>                 ]  42% (46200/110000)
[13A[KRunning N=2 | per-chain progress
[Kchain  0 [============>                 ]  43% (47300/110000)
[Kchain  1 [============>                 ]  42% (46200/110000)
[Kchain  2 [============>                 ]  41% (45100/110000)
[Kchain  3 [============>                 ]  42% (46200/110000)
[Kchain  4 [============>                 ]  42% (46200/110000)
[Kchain  5 [============>                 ]  42% (46200/110000)
[Kchain  6 [============>                 ]  42% (46200/110000)
[Kchain  7 [============>                 ]  42% (46200/110000)
[Kchain  8 [============>                 ]  42% (46200/110000)
[Kchain  9 [============>                 ]  42% (46200/110000)
[Kchain 10 [============>                 ]  42% (46200/110000)
[Kchain 11 [============>                 ]  42% (46200/110000)
[13A[KRunning N=2 | per-chain progress
[Kchain  0 [============>                 ]  43% (47300/110000)
[Kchain  1 [============>                 ]  42% (46200/110000)
[Kchain  2 [============>                 ]  41% (45100/110000)
[Kchain  3 [============>                 ]  42% (46200/110000)
[Kchain  4 [============>                 ]  42% (46200/110000)
[Kchain  5 [============>                 ]  42% (46200/110000)
[Kchain  6 [============>                 ]  42% (46200/110000)
[Kchain  7 [============>                 ]  42% (46200/110000)
[Kchain  8 [============>                 ]  42% (46200/110000)
[Kchain  9 [============>                 ]  42% (46200/110000)
[Kchain 10 [============>                 ]  42% (46200/110000)
[Kchain 11 [============>                 ]  42% (46200/110000)
[13A[KRunning N=2 | per-chain progress
[Kchain  0 [============>                 ]  43% (47300/110000)
[Kchain  1 [============>                 ]  43% (47300/110000)
[Kchain  2 [============>                 ]  41% (45100/110000)
[Kchain  3 [============>                 ]  42% (46200/110000)
[Kchain  4 [============>                 ]  42% (46200/110000)
[Kchain  5 [============>                 ]  42% (46200/110000)
[Kchain  6 [============>                 ]  42% (46200/110000)
[Kchain  7 [============>                 ]  42% (46200/110000)
[Kchain  8 [============>                 ]  42% (46200/110000)
[Kchain  9 [============>                 ]  42% (46200/110000)
[Kchain 10 [============>                 ]  42% (46200/110000)
[Kchain 11 [============>                 ]  42% (46200/110000)
[13A[KRunning N=2 | per-chain progress
[Kchain  0 [============>                 ]  43% (47300/110000)
[Kchain  1 [============>                 ]  43% (47300/110000)
[Kchain  2 [============>                 ]  42% (46200/110000)
[Kchain  3 [============>                 ]  42% (46200/110000)
[Kchain  4 [============>                 ]  42% (46200/110000)
[Kchain  5 [============>                 ]  42% (46200/110000)
[Kchain  6 [============>                 ]  42% (46200/110000)
[Kchain  7 [============>                 ]  42% (46200/110000)
[Kchain  8 [============>                 ]  43% (47300/110000)
[Kchain  9 [============>                 ]  42% (46200/110000)
[Kchain 10 [============>                 ]  42% (46200/110000)
[Kchain 11 [============>                 ]  42% (46200/110000)
[13A[KRunning N=2 | per-chain progress
[Kchain  0 [============>                 ]  43% (47300/110000)
[Kchain  1 [============>                 ]  43% (47300/110000)
[Kchain  2 [============>                 ]  42% (46200/110000)
[Kchain  3 [============>                 ]  42% (46200/110000)
[Kchain  4 [============>                 ]  42% (46200/110000)
[Kchain  5 [============>                 ]  42% (46200/110000)
[Kchain  6 [============>                 ]  42% (46200/110000)
[Kchain  7 [============>                 ]  42% (46200/110000)
[Kchain  8 [============>                 ]  43% (47300/110000)
[Kchain  9 [============>                 ]  42% (46200/110000)
[Kchain 10 [============>                 ]  42% (46200/110000)
[Kchain 11 [============>                 ]  42% (46200/110000)
[13A[KRunning N=2 | per-chain progress
[Kchain  0 [============>                 ]  43% (47300/110000)
[Kchain  1 [============>                 ]  43% (47300/110000)
[Kchain  2 [============>                 ]  42% (46200/110000)
[Kchain  3 [============>                 ]  43% (47300/110000)
[Kchain  4 [============>                 ]  42% (46200/110000)
[Kchain  5 [============>                 ]  42% (46200/110000)
[Kchain  6 [============>                 ]  42% (46200/110000)
[Kchain  7 [============>                 ]  42% (46200/110000)
[Kchain  8 [============>                 ]  43% (47300/110000)
[Kchain  9 [============>                 ]  42% (46200/110000)
[Kchain 10 [============>                 ]  42% (46200/110000)
[Kchain 11 [============>                 ]  42% (46200/110000)
[13A[KRunning N=2 | per-chain progress
[Kchain  0 [=============>                ]  44% (48400/110000)
[Kchain  1 [============>                 ]  43% (47300/110000)
[Kchain  2 [============>                 ]  42% (46200/110000)
[Kchain  3 [============>                 ]  43% (47300/110000)
[Kchain  4 [============>                 ]  42% (46200/110000)
[Kchain  5 [============>                 ]  42% (46200/110000)
[Kchain  6 [============>                 ]  42% (46200/110000)
[Kchain  7 [============>                 ]  42% (46200/110000)
[Kchain  8 [============>                 ]  43% (47300/110000)
[Kchain  9 [============>                 ]  42% (46200/110000)
[Kchain 10 [============>                 ]  42% (46200/110000)
[Kchain 11 [============>                 ]  42% (46200/110000)
[13A[KRunning N=2 | per-chain progress
[Kchain  0 [=============>                ]  44% (48400/110000)
[Kchain  1 [============>                 ]  43% (47300/110000)
[Kchain  2 [============>                 ]  42% (46200/110000)
[Kchain  3 [============>                 ]  43% (47300/110000)
[Kchain  4 [============>                 ]  42% (46200/110000)
[Kchain  5 [============>                 ]  42% (46200/110000)
[Kchain  6 [============>                 ]  43% (47300/110000)
[Kchain  7 [============>                 ]  43% (47300/110000)
[Kchain  8 [============>                 ]  43% (47300/110000)
[Kchain  9 [============>                 ]  42% (46200/110000)
[Kchain 10 [============>                 ]  42% (46200/110000)
[Kchain 11 [============>                 ]  42% (46200/110000)
[13A[KRunning N=2 | per-chain progress
[Kchain  0 [=============>                ]  44% (48400/110000)
[Kchain  1 [============>                 ]  43% (47300/110000)
[Kchain  2 [============>                 ]  42% (46200/110000)
[Kchain  3 [============>                 ]  43% (47300/110000)
[Kchain  4 [============>                 ]  42% (46200/110000)
[Kchain  5 [============>                 ]  42% (46200/110000)
[Kchain  6 [============>                 ]  43% (47300/110000)
[Kchain  7 [============>                 ]  43% (47300/110000)
[Kchain  8 [============>                 ]  43% (47300/110000)
[Kchain  9 [============>                 ]  43% (47300/110000)
[Kchain 10 [============>                 ]  42% (46200/110000)
[Kchain 11 [============>                 ]  43% (47300/110000)
[13A[KRunning N=2 | per-chain progress
[Kchain  0 [=============>                ]  44% (48400/110000)
[Kchain  1 [============>                 ]  43% (47300/110000)
[Kchain  2 [============>                 ]  42% (46200/110000)
[Kchain  3 [============>                 ]  43% (47300/110000)
[Kchain  4 [============>                 ]  42% (46200/110000)
[Kchain  5 [============>                 ]  42% (46200/110000)
[Kchain  6 [============>                 ]  43% (47300/110000)
[Kchain  7 [============>                 ]  43% (47300/110000)
[Kchain  8 [============>                 ]  43% (47300/110000)
[Kchain  9 [============>                 ]  43% (47300/110000)
[Kchain 10 [============>                 ]  42% (46200/110000)
[Kchain 11 [============>                 ]  43% (47300/110000)
[13A[KRunning N=2 | per-chain progress
[Kchain  0 [=============>                ]  44% (48400/110000)
[Kchain  1 [============>                 ]  43% (47300/110000)
[Kchain  2 [============>                 ]  42% (46200/110000)
[Kchain  3 [============>                 ]  43% (47300/110000)
[Kchain  4 [============>                 ]  42% (46200/110000)
[Kchain  5 [============>                 ]  43% (47300/110000)
[Kchain  6 [============>                 ]  43% (47300/110000)
[Kchain  7 [============>                 ]  43% (47300/110000)
[Kchain  8 [============>                 ]  43% (47300/110000)
[Kchain  9 [============>                 ]  43% (47300/110000)
[Kchain 10 [============>                 ]  42% (46200/110000)
[Kchain 11 [============>                 ]  43% (47300/110000)
[13A[KRunning N=2 | per-chain progress
[Kchain  0 [=============>                ]  44% (48400/110000)
[Kchain  1 [============>                 ]  43% (47300/110000)
[Kchain  2 [============>                 ]  42% (46200/110000)
[Kchain  3 [============>                 ]  43% (47300/110000)
[Kchain  4 [============>                 ]  43% (47300/110000)
[Kchain  5 [============>                 ]  43% (47300/110000)
[Kchain  6 [============>                 ]  43% (47300/110000)
[Kchain  7 [============>                 ]  43% (47300/110000)
[Kchain  8 [============>                 ]  43% (47300/110000)
[Kchain  9 [============>                 ]  43% (47300/110000)
[Kchain 10 [============>                 ]  42% (46200/110000)
[Kchain 11 [============>                 ]  43% (47300/110000)
[13A[KRunning N=2 | per-chain progress
[Kchain  0 [=============>                ]  44% (48400/110000)
[Kchain  1 [============>                 ]  43% (47300/110000)
[Kchain  2 [============>                 ]  42% (46200/110000)
[Kchain  3 [============>                 ]  43% (47300/110000)
[Kchain  4 [============>                 ]  43% (47300/110000)
[Kchain  5 [============>                 ]  43% (47300/110000)
[Kchain  6 [============>                 ]  43% (47300/110000)
[Kchain  7 [============>                 ]  43% (47300/110000)
[Kchain  8 [============>                 ]  43% (47300/110000)
[Kchain  9 [============>                 ]  43% (47300/110000)
[Kchain 10 [============>                 ]  43% (47300/110000)
[Kchain 11 [============>                 ]  43% (47300/110000)
[13A[KRunning N=2 | per-chain progress
[Kchain  0 [=============>                ]  44% (48400/110000)
[Kchain  1 [=============>                ]  44% (48400/110000)
[Kchain  2 [============>                 ]  42% (46200/110000)
[Kchain  3 [============>                 ]  43% (47300/110000)
[Kchain  4 [============>                 ]  43% (47300/110000)
[Kchain  5 [============>                 ]  43% (47300/110000)
[Kchain  6 [============>                 ]  43% (47300/110000)
[Kchain  7 [============>                 ]  43% (47300/110000)
[Kchain  8 [============>                 ]  43% (47300/110000)
[Kchain  9 [============>                 ]  43% (47300/110000)
[Kchain 10 [============>                 ]  43% (47300/110000)
[Kchain 11 [============>                 ]  43% (47300/110000)
[13A[KRunning N=2 | per-chain progress
[Kchain  0 [=============>                ]  44% (48400/110000)
[Kchain  1 [=============>                ]  44% (48400/110000)
[Kchain  2 [============>                 ]  43% (47300/110000)
[Kchain  3 [============>                 ]  43% (47300/110000)
[Kchain  4 [============>                 ]  43% (47300/110000)
[Kchain  5 [============>                 ]  43% (47300/110000)
[Kchain  6 [============>                 ]  43% (47300/110000)
[Kchain  7 [============>                 ]  43% (47300/110000)
[Kchain  8 [============>                 ]  43% (47300/110000)
[Kchain  9 [============>                 ]  43% (47300/110000)
[Kchain 10 [============>                 ]  43% (47300/110000)
[Kchain 11 [============>                 ]  43% (47300/110000)
[13A[KRunning N=2 | per-chain progress
[Kchain  0 [=============>                ]  44% (48400/110000)
[Kchain  1 [=============>                ]  44% (48400/110000)
[Kchain  2 [============>                 ]  43% (47300/110000)
[Kchain  3 [============>                 ]  43% (47300/110000)
[Kchain  4 [============>                 ]  43% (47300/110000)
[Kchain  5 [============>                 ]  43% (47300/110000)
[Kchain  6 [============>                 ]  43% (47300/110000)
[Kchain  7 [============>                 ]  43% (47300/110000)
[Kchain  8 [=============>                ]  44% (48400/110000)
[Kchain  9 [============>                 ]  43% (47300/110000)
[Kchain 10 [============>                 ]  43% (47300/110000)
[Kchain 11 [============>                 ]  43% (47300/110000)
[13A[KRunning N=2 | per-chain progress
[Kchain  0 [=============>                ]  44% (48400/110000)
[Kchain  1 [=============>                ]  44% (48400/110000)
[Kchain  2 [============>                 ]  43% (47300/110000)
[Kchain  3 [=============>                ]  44% (48400/110000)
[Kchain  4 [============>                 ]  43% (47300/110000)
[Kchain  5 [============>                 ]  43% (47300/110000)
[Kchain  6 [============>                 ]  43% (47300/110000)
[Kchain  7 [============>                 ]  43% (47300/110000)
[Kchain  8 [=============>                ]  44% (48400/110000)
[Kchain  9 [============>                 ]  43% (47300/110000)
[Kchain 10 [============>                 ]  43% (47300/110000)
[Kchain 11 [============>                 ]  43% (47300/110000)
[13A[KRunning N=2 | per-chain progress
[Kchain  0 [=============>                ]  45% (49500/110000)
[Kchain  1 [=============>                ]  44% (48400/110000)
[Kchain  2 [============>                 ]  43% (47300/110000)
[Kchain  3 [=============>                ]  44% (48400/110000)
[Kchain  4 [============>                 ]  43% (47300/110000)
[Kchain  5 [============>                 ]  43% (47300/110000)
[Kchain  6 [============>                 ]  43% (47300/110000)
[Kchain  7 [============>                 ]  43% (47300/110000)
[Kchain  8 [=============>                ]  44% (48400/110000)
[Kchain  9 [============>                 ]  43% (47300/110000)
[Kchain 10 [============>                 ]  43% (47300/110000)
[Kchain 11 [============>                 ]  43% (47300/110000)
[13A[KRunning N=2 | per-chain progress
[Kchain  0 [=============>                ]  45% (49500/110000)
[Kchain  1 [=============>                ]  44% (48400/110000)
[Kchain  2 [============>                 ]  43% (47300/110000)
[Kchain  3 [=============>                ]  44% (48400/110000)
[Kchain  4 [============>                 ]  43% (47300/110000)
[Kchain  5 [============>                 ]  43% (47300/110000)
[Kchain  6 [=============>                ]  44% (48400/110000)
[Kchain  7 [=============>                ]  44% (48400/110000)
[Kchain  8 [=============>                ]  44% (48400/110000)
[Kchain  9 [============>                 ]  43% (47300/110000)
[Kchain 10 [============>                 ]  43% (47300/110000)
[Kchain 11 [============>                 ]  43% (47300/110000)
[13A[KRunning N=2 | per-chain progress
[Kchain  0 [=============>                ]  45% (49500/110000)
[Kchain  1 [=============>                ]  44% (48400/110000)
[Kchain  2 [============>                 ]  43% (47300/110000)
[Kchain  3 [=============>                ]  44% (48400/110000)
[Kchain  4 [============>                 ]  43% (47300/110000)
[Kchain  5 [============>                 ]  43% (47300/110000)
[Kchain  6 [=============>                ]  44% (48400/110000)
[Kchain  7 [=============>                ]  44% (48400/110000)
[Kchain  8 [=============>                ]  44% (48400/110000)
[Kchain  9 [=============>                ]  44% (48400/110000)
[Kchain 10 [============>                 ]  43% (47300/110000)
[Kchain 11 [============>                 ]  43% (47300/110000)
[13A[KRunning N=2 | per-chain progress
[Kchain  0 [=============>                ]  45% (49500/110000)
[Kchain  1 [=============>                ]  44% (48400/110000)
[Kchain  2 [============>                 ]  43% (47300/110000)
[Kchain  3 [=============>                ]  44% (48400/110000)
[Kchain  4 [============>                 ]  43% (47300/110000)
[Kchain  5 [============>                 ]  43% (47300/110000)
[Kchain  6 [=============>                ]  44% (48400/110000)
[Kchain  7 [=============>                ]  44% (48400/110000)
[Kchain  8 [=============>                ]  44% (48400/110000)
[Kchain  9 [=============>                ]  44% (48400/110000)
[Kchain 10 [============>                 ]  43% (47300/110000)
[Kchain 11 [=============>                ]  44% (48400/110000)
[13A[KRunning N=2 | per-chain progress
[Kchain  0 [=============>                ]  45% (49500/110000)
[Kchain  1 [=============>                ]  44% (48400/110000)
[Kchain  2 [============>                 ]  43% (47300/110000)
[Kchain  3 [=============>                ]  44% (48400/110000)
[Kchain  4 [============>                 ]  43% (47300/110000)
[Kchain  5 [============>                 ]  43% (47300/110000)
[Kchain  6 [=============>                ]  44% (48400/110000)
[Kchain  7 [=============>                ]  44% (48400/110000)
[Kchain  8 [=============>                ]  44% (48400/110000)
[Kchain  9 [=============>                ]  44% (48400/110000)
[Kchain 10 [============>                 ]  43% (47300/110000)
[Kchain 11 [=============>                ]  44% (48400/110000)
[13A[KRunning N=2 | per-chain progress
[Kchain  0 [=============>                ]  45% (49500/110000)
[Kchain  1 [=============>                ]  44% (48400/110000)
[Kchain  2 [============>                 ]  43% (47300/110000)
[Kchain  3 [=============>                ]  44% (48400/110000)
[Kchain  4 [============>                 ]  43% (47300/110000)
[Kchain  5 [=============>                ]  44% (48400/110000)
[Kchain  6 [=============>                ]  44% (48400/110000)
[Kchain  7 [=============>                ]  44% (48400/110000)
[Kchain  8 [=============>                ]  44% (48400/110000)
[Kchain  9 [=============>                ]  44% (48400/110000)
[Kchain 10 [============>                 ]  43% (47300/110000)
[Kchain 11 [=============>                ]  44% (48400/110000)
[13A[KRunning N=2 | per-chain progress
[Kchain  0 [=============>                ]  45% (49500/110000)
[Kchain  1 [=============>                ]  44% (48400/110000)
[Kchain  2 [============>                 ]  43% (47300/110000)
[Kchain  3 [=============>                ]  44% (48400/110000)
[Kchain  4 [=============>                ]  44% (48400/110000)
[Kchain  5 [=============>                ]  44% (48400/110000)
[Kchain  6 [=============>                ]  44% (48400/110000)
[Kchain  7 [=============>                ]  44% (48400/110000)
[Kchain  8 [=============>                ]  44% (48400/110000)
[Kchain  9 [=============>                ]  44% (48400/110000)
[Kchain 10 [=============>                ]  44% (48400/110000)
[Kchain 11 [=============>                ]  44% (48400/110000)
[13A[KRunning N=2 | per-chain progress
[Kchain  0 [=============>                ]  45% (49500/110000)
[Kchain  1 [=============>                ]  44% (48400/110000)
[Kchain  2 [============>                 ]  43% (47300/110000)
[Kchain  3 [=============>                ]  44% (48400/110000)
[Kchain  4 [=============>                ]  44% (48400/110000)
[Kchain  5 [=============>                ]  44% (48400/110000)
[Kchain  6 [=============>                ]  44% (48400/110000)
[Kchain  7 [=============>                ]  44% (48400/110000)
[Kchain  8 [=============>                ]  44% (48400/110000)
[Kchain  9 [=============>                ]  44% (48400/110000)
[Kchain 10 [=============>                ]  44% (48400/110000)
[Kchain 11 [=============>                ]  44% (48400/110000)
[13A[KRunning N=2 | per-chain progress
[Kchain  0 [=============>                ]  45% (49500/110000)
[Kchain  1 [=============>                ]  45% (49500/110000)
[Kchain  2 [============>                 ]  43% (47300/110000)
[Kchain  3 [=============>                ]  44% (48400/110000)
[Kchain  4 [=============>                ]  44% (48400/110000)
[Kchain  5 [=============>                ]  44% (48400/110000)
[Kchain  6 [=============>                ]  44% (48400/110000)
[Kchain  7 [=============>                ]  44% (48400/110000)
[Kchain  8 [=============>                ]  44% (48400/110000)
[Kchain  9 [=============>                ]  44% (48400/110000)
[Kchain 10 [=============>                ]  44% (48400/110000)
[Kchain 11 [=============>                ]  44% (48400/110000)
[13A[KRunning N=2 | per-chain progress
[Kchain  0 [=============>                ]  45% (49500/110000)
[Kchain  1 [=============>                ]  45% (49500/110000)
[Kchain  2 [=============>                ]  44% (48400/110000)
[Kchain  3 [=============>                ]  44% (48400/110000)
[Kchain  4 [=============>                ]  44% (48400/110000)
[Kchain  5 [=============>                ]  44% (48400/110000)
[Kchain  6 [=============>                ]  44% (48400/110000)
[Kchain  7 [=============>                ]  44% (48400/110000)
[Kchain  8 [=============>                ]  44% (48400/110000)
[Kchain  9 [=============>                ]  44% (48400/110000)
[Kchain 10 [=============>                ]  44% (48400/110000)
[Kchain 11 [=============>                ]  44% (48400/110000)
[13A[KRunning N=2 | per-chain progress
[Kchain  0 [=============>                ]  45% (49500/110000)
[Kchain  1 [=============>                ]  45% (49500/110000)
[Kchain  2 [=============>                ]  44% (48400/110000)
[Kchain  3 [=============>                ]  44% (48400/110000)
[Kchain  4 [=============>                ]  44% (48400/110000)
[Kchain  5 [=============>                ]  44% (48400/110000)
[Kchain  6 [=============>                ]  44% (48400/110000)
[Kchain  7 [=============>                ]  44% (48400/110000)
[Kchain  8 [=============>                ]  45% (49500/110000)
[Kchain  9 [=============>                ]  44% (48400/110000)
[Kchain 10 [=============>                ]  44% (48400/110000)
[Kchain 11 [=============>                ]  44% (48400/110000)
[13A[KRunning N=2 | per-chain progress
[Kchain  0 [=============>                ]  45% (49500/110000)
[Kchain  1 [=============>                ]  45% (49500/110000)
[Kchain  2 [=============>                ]  44% (48400/110000)
[Kchain  3 [=============>                ]  44% (48400/110000)
[Kchain  4 [=============>                ]  44% (48400/110000)
[Kchain  5 [=============>                ]  44% (48400/110000)
[Kchain  6 [=============>                ]  44% (48400/110000)
[Kchain  7 [=============>                ]  44% (48400/110000)
[Kchain  8 [=============>                ]  45% (49500/110000)
[Kchain  9 [=============>                ]  44% (48400/110000)
[Kchain 10 [=============>                ]  44% (48400/110000)
[Kchain 11 [=============>                ]  44% (48400/110000)
[13A[KRunning N=2 | per-chain progress
[Kchain  0 [=============>                ]  45% (49500/110000)
[Kchain  1 [=============>                ]  45% (49500/110000)
[Kchain  2 [=============>                ]  44% (48400/110000)
[Kchain  3 [=============>                ]  45% (49500/110000)
[Kchain  4 [=============>                ]  44% (48400/110000)
[Kchain  5 [=============>                ]  44% (48400/110000)
[Kchain  6 [=============>                ]  44% (48400/110000)
[Kchain  7 [=============>                ]  44% (48400/110000)
[Kchain  8 [=============>                ]  45% (49500/110000)
[Kchain  9 [=============>                ]  44% (48400/110000)
[Kchain 10 [=============>                ]  44% (48400/110000)
[Kchain 11 [=============>                ]  44% (48400/110000)
[13A[KRunning N=2 | per-chain progress
[Kchain  0 [=============>                ]  46% (50600/110000)
[Kchain  1 [=============>                ]  45% (49500/110000)
[Kchain  2 [=============>                ]  44% (48400/110000)
[Kchain  3 [=============>                ]  45% (49500/110000)
[Kchain  4 [=============>                ]  44% (48400/110000)
[Kchain  5 [=============>                ]  44% (48400/110000)
[Kchain  6 [=============>                ]  44% (48400/110000)
[Kchain  7 [=============>                ]  44% (48400/110000)
[Kchain  8 [=============>                ]  45% (49500/110000)
[Kchain  9 [=============>                ]  44% (48400/110000)
[Kchain 10 [=============>                ]  44% (48400/110000)
[Kchain 11 [=============>                ]  44% (48400/110000)
[13A[KRunning N=2 | per-chain progress
[Kchain  0 [=============>                ]  46% (50600/110000)
[Kchain  1 [=============>                ]  45% (49500/110000)
[Kchain  2 [=============>                ]  44% (48400/110000)
[Kchain  3 [=============>                ]  45% (49500/110000)
[Kchain  4 [=============>                ]  44% (48400/110000)
[Kchain  5 [=============>                ]  44% (48400/110000)
[Kchain  6 [=============>                ]  45% (49500/110000)
[Kchain  7 [=============>                ]  45% (49500/110000)
[Kchain  8 [=============>                ]  45% (49500/110000)
[Kchain  9 [=============>                ]  44% (48400/110000)
[Kchain 10 [=============>                ]  44% (48400/110000)
[Kchain 11 [=============>                ]  44% (48400/110000)
[13A[KRunning N=2 | per-chain progress
[Kchain  0 [=============>                ]  46% (50600/110000)
[Kchain  1 [=============>                ]  45% (49500/110000)
[Kchain  2 [=============>                ]  44% (48400/110000)
[Kchain  3 [=============>                ]  45% (49500/110000)
[Kchain  4 [=============>                ]  44% (48400/110000)
[Kchain  5 [=============>                ]  44% (48400/110000)
[Kchain  6 [=============>                ]  45% (49500/110000)
[Kchain  7 [=============>                ]  45% (49500/110000)
[Kchain  8 [=============>                ]  45% (49500/110000)
[Kchain  9 [=============>                ]  45% (49500/110000)
[Kchain 10 [=============>                ]  44% (48400/110000)
[Kchain 11 [=============>                ]  44% (48400/110000)
[13A[KRunning N=2 | per-chain progress
[Kchain  0 [=============>                ]  46% (50600/110000)
[Kchain  1 [=============>                ]  45% (49500/110000)
[Kchain  2 [=============>                ]  44% (48400/110000)
[Kchain  3 [=============>                ]  45% (49500/110000)
[Kchain  4 [=============>                ]  44% (48400/110000)
[Kchain  5 [=============>                ]  44% (48400/110000)
[Kchain  6 [=============>                ]  45% (49500/110000)
[Kchain  7 [=============>                ]  45% (49500/110000)
[Kchain  8 [=============>                ]  45% (49500/110000)
[Kchain  9 [=============>                ]  45% (49500/110000)
[Kchain 10 [=============>                ]  44% (48400/110000)
[Kchain 11 [=============>                ]  45% (49500/110000)
[13A[KRunning N=2 | per-chain progress
[Kchain  0 [=============>                ]  46% (50600/110000)
[Kchain  1 [=============>                ]  45% (49500/110000)
[Kchain  2 [=============>                ]  44% (48400/110000)
[Kchain  3 [=============>                ]  45% (49500/110000)
[Kchain  4 [=============>                ]  44% (48400/110000)
[Kchain  5 [=============>                ]  44% (48400/110000)
[Kchain  6 [=============>                ]  45% (49500/110000)
[Kchain  7 [=============>                ]  45% (49500/110000)
[Kchain  8 [=============>                ]  45% (49500/110000)
[Kchain  9 [=============>                ]  45% (49500/110000)
[Kchain 10 [=============>                ]  44% (48400/110000)
[Kchain 11 [=============>                ]  45% (49500/110000)
[13A[KRunning N=2 | per-chain progress
[Kchain  0 [=============>                ]  46% (50600/110000)
[Kchain  1 [=============>                ]  45% (49500/110000)
[Kchain  2 [=============>                ]  44% (48400/110000)
[Kchain  3 [=============>                ]  45% (49500/110000)
[Kchain  4 [=============>                ]  44% (48400/110000)
[Kchain  5 [=============>                ]  45% (49500/110000)
[Kchain  6 [=============>                ]  45% (49500/110000)
[Kchain  7 [=============>                ]  45% (49500/110000)
[Kchain  8 [=============>                ]  45% (49500/110000)
[Kchain  9 [=============>                ]  45% (49500/110000)
[Kchain 10 [=============>                ]  44% (48400/110000)
[Kchain 11 [=============>                ]  45% (49500/110000)
[13A[KRunning N=2 | per-chain progress
[Kchain  0 [=============>                ]  46% (50600/110000)
[Kchain  1 [=============>                ]  45% (49500/110000)
[Kchain  2 [=============>                ]  44% (48400/110000)
[Kchain  3 [=============>                ]  45% (49500/110000)
[Kchain  4 [=============>                ]  45% (49500/110000)
[Kchain  5 [=============>                ]  45% (49500/110000)
[Kchain  6 [=============>                ]  45% (49500/110000)
[Kchain  7 [=============>                ]  45% (49500/110000)
[Kchain  8 [=============>                ]  45% (49500/110000)
[Kchain  9 [=============>                ]  45% (49500/110000)
[Kchain 10 [=============>                ]  45% (49500/110000)
[Kchain 11 [=============>                ]  45% (49500/110000)
[13A[KRunning N=2 | per-chain progress
[Kchain  0 [=============>                ]  46% (50600/110000)
[Kchain  1 [=============>                ]  45% (49500/110000)
[Kchain  2 [=============>                ]  44% (48400/110000)
[Kchain  3 [=============>                ]  45% (49500/110000)
[Kchain  4 [=============>                ]  45% (49500/110000)
[Kchain  5 [=============>                ]  45% (49500/110000)
[Kchain  6 [=============>                ]  45% (49500/110000)
[Kchain  7 [=============>                ]  45% (49500/110000)
[Kchain  8 [=============>                ]  45% (49500/110000)
[Kchain  9 [=============>                ]  45% (49500/110000)
[Kchain 10 [=============>                ]  45% (49500/110000)
[Kchain 11 [=============>                ]  45% (49500/110000)
[13A[KRunning N=2 | per-chain progress
[Kchain  0 [=============>                ]  46% (50600/110000)
[Kchain  1 [=============>                ]  46% (50600/110000)
[Kchain  2 [=============>                ]  44% (48400/110000)
[Kchain  3 [=============>                ]  45% (49500/110000)
[Kchain  4 [=============>                ]  45% (49500/110000)
[Kchain  5 [=============>                ]  45% (49500/110000)
[Kchain  6 [=============>                ]  45% (49500/110000)
[Kchain  7 [=============>                ]  45% (49500/110000)
[Kchain  8 [=============>                ]  45% (49500/110000)
[Kchain  9 [=============>                ]  45% (49500/110000)
[Kchain 10 [=============>                ]  45% (49500/110000)
[Kchain 11 [=============>                ]  45% (49500/110000)
[13A[KRunning N=2 | per-chain progress
[Kchain  0 [=============>                ]  46% (50600/110000)
[Kchain  1 [=============>                ]  46% (50600/110000)
[Kchain  2 [=============>                ]  45% (49500/110000)
[Kchain  3 [=============>                ]  45% (49500/110000)
[Kchain  4 [=============>                ]  45% (49500/110000)
[Kchain  5 [=============>                ]  45% (49500/110000)
[Kchain  6 [=============>                ]  45% (49500/110000)
[Kchain  7 [=============>                ]  45% (49500/110000)
[Kchain  8 [=============>                ]  46% (50600/110000)
[Kchain  9 [=============>                ]  45% (49500/110000)
[Kchain 10 [=============>                ]  45% (49500/110000)
[Kchain 11 [=============>                ]  45% (49500/110000)
[13A[KRunning N=2 | per-chain progress
[Kchain  0 [=============>                ]  46% (50600/110000)
[Kchain  1 [=============>                ]  46% (50600/110000)
[Kchain  2 [=============>                ]  45% (49500/110000)
[Kchain  3 [=============>                ]  45% (49500/110000)
[Kchain  4 [=============>                ]  45% (49500/110000)
[Kchain  5 [=============>                ]  45% (49500/110000)
[Kchain  6 [=============>                ]  45% (49500/110000)
[Kchain  7 [=============>                ]  45% (49500/110000)
[Kchain  8 [=============>                ]  46% (50600/110000)
[Kchain  9 [=============>                ]  45% (49500/110000)
[Kchain 10 [=============>                ]  45% (49500/110000)
[Kchain 11 [=============>                ]  45% (49500/110000)
[13A[KRunning N=2 | per-chain progress
[Kchain  0 [=============>                ]  46% (50600/110000)
[Kchain  1 [=============>                ]  46% (50600/110000)
[Kchain  2 [=============>                ]  45% (49500/110000)
[Kchain  3 [=============>                ]  46% (50600/110000)
[Kchain  4 [=============>                ]  45% (49500/110000)
[Kchain  5 [=============>                ]  45% (49500/110000)
[Kchain  6 [=============>                ]  45% (49500/110000)
[Kchain  7 [=============>                ]  45% (49500/110000)
[Kchain  8 [=============>                ]  46% (50600/110000)
[Kchain  9 [=============>                ]  45% (49500/110000)
[Kchain 10 [=============>                ]  45% (49500/110000)
[Kchain 11 [=============>                ]  45% (49500/110000)
[13A[KRunning N=2 | per-chain progress
[Kchain  0 [==============>               ]  47% (51700/110000)
[Kchain  1 [=============>                ]  46% (50600/110000)
[Kchain  2 [=============>                ]  45% (49500/110000)
[Kchain  3 [=============>                ]  46% (50600/110000)
[Kchain  4 [=============>                ]  45% (49500/110000)
[Kchain  5 [=============>                ]  45% (49500/110000)
[Kchain  6 [=============>                ]  45% (49500/110000)
[Kchain  7 [=============>                ]  45% (49500/110000)
[Kchain  8 [=============>                ]  46% (50600/110000)
[Kchain  9 [=============>                ]  45% (49500/110000)
[Kchain 10 [=============>                ]  45% (49500/110000)
[Kchain 11 [=============>                ]  45% (49500/110000)
[13A[KRunning N=2 | per-chain progress
[Kchain  0 [==============>               ]  47% (51700/110000)
[Kchain  1 [=============>                ]  46% (50600/110000)
[Kchain  2 [=============>                ]  45% (49500/110000)
[Kchain  3 [=============>                ]  46% (50600/110000)
[Kchain  4 [=============>                ]  45% (49500/110000)
[Kchain  5 [=============>                ]  45% (49500/110000)
[Kchain  6 [=============>                ]  46% (50600/110000)
[Kchain  7 [=============>                ]  46% (50600/110000)
[Kchain  8 [=============>                ]  46% (50600/110000)
[Kchain  9 [=============>                ]  45% (49500/110000)
[Kchain 10 [=============>                ]  45% (49500/110000)
[Kchain 11 [=============>                ]  45% (49500/110000)
[13A[KRunning N=2 | per-chain progress
[Kchain  0 [==============>               ]  47% (51700/110000)
[Kchain  1 [=============>                ]  46% (50600/110000)
[Kchain  2 [=============>                ]  45% (49500/110000)
[Kchain  3 [=============>                ]  46% (50600/110000)
[Kchain  4 [=============>                ]  45% (49500/110000)
[Kchain  5 [=============>                ]  45% (49500/110000)
[Kchain  6 [=============>                ]  46% (50600/110000)
[Kchain  7 [=============>                ]  46% (50600/110000)
[Kchain  8 [=============>                ]  46% (50600/110000)
[Kchain  9 [=============>                ]  46% (50600/110000)
[Kchain 10 [=============>                ]  45% (49500/110000)
[Kchain 11 [=============>                ]  45% (49500/110000)
[13A[KRunning N=2 | per-chain progress
[Kchain  0 [==============>               ]  47% (51700/110000)
[Kchain  1 [=============>                ]  46% (50600/110000)
[Kchain  2 [=============>                ]  45% (49500/110000)
[Kchain  3 [=============>                ]  46% (50600/110000)
[Kchain  4 [=============>                ]  45% (49500/110000)
[Kchain  5 [=============>                ]  45% (49500/110000)
[Kchain  6 [=============>                ]  46% (50600/110000)
[Kchain  7 [=============>                ]  46% (50600/110000)
[Kchain  8 [=============>                ]  46% (50600/110000)
[Kchain  9 [=============>                ]  46% (50600/110000)
[Kchain 10 [=============>                ]  45% (49500/110000)
[Kchain 11 [=============>                ]  46% (50600/110000)
[13A[KRunning N=2 | per-chain progress
[Kchain  0 [==============>               ]  47% (51700/110000)
[Kchain  1 [=============>                ]  46% (50600/110000)
[Kchain  2 [=============>                ]  45% (49500/110000)
[Kchain  3 [=============>                ]  46% (50600/110000)
[Kchain  4 [=============>                ]  45% (49500/110000)
[Kchain  5 [=============>                ]  45% (49500/110000)
[Kchain  6 [=============>                ]  46% (50600/110000)
[Kchain  7 [=============>                ]  46% (50600/110000)
[Kchain  8 [=============>                ]  46% (50600/110000)
[Kchain  9 [=============>                ]  46% (50600/110000)
[Kchain 10 [=============>                ]  45% (49500/110000)
[Kchain 11 [=============>                ]  46% (50600/110000)
[13A[KRunning N=2 | per-chain progress
[Kchain  0 [==============>               ]  47% (51700/110000)
[Kchain  1 [=============>                ]  46% (50600/110000)
[Kchain  2 [=============>                ]  45% (49500/110000)
[Kchain  3 [=============>                ]  46% (50600/110000)
[Kchain  4 [=============>                ]  45% (49500/110000)
[Kchain  5 [=============>                ]  46% (50600/110000)
[Kchain  6 [=============>                ]  46% (50600/110000)
[Kchain  7 [=============>                ]  46% (50600/110000)
[Kchain  8 [=============>                ]  46% (50600/110000)
[Kchain  9 [=============>                ]  46% (50600/110000)
[Kchain 10 [=============>                ]  45% (49500/110000)
[Kchain 11 [=============>                ]  46% (50600/110000)
[13A[KRunning N=2 | per-chain progress
[Kchain  0 [==============>               ]  47% (51700/110000)
[Kchain  1 [=============>                ]  46% (50600/110000)
[Kchain  2 [=============>                ]  45% (49500/110000)
[Kchain  3 [=============>                ]  46% (50600/110000)
[Kchain  4 [=============>                ]  46% (50600/110000)
[Kchain  5 [=============>                ]  46% (50600/110000)
[Kchain  6 [=============>                ]  46% (50600/110000)
[Kchain  7 [=============>                ]  46% (50600/110000)
[Kchain  8 [=============>                ]  46% (50600/110000)
[Kchain  9 [=============>                ]  46% (50600/110000)
[Kchain 10 [=============>                ]  46% (50600/110000)
[Kchain 11 [=============>                ]  46% (50600/110000)
[13A[KRunning N=2 | per-chain progress
[Kchain  0 [==============>               ]  47% (51700/110000)
[Kchain  1 [=============>                ]  46% (50600/110000)
[Kchain  2 [=============>                ]  45% (49500/110000)
[Kchain  3 [=============>                ]  46% (50600/110000)
[Kchain  4 [=============>                ]  46% (50600/110000)
[Kchain  5 [=============>                ]  46% (50600/110000)
[Kchain  6 [=============>                ]  46% (50600/110000)
[Kchain  7 [=============>                ]  46% (50600/110000)
[Kchain  8 [=============>                ]  46% (50600/110000)
[Kchain  9 [=============>                ]  46% (50600/110000)
[Kchain 10 [=============>                ]  46% (50600/110000)
[Kchain 11 [=============>                ]  46% (50600/110000)
[13A[KRunning N=2 | per-chain progress
[Kchain  0 [==============>               ]  47% (51700/110000)
[Kchain  1 [==============>               ]  47% (51700/110000)
[Kchain  2 [=============>                ]  45% (49500/110000)
[Kchain  3 [=============>                ]  46% (50600/110000)
[Kchain  4 [=============>                ]  46% (50600/110000)
[Kchain  5 [=============>                ]  46% (50600/110000)
[Kchain  6 [=============>                ]  46% (50600/110000)
[Kchain  7 [=============>                ]  46% (50600/110000)
[Kchain  8 [=============>                ]  46% (50600/110000)
[Kchain  9 [=============>                ]  46% (50600/110000)
[Kchain 10 [=============>                ]  46% (50600/110000)
[Kchain 11 [=============>                ]  46% (50600/110000)
[13A[KRunning N=2 | per-chain progress
[Kchain  0 [==============>               ]  47% (51700/110000)
[Kchain  1 [==============>               ]  47% (51700/110000)
[Kchain  2 [=============>                ]  46% (50600/110000)
[Kchain  3 [=============>                ]  46% (50600/110000)
[Kchain  4 [=============>                ]  46% (50600/110000)
[Kchain  5 [=============>                ]  46% (50600/110000)
[Kchain  6 [=============>                ]  46% (50600/110000)
[Kchain  7 [=============>                ]  46% (50600/110000)
[Kchain  8 [==============>               ]  47% (51700/110000)
[Kchain  9 [=============>                ]  46% (50600/110000)
[Kchain 10 [=============>                ]  46% (50600/110000)
[Kchain 11 [=============>                ]  46% (50600/110000)
[13A[KRunning N=2 | per-chain progress
[Kchain  0 [==============>               ]  47% (51700/110000)
[Kchain  1 [==============>               ]  47% (51700/110000)
[Kchain  2 [=============>                ]  46% (50600/110000)
[Kchain  3 [=============>                ]  46% (50600/110000)
[Kchain  4 [=============>                ]  46% (50600/110000)
[Kchain  5 [=============>                ]  46% (50600/110000)
[Kchain  6 [=============>                ]  46% (50600/110000)
[Kchain  7 [=============>                ]  46% (50600/110000)
[Kchain  8 [==============>               ]  47% (51700/110000)
[Kchain  9 [=============>                ]  46% (50600/110000)
[Kchain 10 [=============>                ]  46% (50600/110000)
[Kchain 11 [=============>                ]  46% (50600/110000)
[13A[KRunning N=2 | per-chain progress
[Kchain  0 [==============>               ]  47% (51700/110000)
[Kchain  1 [==============>               ]  47% (51700/110000)
[Kchain  2 [=============>                ]  46% (50600/110000)
[Kchain  3 [==============>               ]  47% (51700/110000)
[Kchain  4 [=============>                ]  46% (50600/110000)
[Kchain  5 [=============>                ]  46% (50600/110000)
[Kchain  6 [=============>                ]  46% (50600/110000)
[Kchain  7 [=============>                ]  46% (50600/110000)
[Kchain  8 [==============>               ]  47% (51700/110000)
[Kchain  9 [=============>                ]  46% (50600/110000)
[Kchain 10 [=============>                ]  46% (50600/110000)
[Kchain 11 [=============>                ]  46% (50600/110000)
[13A[KRunning N=2 | per-chain progress
[Kchain  0 [==============>               ]  48% (52800/110000)
[Kchain  1 [==============>               ]  47% (51700/110000)
[Kchain  2 [=============>                ]  46% (50600/110000)
[Kchain  3 [==============>               ]  47% (51700/110000)
[Kchain  4 [=============>                ]  46% (50600/110000)
[Kchain  5 [=============>                ]  46% (50600/110000)
[Kchain  6 [=============>                ]  46% (50600/110000)
[Kchain  7 [=============>                ]  46% (50600/110000)
[Kchain  8 [==============>               ]  47% (51700/110000)
[Kchain  9 [=============>                ]  46% (50600/110000)
[Kchain 10 [=============>                ]  46% (50600/110000)
[Kchain 11 [=============>                ]  46% (50600/110000)
[13A[KRunning N=2 | per-chain progress
[Kchain  0 [==============>               ]  48% (52800/110000)
[Kchain  1 [==============>               ]  47% (51700/110000)
[Kchain  2 [=============>                ]  46% (50600/110000)
[Kchain  3 [==============>               ]  47% (51700/110000)
[Kchain  4 [=============>                ]  46% (50600/110000)
[Kchain  5 [=============>                ]  46% (50600/110000)
[Kchain  6 [==============>               ]  47% (51700/110000)
[Kchain  7 [==============>               ]  47% (51700/110000)
[Kchain  8 [==============>               ]  47% (51700/110000)
[Kchain  9 [=============>                ]  46% (50600/110000)
[Kchain 10 [=============>                ]  46% (50600/110000)
[Kchain 11 [=============>                ]  46% (50600/110000)
[13A[KRunning N=2 | per-chain progress
[Kchain  0 [==============>               ]  48% (52800/110000)
[Kchain  1 [==============>               ]  47% (51700/110000)
[Kchain  2 [=============>                ]  46% (50600/110000)
[Kchain  3 [==============>               ]  47% (51700/110000)
[Kchain  4 [=============>                ]  46% (50600/110000)
[Kchain  5 [=============>                ]  46% (50600/110000)
[Kchain  6 [==============>               ]  47% (51700/110000)
[Kchain  7 [==============>               ]  47% (51700/110000)
[Kchain  8 [==============>               ]  47% (51700/110000)
[Kchain  9 [==============>               ]  47% (51700/110000)
[Kchain 10 [=============>                ]  46% (50600/110000)
[Kchain 11 [=============>                ]  46% (50600/110000)
[13A[KRunning N=2 | per-chain progress
[Kchain  0 [==============>               ]  48% (52800/110000)
[Kchain  1 [==============>               ]  47% (51700/110000)
[Kchain  2 [=============>                ]  46% (50600/110000)
[Kchain  3 [==============>               ]  47% (51700/110000)
[Kchain  4 [=============>                ]  46% (50600/110000)
[Kchain  5 [=============>                ]  46% (50600/110000)
[Kchain  6 [==============>               ]  47% (51700/110000)
[Kchain  7 [==============>               ]  47% (51700/110000)
[Kchain  8 [==============>               ]  47% (51700/110000)
[Kchain  9 [==============>               ]  47% (51700/110000)
[Kchain 10 [=============>                ]  46% (50600/110000)
[Kchain 11 [==============>               ]  47% (51700/110000)
[13A[KRunning N=2 | per-chain progress
[Kchain  0 [==============>               ]  48% (52800/110000)
[Kchain  1 [==============>               ]  47% (51700/110000)
[Kchain  2 [=============>                ]  46% (50600/110000)
[Kchain  3 [==============>               ]  47% (51700/110000)
[Kchain  4 [=============>                ]  46% (50600/110000)
[Kchain  5 [=============>                ]  46% (50600/110000)
[Kchain  6 [==============>               ]  47% (51700/110000)
[Kchain  7 [==============>               ]  47% (51700/110000)
[Kchain  8 [==============>               ]  47% (51700/110000)
[Kchain  9 [==============>               ]  47% (51700/110000)
[Kchain 10 [=============>                ]  46% (50600/110000)
[Kchain 11 [==============>               ]  47% (51700/110000)
[13A[KRunning N=2 | per-chain progress
[Kchain  0 [==============>               ]  48% (52800/110000)
[Kchain  1 [==============>               ]  47% (51700/110000)
[Kchain  2 [=============>                ]  46% (50600/110000)
[Kchain  3 [==============>               ]  47% (51700/110000)
[Kchain  4 [=============>                ]  46% (50600/110000)
[Kchain  5 [==============>               ]  47% (51700/110000)
[Kchain  6 [==============>               ]  47% (51700/110000)
[Kchain  7 [==============>               ]  47% (51700/110000)
[Kchain  8 [==============>               ]  47% (51700/110000)
[Kchain  9 [==============>               ]  47% (51700/110000)
[Kchain 10 [=============>                ]  46% (50600/110000)
[Kchain 11 [==============>               ]  47% (51700/110000)
[13A[KRunning N=2 | per-chain progress
[Kchain  0 [==============>               ]  48% (52800/110000)
[Kchain  1 [==============>               ]  47% (51700/110000)
[Kchain  2 [=============>                ]  46% (50600/110000)
[Kchain  3 [==============>               ]  47% (51700/110000)
[Kchain  4 [==============>               ]  47% (51700/110000)
[Kchain  5 [==============>               ]  47% (51700/110000)
[Kchain  6 [==============>               ]  47% (51700/110000)
[Kchain  7 [==============>               ]  47% (51700/110000)
[Kchain  8 [==============>               ]  47% (51700/110000)
[Kchain  9 [==============>               ]  47% (51700/110000)
[Kchain 10 [==============>               ]  47% (51700/110000)
[Kchain 11 [==============>               ]  47% (51700/110000)
[13A[KRunning N=2 | per-chain progress
[Kchain  0 [==============>               ]  48% (52800/110000)
[Kchain  1 [==============>               ]  47% (51700/110000)
[Kchain  2 [=============>                ]  46% (50600/110000)
[Kchain  3 [==============>               ]  47% (51700/110000)
[Kchain  4 [==============>               ]  47% (51700/110000)
[Kchain  5 [==============>               ]  47% (51700/110000)
[Kchain  6 [==============>               ]  47% (51700/110000)
[Kchain  7 [==============>               ]  47% (51700/110000)
[Kchain  8 [==============>               ]  47% (51700/110000)
[Kchain  9 [==============>               ]  47% (51700/110000)
[Kchain 10 [==============>               ]  47% (51700/110000)
[Kchain 11 [==============>               ]  47% (51700/110000)
[13A[KRunning N=2 | per-chain progress
[Kchain  0 [==============>               ]  48% (52800/110000)
[Kchain  1 [==============>               ]  48% (52800/110000)
[Kchain  2 [=============>                ]  46% (50600/110000)
[Kchain  3 [==============>               ]  47% (51700/110000)
[Kchain  4 [==============>               ]  47% (51700/110000)
[Kchain  5 [==============>               ]  47% (51700/110000)
[Kchain  6 [==============>               ]  47% (51700/110000)
[Kchain  7 [==============>               ]  47% (51700/110000)
[Kchain  8 [==============>               ]  47% (51700/110000)
[Kchain  9 [==============>               ]  47% (51700/110000)
[Kchain 10 [==============>               ]  47% (51700/110000)
[Kchain 11 [==============>               ]  47% (51700/110000)
[13A[KRunning N=2 | per-chain progress
[Kchain  0 [==============>               ]  48% (52800/110000)
[Kchain  1 [==============>               ]  48% (52800/110000)
[Kchain  2 [==============>               ]  47% (51700/110000)
[Kchain  3 [==============>               ]  47% (51700/110000)
[Kchain  4 [==============>               ]  47% (51700/110000)
[Kchain  5 [==============>               ]  47% (51700/110000)
[Kchain  6 [==============>               ]  47% (51700/110000)
[Kchain  7 [==============>               ]  47% (51700/110000)
[Kchain  8 [==============>               ]  48% (52800/110000)
[Kchain  9 [==============>               ]  47% (51700/110000)
[Kchain 10 [==============>               ]  47% (51700/110000)
[Kchain 11 [==============>               ]  47% (51700/110000)
[13A[KRunning N=2 | per-chain progress
[Kchain  0 [==============>               ]  48% (52800/110000)
[Kchain  1 [==============>               ]  48% (52800/110000)
[Kchain  2 [==============>               ]  47% (51700/110000)
[Kchain  3 [==============>               ]  47% (51700/110000)
[Kchain  4 [==============>               ]  47% (51700/110000)
[Kchain  5 [==============>               ]  47% (51700/110000)
[Kchain  6 [==============>               ]  47% (51700/110000)
[Kchain  7 [==============>               ]  47% (51700/110000)
[Kchain  8 [==============>               ]  48% (52800/110000)
[Kchain  9 [==============>               ]  47% (51700/110000)
[Kchain 10 [==============>               ]  47% (51700/110000)
[Kchain 11 [==============>               ]  47% (51700/110000)
[13A[KRunning N=2 | per-chain progress
[Kchain  0 [==============>               ]  48% (52800/110000)
[Kchain  1 [==============>               ]  48% (52800/110000)
[Kchain  2 [==============>               ]  47% (51700/110000)
[Kchain  3 [==============>               ]  48% (52800/110000)
[Kchain  4 [==============>               ]  47% (51700/110000)
[Kchain  5 [==============>               ]  47% (51700/110000)
[Kchain  6 [==============>               ]  47% (51700/110000)
[Kchain  7 [==============>               ]  47% (51700/110000)
[Kchain  8 [==============>               ]  48% (52800/110000)
[Kchain  9 [==============>               ]  47% (51700/110000)
[Kchain 10 [==============>               ]  47% (51700/110000)
[Kchain 11 [==============>               ]  47% (51700/110000)
[13A[KRunning N=2 | per-chain progress
[Kchain  0 [==============>               ]  49% (53900/110000)
[Kchain  1 [==============>               ]  48% (52800/110000)
[Kchain  2 [==============>               ]  47% (51700/110000)
[Kchain  3 [==============>               ]  48% (52800/110000)
[Kchain  4 [==============>               ]  47% (51700/110000)
[Kchain  5 [==============>               ]  47% (51700/110000)
[Kchain  6 [==============>               ]  47% (51700/110000)
[Kchain  7 [==============>               ]  47% (51700/110000)
[Kchain  8 [==============>               ]  48% (52800/110000)
[Kchain  9 [==============>               ]  47% (51700/110000)
[Kchain 10 [==============>               ]  47% (51700/110000)
[Kchain 11 [==============>               ]  47% (51700/110000)
[13A[KRunning N=2 | per-chain progress
[Kchain  0 [==============>               ]  49% (53900/110000)
[Kchain  1 [==============>               ]  48% (52800/110000)
[Kchain  2 [==============>               ]  47% (51700/110000)
[Kchain  3 [==============>               ]  48% (52800/110000)
[Kchain  4 [==============>               ]  47% (51700/110000)
[Kchain  5 [==============>               ]  47% (51700/110000)
[Kchain  6 [==============>               ]  48% (52800/110000)
[Kchain  7 [==============>               ]  48% (52800/110000)
[Kchain  8 [==============>               ]  48% (52800/110000)
[Kchain  9 [==============>               ]  47% (51700/110000)
[Kchain 10 [==============>               ]  47% (51700/110000)
[Kchain 11 [==============>               ]  47% (51700/110000)
[13A[KRunning N=2 | per-chain progress
[Kchain  0 [==============>               ]  49% (53900/110000)
[Kchain  1 [==============>               ]  48% (52800/110000)
[Kchain  2 [==============>               ]  47% (51700/110000)
[Kchain  3 [==============>               ]  48% (52800/110000)
[Kchain  4 [==============>               ]  47% (51700/110000)
[Kchain  5 [==============>               ]  47% (51700/110000)
[Kchain  6 [==============>               ]  48% (52800/110000)
[Kchain  7 [==============>               ]  48% (52800/110000)
[Kchain  8 [==============>               ]  48% (52800/110000)
[Kchain  9 [==============>               ]  48% (52800/110000)
[Kchain 10 [==============>               ]  47% (51700/110000)
[Kchain 11 [==============>               ]  47% (51700/110000)
[13A[KRunning N=2 | per-chain progress
[Kchain  0 [==============>               ]  49% (53900/110000)
[Kchain  1 [==============>               ]  48% (52800/110000)
[Kchain  2 [==============>               ]  47% (51700/110000)
[Kchain  3 [==============>               ]  48% (52800/110000)
[Kchain  4 [==============>               ]  47% (51700/110000)
[Kchain  5 [==============>               ]  47% (51700/110000)
[Kchain  6 [==============>               ]  48% (52800/110000)
[Kchain  7 [==============>               ]  48% (52800/110000)
[Kchain  8 [==============>               ]  48% (52800/110000)
[Kchain  9 [==============>               ]  48% (52800/110000)
[Kchain 10 [==============>               ]  47% (51700/110000)
[Kchain 11 [==============>               ]  48% (52800/110000)
[13A[KRunning N=2 | per-chain progress
[Kchain  0 [==============>               ]  49% (53900/110000)
[Kchain  1 [==============>               ]  48% (52800/110000)
[Kchain  2 [==============>               ]  47% (51700/110000)
[Kchain  3 [==============>               ]  48% (52800/110000)
[Kchain  4 [==============>               ]  47% (51700/110000)
[Kchain  5 [==============>               ]  47% (51700/110000)
[Kchain  6 [==============>               ]  48% (52800/110000)
[Kchain  7 [==============>               ]  48% (52800/110000)
[Kchain  8 [==============>               ]  48% (52800/110000)
[Kchain  9 [==============>               ]  48% (52800/110000)
[Kchain 10 [==============>               ]  47% (51700/110000)
[Kchain 11 [==============>               ]  48% (52800/110000)
[13A[KRunning N=2 | per-chain progress
[Kchain  0 [==============>               ]  49% (53900/110000)
[Kchain  1 [==============>               ]  48% (52800/110000)
[Kchain  2 [==============>               ]  47% (51700/110000)
[Kchain  3 [==============>               ]  48% (52800/110000)
[Kchain  4 [==============>               ]  47% (51700/110000)
[Kchain  5 [==============>               ]  48% (52800/110000)
[Kchain  6 [==============>               ]  48% (52800/110000)
[Kchain  7 [==============>               ]  48% (52800/110000)
[Kchain  8 [==============>               ]  48% (52800/110000)
[Kchain  9 [==============>               ]  48% (52800/110000)
[Kchain 10 [==============>               ]  47% (51700/110000)
[Kchain 11 [==============>               ]  48% (52800/110000)
[13A[KRunning N=2 | per-chain progress
[Kchain  0 [==============>               ]  49% (53900/110000)
[Kchain  1 [==============>               ]  48% (52800/110000)
[Kchain  2 [==============>               ]  47% (51700/110000)
[Kchain  3 [==============>               ]  48% (52800/110000)
[Kchain  4 [==============>               ]  48% (52800/110000)
[Kchain  5 [==============>               ]  48% (52800/110000)
[Kchain  6 [==============>               ]  48% (52800/110000)
[Kchain  7 [==============>               ]  48% (52800/110000)
[Kchain  8 [==============>               ]  48% (52800/110000)
[Kchain  9 [==============>               ]  48% (52800/110000)
[Kchain 10 [==============>               ]  48% (52800/110000)
[Kchain 11 [==============>               ]  48% (52800/110000)
[13A[KRunning N=2 | per-chain progress
[Kchain  0 [==============>               ]  49% (53900/110000)
[Kchain  1 [==============>               ]  48% (52800/110000)
[Kchain  2 [==============>               ]  47% (51700/110000)
[Kchain  3 [==============>               ]  48% (52800/110000)
[Kchain  4 [==============>               ]  48% (52800/110000)
[Kchain  5 [==============>               ]  48% (52800/110000)
[Kchain  6 [==============>               ]  48% (52800/110000)
[Kchain  7 [==============>               ]  48% (52800/110000)
[Kchain  8 [==============>               ]  48% (52800/110000)
[Kchain  9 [==============>               ]  48% (52800/110000)
[Kchain 10 [==============>               ]  48% (52800/110000)
[Kchain 11 [==============>               ]  48% (52800/110000)
[13A[KRunning N=2 | per-chain progress
[Kchain  0 [==============>               ]  49% (53900/110000)
[Kchain  1 [==============>               ]  49% (53900/110000)
[Kchain  2 [==============>               ]  47% (51700/110000)
[Kchain  3 [==============>               ]  48% (52800/110000)
[Kchain  4 [==============>               ]  48% (52800/110000)
[Kchain  5 [==============>               ]  48% (52800/110000)
[Kchain  6 [==============>               ]  48% (52800/110000)
[Kchain  7 [==============>               ]  48% (52800/110000)
[Kchain  8 [==============>               ]  48% (52800/110000)
[Kchain  9 [==============>               ]  48% (52800/110000)
[Kchain 10 [==============>               ]  48% (52800/110000)
[Kchain 11 [==============>               ]  48% (52800/110000)
[13A[KRunning N=2 | per-chain progress
[Kchain  0 [==============>               ]  49% (53900/110000)
[Kchain  1 [==============>               ]  49% (53900/110000)
[Kchain  2 [==============>               ]  48% (52800/110000)
[Kchain  3 [==============>               ]  48% (52800/110000)
[Kchain  4 [==============>               ]  48% (52800/110000)
[Kchain  5 [==============>               ]  48% (52800/110000)
[Kchain  6 [==============>               ]  48% (52800/110000)
[Kchain  7 [==============>               ]  48% (52800/110000)
[Kchain  8 [==============>               ]  49% (53900/110000)
[Kchain  9 [==============>               ]  48% (52800/110000)
[Kchain 10 [==============>               ]  48% (52800/110000)
[Kchain 11 [==============>               ]  48% (52800/110000)
[13A[KRunning N=2 | per-chain progress
[Kchain  0 [==============>               ]  49% (53900/110000)
[Kchain  1 [==============>               ]  49% (53900/110000)
[Kchain  2 [==============>               ]  48% (52800/110000)
[Kchain  3 [==============>               ]  48% (52800/110000)
[Kchain  4 [==============>               ]  48% (52800/110000)
[Kchain  5 [==============>               ]  48% (52800/110000)
[Kchain  6 [==============>               ]  48% (52800/110000)
[Kchain  7 [==============>               ]  48% (52800/110000)
[Kchain  8 [==============>               ]  49% (53900/110000)
[Kchain  9 [==============>               ]  48% (52800/110000)
[Kchain 10 [==============>               ]  48% (52800/110000)
[Kchain 11 [==============>               ]  48% (52800/110000)
[13A[KRunning N=2 | per-chain progress
[Kchain  0 [==============>               ]  49% (53900/110000)
[Kchain  1 [==============>               ]  49% (53900/110000)
[Kchain  2 [==============>               ]  48% (52800/110000)
[Kchain  3 [==============>               ]  49% (53900/110000)
[Kchain  4 [==============>               ]  48% (52800/110000)
[Kchain  5 [==============>               ]  48% (52800/110000)
[Kchain  6 [==============>               ]  48% (52800/110000)
[Kchain  7 [==============>               ]  48% (52800/110000)
[Kchain  8 [==============>               ]  49% (53900/110000)
[Kchain  9 [==============>               ]  48% (52800/110000)
[Kchain 10 [==============>               ]  48% (52800/110000)
[Kchain 11 [==============>               ]  48% (52800/110000)
[13A[KRunning N=2 | per-chain progress
[Kchain  0 [===============>              ]  50% (55000/110000)
[Kchain  1 [==============>               ]  49% (53900/110000)
[Kchain  2 [==============>               ]  48% (52800/110000)
[Kchain  3 [==============>               ]  49% (53900/110000)
[Kchain  4 [==============>               ]  48% (52800/110000)
[Kchain  5 [==============>               ]  48% (52800/110000)
[Kchain  6 [==============>               ]  48% (52800/110000)
[Kchain  7 [==============>               ]  48% (52800/110000)
[Kchain  8 [==============>               ]  49% (53900/110000)
[Kchain  9 [==============>               ]  48% (52800/110000)
[Kchain 10 [==============>               ]  48% (52800/110000)
[Kchain 11 [==============>               ]  48% (52800/110000)
[13A[KRunning N=2 | per-chain progress
[Kchain  0 [===============>              ]  50% (55000/110000)
[Kchain  1 [==============>               ]  49% (53900/110000)
[Kchain  2 [==============>               ]  48% (52800/110000)
[Kchain  3 [==============>               ]  49% (53900/110000)
[Kchain  4 [==============>               ]  48% (52800/110000)
[Kchain  5 [==============>               ]  48% (52800/110000)
[Kchain  6 [==============>               ]  49% (53900/110000)
[Kchain  7 [==============>               ]  49% (53900/110000)
[Kchain  8 [==============>               ]  49% (53900/110000)
[Kchain  9 [==============>               ]  48% (52800/110000)
[Kchain 10 [==============>               ]  48% (52800/110000)
[Kchain 11 [==============>               ]  48% (52800/110000)
[13A[KRunning N=2 | per-chain progress
[Kchain  0 [===============>              ]  50% (55000/110000)
[Kchain  1 [==============>               ]  49% (53900/110000)
[Kchain  2 [==============>               ]  48% (52800/110000)
[Kchain  3 [==============>               ]  49% (53900/110000)
[Kchain  4 [==============>               ]  48% (52800/110000)
[Kchain  5 [==============>               ]  48% (52800/110000)
[Kchain  6 [==============>               ]  49% (53900/110000)
[Kchain  7 [==============>               ]  49% (53900/110000)
[Kchain  8 [==============>               ]  49% (53900/110000)
[Kchain  9 [==============>               ]  49% (53900/110000)
[Kchain 10 [==============>               ]  48% (52800/110000)
[Kchain 11 [==============>               ]  48% (52800/110000)
[13A[KRunning N=2 | per-chain progress
[Kchain  0 [===============>              ]  50% (55000/110000)
[Kchain  1 [==============>               ]  49% (53900/110000)
[Kchain  2 [==============>               ]  48% (52800/110000)
[Kchain  3 [==============>               ]  49% (53900/110000)
[Kchain  4 [==============>               ]  48% (52800/110000)
[Kchain  5 [==============>               ]  48% (52800/110000)
[Kchain  6 [==============>               ]  49% (53900/110000)
[Kchain  7 [==============>               ]  49% (53900/110000)
[Kchain  8 [==============>               ]  49% (53900/110000)
[Kchain  9 [==============>               ]  49% (53900/110000)
[Kchain 10 [==============>               ]  48% (52800/110000)
[Kchain 11 [==============>               ]  49% (53900/110000)
[13A[KRunning N=2 | per-chain progress
[Kchain  0 [===============>              ]  50% (55000/110000)
[Kchain  1 [==============>               ]  49% (53900/110000)
[Kchain  2 [==============>               ]  48% (52800/110000)
[Kchain  3 [==============>               ]  49% (53900/110000)
[Kchain  4 [==============>               ]  48% (52800/110000)
[Kchain  5 [==============>               ]  48% (52800/110000)
[Kchain  6 [==============>               ]  49% (53900/110000)
[Kchain  7 [==============>               ]  49% (53900/110000)
[Kchain  8 [==============>               ]  49% (53900/110000)
[Kchain  9 [==============>               ]  49% (53900/110000)
[Kchain 10 [==============>               ]  48% (52800/110000)
[Kchain 11 [==============>               ]  49% (53900/110000)
[13A[KRunning N=2 | per-chain progress
[Kchain  0 [===============>              ]  50% (55000/110000)
[Kchain  1 [==============>               ]  49% (53900/110000)
[Kchain  2 [==============>               ]  48% (52800/110000)
[Kchain  3 [==============>               ]  49% (53900/110000)
[Kchain  4 [==============>               ]  48% (52800/110000)
[Kchain  5 [==============>               ]  49% (53900/110000)
[Kchain  6 [==============>               ]  49% (53900/110000)
[Kchain  7 [==============>               ]  49% (53900/110000)
[Kchain  8 [==============>               ]  49% (53900/110000)
[Kchain  9 [==============>               ]  49% (53900/110000)
[Kchain 10 [==============>               ]  48% (52800/110000)
[Kchain 11 [==============>               ]  49% (53900/110000)
[13A[KRunning N=2 | per-chain progress
[Kchain  0 [===============>              ]  50% (55000/110000)
[Kchain  1 [==============>               ]  49% (53900/110000)
[Kchain  2 [==============>               ]  48% (52800/110000)
[Kchain  3 [==============>               ]  49% (53900/110000)
[Kchain  4 [==============>               ]  49% (53900/110000)
[Kchain  5 [==============>               ]  49% (53900/110000)
[Kchain  6 [==============>               ]  49% (53900/110000)
[Kchain  7 [==============>               ]  49% (53900/110000)
[Kchain  8 [==============>               ]  49% (53900/110000)
[Kchain  9 [==============>               ]  49% (53900/110000)
[Kchain 10 [==============>               ]  49% (53900/110000)
[Kchain 11 [==============>               ]  49% (53900/110000)
[13A[KRunning N=2 | per-chain progress
[Kchain  0 [===============>              ]  50% (55000/110000)
[Kchain  1 [==============>               ]  49% (53900/110000)
[Kchain  2 [==============>               ]  48% (52800/110000)
[Kchain  3 [==============>               ]  49% (53900/110000)
[Kchain  4 [==============>               ]  49% (53900/110000)
[Kchain  5 [==============>               ]  49% (53900/110000)
[Kchain  6 [==============>               ]  49% (53900/110000)
[Kchain  7 [==============>               ]  49% (53900/110000)
[Kchain  8 [==============>               ]  49% (53900/110000)
[Kchain  9 [==============>               ]  49% (53900/110000)
[Kchain 10 [==============>               ]  49% (53900/110000)
[Kchain 11 [==============>               ]  49% (53900/110000)
[13A[KRunning N=2 | per-chain progress
[Kchain  0 [===============>              ]  50% (55000/110000)
[Kchain  1 [===============>              ]  50% (55000/110000)
[Kchain  2 [==============>               ]  48% (52800/110000)
[Kchain  3 [==============>               ]  49% (53900/110000)
[Kchain  4 [==============>               ]  49% (53900/110000)
[Kchain  5 [==============>               ]  49% (53900/110000)
[Kchain  6 [==============>               ]  49% (53900/110000)
[Kchain  7 [==============>               ]  49% (53900/110000)
[Kchain  8 [==============>               ]  49% (53900/110000)
[Kchain  9 [==============>               ]  49% (53900/110000)
[Kchain 10 [==============>               ]  49% (53900/110000)
[Kchain 11 [==============>               ]  49% (53900/110000)
[13A[KRunning N=2 | per-chain progress
[Kchain  0 [===============>              ]  50% (55000/110000)
[Kchain  1 [===============>              ]  50% (55000/110000)
[Kchain  2 [==============>               ]  49% (53900/110000)
[Kchain  3 [==============>               ]  49% (53900/110000)
[Kchain  4 [==============>               ]  49% (53900/110000)
[Kchain  5 [==============>               ]  49% (53900/110000)
[Kchain  6 [==============>               ]  49% (53900/110000)
[Kchain  7 [==============>               ]  49% (53900/110000)
[Kchain  8 [===============>              ]  50% (55000/110000)
[Kchain  9 [==============>               ]  49% (53900/110000)
[Kchain 10 [==============>               ]  49% (53900/110000)
[Kchain 11 [==============>               ]  49% (53900/110000)
[13A[KRunning N=2 | per-chain progress
[Kchain  0 [===============>              ]  50% (55000/110000)
[Kchain  1 [===============>              ]  50% (55000/110000)
[Kchain  2 [==============>               ]  49% (53900/110000)
[Kchain  3 [==============>               ]  49% (53900/110000)
[Kchain  4 [==============>               ]  49% (53900/110000)
[Kchain  5 [==============>               ]  49% (53900/110000)
[Kchain  6 [==============>               ]  49% (53900/110000)
[Kchain  7 [==============>               ]  49% (53900/110000)
[Kchain  8 [===============>              ]  50% (55000/110000)
[Kchain  9 [==============>               ]  49% (53900/110000)
[Kchain 10 [==============>               ]  49% (53900/110000)
[Kchain 11 [==============>               ]  49% (53900/110000)
[13A[KRunning N=2 | per-chain progress
[Kchain  0 [===============>              ]  50% (55000/110000)
[Kchain  1 [===============>              ]  50% (55000/110000)
[Kchain  2 [==============>               ]  49% (53900/110000)
[Kchain  3 [===============>              ]  50% (55000/110000)
[Kchain  4 [==============>               ]  49% (53900/110000)
[Kchain  5 [==============>               ]  49% (53900/110000)
[Kchain  6 [==============>               ]  49% (53900/110000)
[Kchain  7 [==============>               ]  49% (53900/110000)
[Kchain  8 [===============>              ]  50% (55000/110000)
[Kchain  9 [==============>               ]  49% (53900/110000)
[Kchain 10 [==============>               ]  49% (53900/110000)
[Kchain 11 [==============>               ]  49% (53900/110000)
[13A[KRunning N=2 | per-chain progress
[Kchain  0 [===============>              ]  51% (56100/110000)
[Kchain  1 [===============>              ]  50% (55000/110000)
[Kchain  2 [==============>               ]  49% (53900/110000)
[Kchain  3 [===============>              ]  50% (55000/110000)
[Kchain  4 [==============>               ]  49% (53900/110000)
[Kchain  5 [==============>               ]  49% (53900/110000)
[Kchain  6 [==============>               ]  49% (53900/110000)
[Kchain  7 [==============>               ]  49% (53900/110000)
[Kchain  8 [===============>              ]  50% (55000/110000)
[Kchain  9 [==============>               ]  49% (53900/110000)
[Kchain 10 [==============>               ]  49% (53900/110000)
[Kchain 11 [==============>               ]  49% (53900/110000)
[13A[KRunning N=2 | per-chain progress
[Kchain  0 [===============>              ]  51% (56100/110000)
[Kchain  1 [===============>              ]  50% (55000/110000)
[Kchain  2 [==============>               ]  49% (53900/110000)
[Kchain  3 [===============>              ]  50% (55000/110000)
[Kchain  4 [==============>               ]  49% (53900/110000)
[Kchain  5 [==============>               ]  49% (53900/110000)
[Kchain  6 [===============>              ]  50% (55000/110000)
[Kchain  7 [===============>              ]  50% (55000/110000)
[Kchain  8 [===============>              ]  50% (55000/110000)
[Kchain  9 [==============>               ]  49% (53900/110000)
[Kchain 10 [==============>               ]  49% (53900/110000)
[Kchain 11 [==============>               ]  49% (53900/110000)
[13A[KRunning N=2 | per-chain progress
[Kchain  0 [===============>              ]  51% (56100/110000)
[Kchain  1 [===============>              ]  50% (55000/110000)
[Kchain  2 [==============>               ]  49% (53900/110000)
[Kchain  3 [===============>              ]  50% (55000/110000)
[Kchain  4 [==============>               ]  49% (53900/110000)
[Kchain  5 [==============>               ]  49% (53900/110000)
[Kchain  6 [===============>              ]  50% (55000/110000)
[Kchain  7 [===============>              ]  50% (55000/110000)
[Kchain  8 [===============>              ]  50% (55000/110000)
[Kchain  9 [===============>              ]  50% (55000/110000)
[Kchain 10 [==============>               ]  49% (53900/110000)
[Kchain 11 [==============>               ]  49% (53900/110000)
[13A[KRunning N=2 | per-chain progress
[Kchain  0 [===============>              ]  51% (56100/110000)
[Kchain  1 [===============>              ]  50% (55000/110000)
[Kchain  2 [==============>               ]  49% (53900/110000)
[Kchain  3 [===============>              ]  50% (55000/110000)
[Kchain  4 [==============>               ]  49% (53900/110000)
[Kchain  5 [==============>               ]  49% (53900/110000)
[Kchain  6 [===============>              ]  50% (55000/110000)
[Kchain  7 [===============>              ]  50% (55000/110000)
[Kchain  8 [===============>              ]  50% (55000/110000)
[Kchain  9 [===============>              ]  50% (55000/110000)
[Kchain 10 [==============>               ]  49% (53900/110000)
[Kchain 11 [===============>              ]  50% (55000/110000)
[13A[KRunning N=2 | per-chain progress
[Kchain  0 [===============>              ]  51% (56100/110000)
[Kchain  1 [===============>              ]  50% (55000/110000)
[Kchain  2 [==============>               ]  49% (53900/110000)
[Kchain  3 [===============>              ]  50% (55000/110000)
[Kchain  4 [==============>               ]  49% (53900/110000)
[Kchain  5 [==============>               ]  49% (53900/110000)
[Kchain  6 [===============>              ]  50% (55000/110000)
[Kchain  7 [===============>              ]  50% (55000/110000)
[Kchain  8 [===============>              ]  50% (55000/110000)
[Kchain  9 [===============>              ]  50% (55000/110000)
[Kchain 10 [==============>               ]  49% (53900/110000)
[Kchain 11 [===============>              ]  50% (55000/110000)
[13A[KRunning N=2 | per-chain progress
[Kchain  0 [===============>              ]  51% (56100/110000)
[Kchain  1 [===============>              ]  50% (55000/110000)
[Kchain  2 [==============>               ]  49% (53900/110000)
[Kchain  3 [===============>              ]  50% (55000/110000)
[Kchain  4 [==============>               ]  49% (53900/110000)
[Kchain  5 [===============>              ]  50% (55000/110000)
[Kchain  6 [===============>              ]  50% (55000/110000)
[Kchain  7 [===============>              ]  50% (55000/110000)
[Kchain  8 [===============>              ]  50% (55000/110000)
[Kchain  9 [===============>              ]  50% (55000/110000)
[Kchain 10 [==============>               ]  49% (53900/110000)
[Kchain 11 [===============>              ]  50% (55000/110000)
[13A[KRunning N=2 | per-chain progress
[Kchain  0 [===============>              ]  51% (56100/110000)
[Kchain  1 [===============>              ]  50% (55000/110000)
[Kchain  2 [==============>               ]  49% (53900/110000)
[Kchain  3 [===============>              ]  50% (55000/110000)
[Kchain  4 [===============>              ]  50% (55000/110000)
[Kchain  5 [===============>              ]  50% (55000/110000)
[Kchain  6 [===============>              ]  50% (55000/110000)
[Kchain  7 [===============>              ]  50% (55000/110000)
[Kchain  8 [===============>              ]  50% (55000/110000)
[Kchain  9 [===============>              ]  50% (55000/110000)
[Kchain 10 [===============>              ]  50% (55000/110000)
[Kchain 11 [===============>              ]  50% (55000/110000)
[13A[KRunning N=2 | per-chain progress
[Kchain  0 [===============>              ]  51% (56100/110000)
[Kchain  1 [===============>              ]  50% (55000/110000)
[Kchain  2 [==============>               ]  49% (53900/110000)
[Kchain  3 [===============>              ]  50% (55000/110000)
[Kchain  4 [===============>              ]  50% (55000/110000)
[Kchain  5 [===============>              ]  50% (55000/110000)
[Kchain  6 [===============>              ]  50% (55000/110000)
[Kchain  7 [===============>              ]  50% (55000/110000)
[Kchain  8 [===============>              ]  50% (55000/110000)
[Kchain  9 [===============>              ]  50% (55000/110000)
[Kchain 10 [===============>              ]  50% (55000/110000)
[Kchain 11 [===============>              ]  50% (55000/110000)
[13A[KRunning N=2 | per-chain progress
[Kchain  0 [===============>              ]  51% (56100/110000)
[Kchain  1 [===============>              ]  51% (56100/110000)
[Kchain  2 [==============>               ]  49% (53900/110000)
[Kchain  3 [===============>              ]  50% (55000/110000)
[Kchain  4 [===============>              ]  50% (55000/110000)
[Kchain  5 [===============>              ]  50% (55000/110000)
[Kchain  6 [===============>              ]  50% (55000/110000)
[Kchain  7 [===============>              ]  50% (55000/110000)
[Kchain  8 [===============>              ]  50% (55000/110000)
[Kchain  9 [===============>              ]  50% (55000/110000)
[Kchain 10 [===============>              ]  50% (55000/110000)
[Kchain 11 [===============>              ]  50% (55000/110000)
[13A[KRunning N=2 | per-chain progress
[Kchain  0 [===============>              ]  51% (56100/110000)
[Kchain  1 [===============>              ]  51% (56100/110000)
[Kchain  2 [===============>              ]  50% (55000/110000)
[Kchain  3 [===============>              ]  50% (55000/110000)
[Kchain  4 [===============>              ]  50% (55000/110000)
[Kchain  5 [===============>              ]  50% (55000/110000)
[Kchain  6 [===============>              ]  50% (55000/110000)
[Kchain  7 [===============>              ]  50% (55000/110000)
[Kchain  8 [===============>              ]  51% (56100/110000)
[Kchain  9 [===============>              ]  50% (55000/110000)
[Kchain 10 [===============>              ]  50% (55000/110000)
[Kchain 11 [===============>              ]  50% (55000/110000)
[13A[KRunning N=2 | per-chain progress
[Kchain  0 [===============>              ]  51% (56100/110000)
[Kchain  1 [===============>              ]  51% (56100/110000)
[Kchain  2 [===============>              ]  50% (55000/110000)
[Kchain  3 [===============>              ]  50% (55000/110000)
[Kchain  4 [===============>              ]  50% (55000/110000)
[Kchain  5 [===============>              ]  50% (55000/110000)
[Kchain  6 [===============>              ]  50% (55000/110000)
[Kchain  7 [===============>              ]  50% (55000/110000)
[Kchain  8 [===============>              ]  51% (56100/110000)
[Kchain  9 [===============>              ]  50% (55000/110000)
[Kchain 10 [===============>              ]  50% (55000/110000)
[Kchain 11 [===============>              ]  50% (55000/110000)
[13A[KRunning N=2 | per-chain progress
[Kchain  0 [===============>              ]  51% (56100/110000)
[Kchain  1 [===============>              ]  51% (56100/110000)
[Kchain  2 [===============>              ]  50% (55000/110000)
[Kchain  3 [===============>              ]  51% (56100/110000)
[Kchain  4 [===============>              ]  50% (55000/110000)
[Kchain  5 [===============>              ]  50% (55000/110000)
[Kchain  6 [===============>              ]  50% (55000/110000)
[Kchain  7 [===============>              ]  50% (55000/110000)
[Kchain  8 [===============>              ]  51% (56100/110000)
[Kchain  9 [===============>              ]  50% (55000/110000)
[Kchain 10 [===============>              ]  50% (55000/110000)
[Kchain 11 [===============>              ]  50% (55000/110000)
[13A[KRunning N=2 | per-chain progress
[Kchain  0 [===============>              ]  52% (57200/110000)
[Kchain  1 [===============>              ]  51% (56100/110000)
[Kchain  2 [===============>              ]  50% (55000/110000)
[Kchain  3 [===============>              ]  51% (56100/110000)
[Kchain  4 [===============>              ]  50% (55000/110000)
[Kchain  5 [===============>              ]  50% (55000/110000)
[Kchain  6 [===============>              ]  51% (56100/110000)
[Kchain  7 [===============>              ]  50% (55000/110000)
[Kchain  8 [===============>              ]  51% (56100/110000)
[Kchain  9 [===============>              ]  50% (55000/110000)
[Kchain 10 [===============>              ]  50% (55000/110000)
[Kchain 11 [===============>              ]  50% (55000/110000)
[13A[KRunning N=2 | per-chain progress
[Kchain  0 [===============>              ]  52% (57200/110000)
[Kchain  1 [===============>              ]  51% (56100/110000)
[Kchain  2 [===============>              ]  50% (55000/110000)
[Kchain  3 [===============>              ]  51% (56100/110000)
[Kchain  4 [===============>              ]  50% (55000/110000)
[Kchain  5 [===============>              ]  50% (55000/110000)
[Kchain  6 [===============>              ]  51% (56100/110000)
[Kchain  7 [===============>              ]  51% (56100/110000)
[Kchain  8 [===============>              ]  51% (56100/110000)
[Kchain  9 [===============>              ]  50% (55000/110000)
[Kchain 10 [===============>              ]  50% (55000/110000)
[Kchain 11 [===============>              ]  50% (55000/110000)
[13A[KRunning N=2 | per-chain progress
[Kchain  0 [===============>              ]  52% (57200/110000)
[Kchain  1 [===============>              ]  51% (56100/110000)
[Kchain  2 [===============>              ]  50% (55000/110000)
[Kchain  3 [===============>              ]  51% (56100/110000)
[Kchain  4 [===============>              ]  50% (55000/110000)
[Kchain  5 [===============>              ]  50% (55000/110000)
[Kchain  6 [===============>              ]  51% (56100/110000)
[Kchain  7 [===============>              ]  51% (56100/110000)
[Kchain  8 [===============>              ]  51% (56100/110000)
[Kchain  9 [===============>              ]  51% (56100/110000)
[Kchain 10 [===============>              ]  50% (55000/110000)
[Kchain 11 [===============>              ]  50% (55000/110000)
[13A[KRunning N=2 | per-chain progress
[Kchain  0 [===============>              ]  52% (57200/110000)
[Kchain  1 [===============>              ]  51% (56100/110000)
[Kchain  2 [===============>              ]  50% (55000/110000)
[Kchain  3 [===============>              ]  51% (56100/110000)
[Kchain  4 [===============>              ]  50% (55000/110000)
[Kchain  5 [===============>              ]  50% (55000/110000)
[Kchain  6 [===============>              ]  51% (56100/110000)
[Kchain  7 [===============>              ]  51% (56100/110000)
[Kchain  8 [===============>              ]  51% (56100/110000)
[Kchain  9 [===============>              ]  51% (56100/110000)
[Kchain 10 [===============>              ]  50% (55000/110000)
[Kchain 11 [===============>              ]  51% (56100/110000)
[13A[KRunning N=2 | per-chain progress
[Kchain  0 [===============>              ]  52% (57200/110000)
[Kchain  1 [===============>              ]  51% (56100/110000)
[Kchain  2 [===============>              ]  50% (55000/110000)
[Kchain  3 [===============>              ]  51% (56100/110000)
[Kchain  4 [===============>              ]  50% (55000/110000)
[Kchain  5 [===============>              ]  50% (55000/110000)
[Kchain  6 [===============>              ]  51% (56100/110000)
[Kchain  7 [===============>              ]  51% (56100/110000)
[Kchain  8 [===============>              ]  51% (56100/110000)
[Kchain  9 [===============>              ]  51% (56100/110000)
[Kchain 10 [===============>              ]  50% (55000/110000)
[Kchain 11 [===============>              ]  51% (56100/110000)
[13A[KRunning N=2 | per-chain progress
[Kchain  0 [===============>              ]  52% (57200/110000)
[Kchain  1 [===============>              ]  51% (56100/110000)
[Kchain  2 [===============>              ]  50% (55000/110000)
[Kchain  3 [===============>              ]  51% (56100/110000)
[Kchain  4 [===============>              ]  50% (55000/110000)
[Kchain  5 [===============>              ]  51% (56100/110000)
[Kchain  6 [===============>              ]  51% (56100/110000)
[Kchain  7 [===============>              ]  51% (56100/110000)
[Kchain  8 [===============>              ]  51% (56100/110000)
[Kchain  9 [===============>              ]  51% (56100/110000)
[Kchain 10 [===============>              ]  50% (55000/110000)
[Kchain 11 [===============>              ]  51% (56100/110000)
[13A[KRunning N=2 | per-chain progress
[Kchain  0 [===============>              ]  52% (57200/110000)
[Kchain  1 [===============>              ]  51% (56100/110000)
[Kchain  2 [===============>              ]  50% (55000/110000)
[Kchain  3 [===============>              ]  51% (56100/110000)
[Kchain  4 [===============>              ]  51% (56100/110000)
[Kchain  5 [===============>              ]  51% (56100/110000)
[Kchain  6 [===============>              ]  51% (56100/110000)
[Kchain  7 [===============>              ]  51% (56100/110000)
[Kchain  8 [===============>              ]  51% (56100/110000)
[Kchain  9 [===============>              ]  51% (56100/110000)
[Kchain 10 [===============>              ]  51% (56100/110000)
[Kchain 11 [===============>              ]  51% (56100/110000)
[13A[KRunning N=2 | per-chain progress
[Kchain  0 [===============>              ]  52% (57200/110000)
[Kchain  1 [===============>              ]  51% (56100/110000)
[Kchain  2 [===============>              ]  50% (55000/110000)
[Kchain  3 [===============>              ]  51% (56100/110000)
[Kchain  4 [===============>              ]  51% (56100/110000)
[Kchain  5 [===============>              ]  51% (56100/110000)
[Kchain  6 [===============>              ]  51% (56100/110000)
[Kchain  7 [===============>              ]  51% (56100/110000)
[Kchain  8 [===============>              ]  51% (56100/110000)
[Kchain  9 [===============>              ]  51% (56100/110000)
[Kchain 10 [===============>              ]  51% (56100/110000)
[Kchain 11 [===============>              ]  51% (56100/110000)
[13A[KRunning N=2 | per-chain progress
[Kchain  0 [===============>              ]  52% (57200/110000)
[Kchain  1 [===============>              ]  52% (57200/110000)
[Kchain  2 [===============>              ]  50% (55000/110000)
[Kchain  3 [===============>              ]  51% (56100/110000)
[Kchain  4 [===============>              ]  51% (56100/110000)
[Kchain  5 [===============>              ]  51% (56100/110000)
[Kchain  6 [===============>              ]  51% (56100/110000)
[Kchain  7 [===============>              ]  51% (56100/110000)
[Kchain  8 [===============>              ]  51% (56100/110000)
[Kchain  9 [===============>              ]  51% (56100/110000)
[Kchain 10 [===============>              ]  51% (56100/110000)
[Kchain 11 [===============>              ]  51% (56100/110000)
[13A[KRunning N=2 | per-chain progress
[Kchain  0 [===============>              ]  52% (57200/110000)
[Kchain  1 [===============>              ]  52% (57200/110000)
[Kchain  2 [===============>              ]  51% (56100/110000)
[Kchain  3 [===============>              ]  51% (56100/110000)
[Kchain  4 [===============>              ]  51% (56100/110000)
[Kchain  5 [===============>              ]  51% (56100/110000)
[Kchain  6 [===============>              ]  51% (56100/110000)
[Kchain  7 [===============>              ]  51% (56100/110000)
[Kchain  8 [===============>              ]  52% (57200/110000)
[Kchain  9 [===============>              ]  51% (56100/110000)
[Kchain 10 [===============>              ]  51% (56100/110000)
[Kchain 11 [===============>              ]  51% (56100/110000)
[13A[KRunning N=2 | per-chain progress
[Kchain  0 [===============>              ]  52% (57200/110000)
[Kchain  1 [===============>              ]  52% (57200/110000)
[Kchain  2 [===============>              ]  51% (56100/110000)
[Kchain  3 [===============>              ]  51% (56100/110000)
[Kchain  4 [===============>              ]  51% (56100/110000)
[Kchain  5 [===============>              ]  51% (56100/110000)
[Kchain  6 [===============>              ]  51% (56100/110000)
[Kchain  7 [===============>              ]  51% (56100/110000)
[Kchain  8 [===============>              ]  52% (57200/110000)
[Kchain  9 [===============>              ]  51% (56100/110000)
[Kchain 10 [===============>              ]  51% (56100/110000)
[Kchain 11 [===============>              ]  51% (56100/110000)
[13A[KRunning N=2 | per-chain progress
[Kchain  0 [===============>              ]  52% (57200/110000)
[Kchain  1 [===============>              ]  52% (57200/110000)
[Kchain  2 [===============>              ]  51% (56100/110000)
[Kchain  3 [===============>              ]  52% (57200/110000)
[Kchain  4 [===============>              ]  51% (56100/110000)
[Kchain  5 [===============>              ]  51% (56100/110000)
[Kchain  6 [===============>              ]  51% (56100/110000)
[Kchain  7 [===============>              ]  51% (56100/110000)
[Kchain  8 [===============>              ]  52% (57200/110000)
[Kchain  9 [===============>              ]  51% (56100/110000)
[Kchain 10 [===============>              ]  51% (56100/110000)
[Kchain 11 [===============>              ]  51% (56100/110000)
[13A[KRunning N=2 | per-chain progress
[Kchain  0 [===============>              ]  53% (58300/110000)
[Kchain  1 [===============>              ]  52% (57200/110000)
[Kchain  2 [===============>              ]  51% (56100/110000)
[Kchain  3 [===============>              ]  52% (57200/110000)
[Kchain  4 [===============>              ]  51% (56100/110000)
[Kchain  5 [===============>              ]  51% (56100/110000)
[Kchain  6 [===============>              ]  51% (56100/110000)
[Kchain  7 [===============>              ]  51% (56100/110000)
[Kchain  8 [===============>              ]  52% (57200/110000)
[Kchain  9 [===============>              ]  51% (56100/110000)
[Kchain 10 [===============>              ]  51% (56100/110000)
[Kchain 11 [===============>              ]  51% (56100/110000)
[13A[KRunning N=2 | per-chain progress
[Kchain  0 [===============>              ]  53% (58300/110000)
[Kchain  1 [===============>              ]  52% (57200/110000)
[Kchain  2 [===============>              ]  51% (56100/110000)
[Kchain  3 [===============>              ]  52% (57200/110000)
[Kchain  4 [===============>              ]  51% (56100/110000)
[Kchain  5 [===============>              ]  51% (56100/110000)
[Kchain  6 [===============>              ]  52% (57200/110000)
[Kchain  7 [===============>              ]  52% (57200/110000)
[Kchain  8 [===============>              ]  52% (57200/110000)
[Kchain  9 [===============>              ]  51% (56100/110000)
[Kchain 10 [===============>              ]  51% (56100/110000)
[Kchain 11 [===============>              ]  51% (56100/110000)
[13A[KRunning N=2 | per-chain progress
[Kchain  0 [===============>              ]  53% (58300/110000)
[Kchain  1 [===============>              ]  52% (57200/110000)
[Kchain  2 [===============>              ]  51% (56100/110000)
[Kchain  3 [===============>              ]  52% (57200/110000)
[Kchain  4 [===============>              ]  51% (56100/110000)
[Kchain  5 [===============>              ]  51% (56100/110000)
[Kchain  6 [===============>              ]  52% (57200/110000)
[Kchain  7 [===============>              ]  52% (57200/110000)
[Kchain  8 [===============>              ]  52% (57200/110000)
[Kchain  9 [===============>              ]  52% (57200/110000)
[Kchain 10 [===============>              ]  51% (56100/110000)
[Kchain 11 [===============>              ]  51% (56100/110000)
[13A[KRunning N=2 | per-chain progress
[Kchain  0 [===============>              ]  53% (58300/110000)
[Kchain  1 [===============>              ]  52% (57200/110000)
[Kchain  2 [===============>              ]  51% (56100/110000)
[Kchain  3 [===============>              ]  52% (57200/110000)
[Kchain  4 [===============>              ]  51% (56100/110000)
[Kchain  5 [===============>              ]  51% (56100/110000)
[Kchain  6 [===============>              ]  52% (57200/110000)
[Kchain  7 [===============>              ]  52% (57200/110000)
[Kchain  8 [===============>              ]  52% (57200/110000)
[Kchain  9 [===============>              ]  52% (57200/110000)
[Kchain 10 [===============>              ]  51% (56100/110000)
[Kchain 11 [===============>              ]  52% (57200/110000)
[13A[KRunning N=2 | per-chain progress
[Kchain  0 [===============>              ]  53% (58300/110000)
[Kchain  1 [===============>              ]  52% (57200/110000)
[Kchain  2 [===============>              ]  51% (56100/110000)
[Kchain  3 [===============>              ]  52% (57200/110000)
[Kchain  4 [===============>              ]  51% (56100/110000)
[Kchain  5 [===============>              ]  51% (56100/110000)
[Kchain  6 [===============>              ]  52% (57200/110000)
[Kchain  7 [===============>              ]  52% (57200/110000)
[Kchain  8 [===============>              ]  52% (57200/110000)
[Kchain  9 [===============>              ]  52% (57200/110000)
[Kchain 10 [===============>              ]  51% (56100/110000)
[Kchain 11 [===============>              ]  52% (57200/110000)
[13A[KRunning N=2 | per-chain progress
[Kchain  0 [===============>              ]  53% (58300/110000)
[Kchain  1 [===============>              ]  52% (57200/110000)
[Kchain  2 [===============>              ]  51% (56100/110000)
[Kchain  3 [===============>              ]  52% (57200/110000)
[Kchain  4 [===============>              ]  51% (56100/110000)
[Kchain  5 [===============>              ]  52% (57200/110000)
[Kchain  6 [===============>              ]  52% (57200/110000)
[Kchain  7 [===============>              ]  52% (57200/110000)
[Kchain  8 [===============>              ]  52% (57200/110000)
[Kchain  9 [===============>              ]  52% (57200/110000)
[Kchain 10 [===============>              ]  51% (56100/110000)
[Kchain 11 [===============>              ]  52% (57200/110000)
[13A[KRunning N=2 | per-chain progress
[Kchain  0 [===============>              ]  53% (58300/110000)
[Kchain  1 [===============>              ]  52% (57200/110000)
[Kchain  2 [===============>              ]  51% (56100/110000)
[Kchain  3 [===============>              ]  52% (57200/110000)
[Kchain  4 [===============>              ]  52% (57200/110000)
[Kchain  5 [===============>              ]  52% (57200/110000)
[Kchain  6 [===============>              ]  52% (57200/110000)
[Kchain  7 [===============>              ]  52% (57200/110000)
[Kchain  8 [===============>              ]  52% (57200/110000)
[Kchain  9 [===============>              ]  52% (57200/110000)
[Kchain 10 [===============>              ]  52% (57200/110000)
[Kchain 11 [===============>              ]  52% (57200/110000)
[13A[KRunning N=2 | per-chain progress
[Kchain  0 [===============>              ]  53% (58300/110000)
[Kchain  1 [===============>              ]  52% (57200/110000)
[Kchain  2 [===============>              ]  51% (56100/110000)
[Kchain  3 [===============>              ]  52% (57200/110000)
[Kchain  4 [===============>              ]  52% (57200/110000)
[Kchain  5 [===============>              ]  52% (57200/110000)
[Kchain  6 [===============>              ]  52% (57200/110000)
[Kchain  7 [===============>              ]  52% (57200/110000)
[Kchain  8 [===============>              ]  52% (57200/110000)
[Kchain  9 [===============>              ]  52% (57200/110000)
[Kchain 10 [===============>              ]  52% (57200/110000)
[Kchain 11 [===============>              ]  52% (57200/110000)
[13A[KRunning N=2 | per-chain progress
[Kchain  0 [===============>              ]  53% (58300/110000)
[Kchain  1 [===============>              ]  53% (58300/110000)
[Kchain  2 [===============>              ]  51% (56100/110000)
[Kchain  3 [===============>              ]  52% (57200/110000)
[Kchain  4 [===============>              ]  52% (57200/110000)
[Kchain  5 [===============>              ]  52% (57200/110000)
[Kchain  6 [===============>              ]  52% (57200/110000)
[Kchain  7 [===============>              ]  52% (57200/110000)
[Kchain  8 [===============>              ]  52% (57200/110000)
[Kchain  9 [===============>              ]  52% (57200/110000)
[Kchain 10 [===============>              ]  52% (57200/110000)
[Kchain 11 [===============>              ]  52% (57200/110000)
[13A[KRunning N=2 | per-chain progress
[Kchain  0 [===============>              ]  53% (58300/110000)
[Kchain  1 [===============>              ]  53% (58300/110000)
[Kchain  2 [===============>              ]  52% (57200/110000)
[Kchain  3 [===============>              ]  52% (57200/110000)
[Kchain  4 [===============>              ]  52% (57200/110000)
[Kchain  5 [===============>              ]  52% (57200/110000)
[Kchain  6 [===============>              ]  52% (57200/110000)
[Kchain  7 [===============>              ]  52% (57200/110000)
[Kchain  8 [===============>              ]  53% (58300/110000)
[Kchain  9 [===============>              ]  52% (57200/110000)
[Kchain 10 [===============>              ]  52% (57200/110000)
[Kchain 11 [===============>              ]  52% (57200/110000)
[13A[KRunning N=2 | per-chain progress
[Kchain  0 [===============>              ]  53% (58300/110000)
[Kchain  1 [===============>              ]  53% (58300/110000)
[Kchain  2 [===============>              ]  52% (57200/110000)
[Kchain  3 [===============>              ]  52% (57200/110000)
[Kchain  4 [===============>              ]  52% (57200/110000)
[Kchain  5 [===============>              ]  52% (57200/110000)
[Kchain  6 [===============>              ]  52% (57200/110000)
[Kchain  7 [===============>              ]  52% (57200/110000)
[Kchain  8 [===============>              ]  53% (58300/110000)
[Kchain  9 [===============>              ]  52% (57200/110000)
[Kchain 10 [===============>              ]  52% (57200/110000)
[Kchain 11 [===============>              ]  52% (57200/110000)
[13A[KRunning N=2 | per-chain progress
[Kchain  0 [===============>              ]  53% (58300/110000)
[Kchain  1 [===============>              ]  53% (58300/110000)
[Kchain  2 [===============>              ]  52% (57200/110000)
[Kchain  3 [===============>              ]  53% (58300/110000)
[Kchain  4 [===============>              ]  52% (57200/110000)
[Kchain  5 [===============>              ]  52% (57200/110000)
[Kchain  6 [===============>              ]  52% (57200/110000)
[Kchain  7 [===============>              ]  52% (57200/110000)
[Kchain  8 [===============>              ]  53% (58300/110000)
[Kchain  9 [===============>              ]  52% (57200/110000)
[Kchain 10 [===============>              ]  52% (57200/110000)
[Kchain 11 [===============>              ]  52% (57200/110000)
[13A[KRunning N=2 | per-chain progress
[Kchain  0 [================>             ]  54% (59400/110000)
[Kchain  1 [===============>              ]  53% (58300/110000)
[Kchain  2 [===============>              ]  52% (57200/110000)
[Kchain  3 [===============>              ]  53% (58300/110000)
[Kchain  4 [===============>              ]  52% (57200/110000)
[Kchain  5 [===============>              ]  52% (57200/110000)
[Kchain  6 [===============>              ]  52% (57200/110000)
[Kchain  7 [===============>              ]  52% (57200/110000)
[Kchain  8 [===============>              ]  53% (58300/110000)
[Kchain  9 [===============>              ]  52% (57200/110000)
[Kchain 10 [===============>              ]  52% (57200/110000)
[Kchain 11 [===============>              ]  52% (57200/110000)
[13A[KRunning N=2 | per-chain progress
[Kchain  0 [================>             ]  54% (59400/110000)
[Kchain  1 [===============>              ]  53% (58300/110000)
[Kchain  2 [===============>              ]  52% (57200/110000)
[Kchain  3 [===============>              ]  53% (58300/110000)
[Kchain  4 [===============>              ]  52% (57200/110000)
[Kchain  5 [===============>              ]  52% (57200/110000)
[Kchain  6 [===============>              ]  53% (58300/110000)
[Kchain  7 [===============>              ]  53% (58300/110000)
[Kchain  8 [===============>              ]  53% (58300/110000)
[Kchain  9 [===============>              ]  52% (57200/110000)
[Kchain 10 [===============>              ]  52% (57200/110000)
[Kchain 11 [===============>              ]  52% (57200/110000)
[13A[KRunning N=2 | per-chain progress
[Kchain  0 [================>             ]  54% (59400/110000)
[Kchain  1 [===============>              ]  53% (58300/110000)
[Kchain  2 [===============>              ]  52% (57200/110000)
[Kchain  3 [===============>              ]  53% (58300/110000)
[Kchain  4 [===============>              ]  52% (57200/110000)
[Kchain  5 [===============>              ]  52% (57200/110000)
[Kchain  6 [===============>              ]  53% (58300/110000)
[Kchain  7 [===============>              ]  53% (58300/110000)
[Kchain  8 [===============>              ]  53% (58300/110000)
[Kchain  9 [===============>              ]  53% (58300/110000)
[Kchain 10 [===============>              ]  52% (57200/110000)
[Kchain 11 [===============>              ]  52% (57200/110000)
[13A[KRunning N=2 | per-chain progress
[Kchain  0 [================>             ]  54% (59400/110000)
[Kchain  1 [===============>              ]  53% (58300/110000)
[Kchain  2 [===============>              ]  52% (57200/110000)
[Kchain  3 [===============>              ]  53% (58300/110000)
[Kchain  4 [===============>              ]  52% (57200/110000)
[Kchain  5 [===============>              ]  52% (57200/110000)
[Kchain  6 [===============>              ]  53% (58300/110000)
[Kchain  7 [===============>              ]  53% (58300/110000)
[Kchain  8 [===============>              ]  53% (58300/110000)
[Kchain  9 [===============>              ]  53% (58300/110000)
[Kchain 10 [===============>              ]  52% (57200/110000)
[Kchain 11 [===============>              ]  53% (58300/110000)
[13A[KRunning N=2 | per-chain progress
[Kchain  0 [================>             ]  54% (59400/110000)
[Kchain  1 [===============>              ]  53% (58300/110000)
[Kchain  2 [===============>              ]  52% (57200/110000)
[Kchain  3 [===============>              ]  53% (58300/110000)
[Kchain  4 [===============>              ]  52% (57200/110000)
[Kchain  5 [===============>              ]  53% (58300/110000)
[Kchain  6 [===============>              ]  53% (58300/110000)
[Kchain  7 [===============>              ]  53% (58300/110000)
[Kchain  8 [===============>              ]  53% (58300/110000)
[Kchain  9 [===============>              ]  53% (58300/110000)
[Kchain 10 [===============>              ]  52% (57200/110000)
[Kchain 11 [===============>              ]  53% (58300/110000)
[13A[KRunning N=2 | per-chain progress
[Kchain  0 [================>             ]  54% (59400/110000)
[Kchain  1 [===============>              ]  53% (58300/110000)
[Kchain  2 [===============>              ]  52% (57200/110000)
[Kchain  3 [===============>              ]  53% (58300/110000)
[Kchain  4 [===============>              ]  52% (57200/110000)
[Kchain  5 [===============>              ]  53% (58300/110000)
[Kchain  6 [===============>              ]  53% (58300/110000)
[Kchain  7 [===============>              ]  53% (58300/110000)
[Kchain  8 [===============>              ]  53% (58300/110000)
[Kchain  9 [===============>              ]  53% (58300/110000)
[Kchain 10 [===============>              ]  52% (57200/110000)
[Kchain 11 [===============>              ]  53% (58300/110000)
[13A[KRunning N=2 | per-chain progress
[Kchain  0 [================>             ]  54% (59400/110000)
[Kchain  1 [===============>              ]  53% (58300/110000)
[Kchain  2 [===============>              ]  52% (57200/110000)
[Kchain  3 [===============>              ]  53% (58300/110000)
[Kchain  4 [===============>              ]  53% (58300/110000)
[Kchain  5 [===============>              ]  53% (58300/110000)
[Kchain  6 [===============>              ]  53% (58300/110000)
[Kchain  7 [===============>              ]  53% (58300/110000)
[Kchain  8 [===============>              ]  53% (58300/110000)
[Kchain  9 [===============>              ]  53% (58300/110000)
[Kchain 10 [===============>              ]  53% (58300/110000)
[Kchain 11 [===============>              ]  53% (58300/110000)
[13A[KRunning N=2 | per-chain progress
[Kchain  0 [================>             ]  54% (59400/110000)
[Kchain  1 [===============>              ]  53% (58300/110000)
[Kchain  2 [===============>              ]  52% (57200/110000)
[Kchain  3 [===============>              ]  53% (58300/110000)
[Kchain  4 [===============>              ]  53% (58300/110000)
[Kchain  5 [===============>              ]  53% (58300/110000)
[Kchain  6 [===============>              ]  53% (58300/110000)
[Kchain  7 [===============>              ]  53% (58300/110000)
[Kchain  8 [===============>              ]  53% (58300/110000)
[Kchain  9 [===============>              ]  53% (58300/110000)
[Kchain 10 [===============>              ]  53% (58300/110000)
[Kchain 11 [===============>              ]  53% (58300/110000)
[13A[KRunning N=2 | per-chain progress
[Kchain  0 [================>             ]  54% (59400/110000)
[Kchain  1 [================>             ]  54% (59400/110000)
[Kchain  2 [===============>              ]  52% (57200/110000)
[Kchain  3 [===============>              ]  53% (58300/110000)
[Kchain  4 [===============>              ]  53% (58300/110000)
[Kchain  5 [===============>              ]  53% (58300/110000)
[Kchain  6 [===============>              ]  53% (58300/110000)
[Kchain  7 [===============>              ]  53% (58300/110000)
[Kchain  8 [===============>              ]  53% (58300/110000)
[Kchain  9 [===============>              ]  53% (58300/110000)
[Kchain 10 [===============>              ]  53% (58300/110000)
[Kchain 11 [===============>              ]  53% (58300/110000)
[13A[KRunning N=2 | per-chain progress
[Kchain  0 [================>             ]  54% (59400/110000)
[Kchain  1 [================>             ]  54% (59400/110000)
[Kchain  2 [===============>              ]  53% (58300/110000)
[Kchain  3 [===============>              ]  53% (58300/110000)
[Kchain  4 [===============>              ]  53% (58300/110000)
[Kchain  5 [===============>              ]  53% (58300/110000)
[Kchain  6 [===============>              ]  53% (58300/110000)
[Kchain  7 [===============>              ]  53% (58300/110000)
[Kchain  8 [================>             ]  54% (59400/110000)
[Kchain  9 [===============>              ]  53% (58300/110000)
[Kchain 10 [===============>              ]  53% (58300/110000)
[Kchain 11 [===============>              ]  53% (58300/110000)
[13A[KRunning N=2 | per-chain progress
[Kchain  0 [================>             ]  54% (59400/110000)
[Kchain  1 [================>             ]  54% (59400/110000)
[Kchain  2 [===============>              ]  53% (58300/110000)
[Kchain  3 [===============>              ]  53% (58300/110000)
[Kchain  4 [===============>              ]  53% (58300/110000)
[Kchain  5 [===============>              ]  53% (58300/110000)
[Kchain  6 [===============>              ]  53% (58300/110000)
[Kchain  7 [===============>              ]  53% (58300/110000)
[Kchain  8 [================>             ]  54% (59400/110000)
[Kchain  9 [===============>              ]  53% (58300/110000)
[Kchain 10 [===============>              ]  53% (58300/110000)
[Kchain 11 [===============>              ]  53% (58300/110000)
[13A[KRunning N=2 | per-chain progress
[Kchain  0 [================>             ]  54% (59400/110000)
[Kchain  1 [================>             ]  54% (59400/110000)
[Kchain  2 [===============>              ]  53% (58300/110000)
[Kchain  3 [================>             ]  54% (59400/110000)
[Kchain  4 [===============>              ]  53% (58300/110000)
[Kchain  5 [===============>              ]  53% (58300/110000)
[Kchain  6 [===============>              ]  53% (58300/110000)
[Kchain  7 [===============>              ]  53% (58300/110000)
[Kchain  8 [================>             ]  54% (59400/110000)
[Kchain  9 [===============>              ]  53% (58300/110000)
[Kchain 10 [===============>              ]  53% (58300/110000)
[Kchain 11 [===============>              ]  53% (58300/110000)
[13A[KRunning N=2 | per-chain progress
[Kchain  0 [================>             ]  55% (60500/110000)
[Kchain  1 [================>             ]  54% (59400/110000)
[Kchain  2 [===============>              ]  53% (58300/110000)
[Kchain  3 [================>             ]  54% (59400/110000)
[Kchain  4 [===============>              ]  53% (58300/110000)
[Kchain  5 [===============>              ]  53% (58300/110000)
[Kchain  6 [===============>              ]  53% (58300/110000)
[Kchain  7 [===============>              ]  53% (58300/110000)
[Kchain  8 [================>             ]  54% (59400/110000)
[Kchain  9 [===============>              ]  53% (58300/110000)
[Kchain 10 [===============>              ]  53% (58300/110000)
[Kchain 11 [===============>              ]  53% (58300/110000)
[13A[KRunning N=2 | per-chain progress
[Kchain  0 [================>             ]  55% (60500/110000)
[Kchain  1 [================>             ]  54% (59400/110000)
[Kchain  2 [===============>              ]  53% (58300/110000)
[Kchain  3 [================>             ]  54% (59400/110000)
[Kchain  4 [===============>              ]  53% (58300/110000)
[Kchain  5 [===============>              ]  53% (58300/110000)
[Kchain  6 [================>             ]  54% (59400/110000)
[Kchain  7 [================>             ]  54% (59400/110000)
[Kchain  8 [================>             ]  54% (59400/110000)
[Kchain  9 [===============>              ]  53% (58300/110000)
[Kchain 10 [===============>              ]  53% (58300/110000)
[Kchain 11 [===============>              ]  53% (58300/110000)
[13A[KRunning N=2 | per-chain progress
[Kchain  0 [================>             ]  55% (60500/110000)
[Kchain  1 [================>             ]  54% (59400/110000)
[Kchain  2 [===============>              ]  53% (58300/110000)
[Kchain  3 [================>             ]  54% (59400/110000)
[Kchain  4 [===============>              ]  53% (58300/110000)
[Kchain  5 [===============>              ]  53% (58300/110000)
[Kchain  6 [================>             ]  54% (59400/110000)
[Kchain  7 [================>             ]  54% (59400/110000)
[Kchain  8 [================>             ]  54% (59400/110000)
[Kchain  9 [================>             ]  54% (59400/110000)
[Kchain 10 [===============>              ]  53% (58300/110000)
[Kchain 11 [===============>              ]  53% (58300/110000)
[13A[KRunning N=2 | per-chain progress
[Kchain  0 [================>             ]  55% (60500/110000)
[Kchain  1 [================>             ]  54% (59400/110000)
[Kchain  2 [===============>              ]  53% (58300/110000)
[Kchain  3 [================>             ]  54% (59400/110000)
[Kchain  4 [===============>              ]  53% (58300/110000)
[Kchain  5 [===============>              ]  53% (58300/110000)
[Kchain  6 [================>             ]  54% (59400/110000)
[Kchain  7 [================>             ]  54% (59400/110000)
[Kchain  8 [================>             ]  54% (59400/110000)
[Kchain  9 [================>             ]  54% (59400/110000)
[Kchain 10 [===============>              ]  53% (58300/110000)
[Kchain 11 [================>             ]  54% (59400/110000)
[13A[KRunning N=2 | per-chain progress
[Kchain  0 [================>             ]  55% (60500/110000)
[Kchain  1 [================>             ]  54% (59400/110000)
[Kchain  2 [===============>              ]  53% (58300/110000)
[Kchain  3 [================>             ]  54% (59400/110000)
[Kchain  4 [===============>              ]  53% (58300/110000)
[Kchain  5 [================>             ]  54% (59400/110000)
[Kchain  6 [================>             ]  54% (59400/110000)
[Kchain  7 [================>             ]  54% (59400/110000)
[Kchain  8 [================>             ]  54% (59400/110000)
[Kchain  9 [================>             ]  54% (59400/110000)
[Kchain 10 [===============>              ]  53% (58300/110000)
[Kchain 11 [================>             ]  54% (59400/110000)
[13A[KRunning N=2 | per-chain progress
[Kchain  0 [================>             ]  55% (60500/110000)
[Kchain  1 [================>             ]  54% (59400/110000)
[Kchain  2 [===============>              ]  53% (58300/110000)
[Kchain  3 [================>             ]  54% (59400/110000)
[Kchain  4 [================>             ]  54% (59400/110000)
[Kchain  5 [================>             ]  54% (59400/110000)
[Kchain  6 [================>             ]  54% (59400/110000)
[Kchain  7 [================>             ]  54% (59400/110000)
[Kchain  8 [================>             ]  54% (59400/110000)
[Kchain  9 [================>             ]  54% (59400/110000)
[Kchain 10 [================>             ]  54% (59400/110000)
[Kchain 11 [================>             ]  54% (59400/110000)
[13A[KRunning N=2 | per-chain progress
[Kchain  0 [================>             ]  55% (60500/110000)
[Kchain  1 [================>             ]  54% (59400/110000)
[Kchain  2 [===============>              ]  53% (58300/110000)
[Kchain  3 [================>             ]  54% (59400/110000)
[Kchain  4 [================>             ]  54% (59400/110000)
[Kchain  5 [================>             ]  54% (59400/110000)
[Kchain  6 [================>             ]  54% (59400/110000)
[Kchain  7 [================>             ]  54% (59400/110000)
[Kchain  8 [================>             ]  54% (59400/110000)
[Kchain  9 [================>             ]  54% (59400/110000)
[Kchain 10 [================>             ]  54% (59400/110000)
[Kchain 11 [================>             ]  54% (59400/110000)
[13A[KRunning N=2 | per-chain progress
[Kchain  0 [================>             ]  55% (60500/110000)
[Kchain  1 [================>             ]  55% (60500/110000)
[Kchain  2 [===============>              ]  53% (58300/110000)
[Kchain  3 [================>             ]  54% (59400/110000)
[Kchain  4 [================>             ]  54% (59400/110000)
[Kchain  5 [================>             ]  54% (59400/110000)
[Kchain  6 [================>             ]  54% (59400/110000)
[Kchain  7 [================>             ]  54% (59400/110000)
[Kchain  8 [================>             ]  54% (59400/110000)
[Kchain  9 [================>             ]  54% (59400/110000)
[Kchain 10 [================>             ]  54% (59400/110000)
[Kchain 11 [================>             ]  54% (59400/110000)
[13A[KRunning N=2 | per-chain progress
[Kchain  0 [================>             ]  55% (60500/110000)
[Kchain  1 [================>             ]  55% (60500/110000)
[Kchain  2 [================>             ]  54% (59400/110000)
[Kchain  3 [================>             ]  54% (59400/110000)
[Kchain  4 [================>             ]  54% (59400/110000)
[Kchain  5 [================>             ]  54% (59400/110000)
[Kchain  6 [================>             ]  54% (59400/110000)
[Kchain  7 [================>             ]  54% (59400/110000)
[Kchain  8 [================>             ]  54% (59400/110000)
[Kchain  9 [================>             ]  54% (59400/110000)
[Kchain 10 [================>             ]  54% (59400/110000)
[Kchain 11 [================>             ]  54% (59400/110000)
[13A[KRunning N=2 | per-chain progress
[Kchain  0 [================>             ]  55% (60500/110000)
[Kchain  1 [================>             ]  55% (60500/110000)
[Kchain  2 [================>             ]  54% (59400/110000)
[Kchain  3 [================>             ]  54% (59400/110000)
[Kchain  4 [================>             ]  54% (59400/110000)
[Kchain  5 [================>             ]  54% (59400/110000)
[Kchain  6 [================>             ]  54% (59400/110000)
[Kchain  7 [================>             ]  54% (59400/110000)
[Kchain  8 [================>             ]  55% (60500/110000)
[Kchain  9 [================>             ]  54% (59400/110000)
[Kchain 10 [================>             ]  54% (59400/110000)
[Kchain 11 [================>             ]  54% (59400/110000)
[13A[KRunning N=2 | per-chain progress
[Kchain  0 [================>             ]  55% (60500/110000)
[Kchain  1 [================>             ]  55% (60500/110000)
[Kchain  2 [================>             ]  54% (59400/110000)
[Kchain  3 [================>             ]  54% (59400/110000)
[Kchain  4 [================>             ]  54% (59400/110000)
[Kchain  5 [================>             ]  54% (59400/110000)
[Kchain  6 [================>             ]  54% (59400/110000)
[Kchain  7 [================>             ]  54% (59400/110000)
[Kchain  8 [================>             ]  55% (60500/110000)
[Kchain  9 [================>             ]  54% (59400/110000)
[Kchain 10 [================>             ]  54% (59400/110000)
[Kchain 11 [================>             ]  54% (59400/110000)
[13A[KRunning N=2 | per-chain progress
[Kchain  0 [================>             ]  55% (60500/110000)
[Kchain  1 [================>             ]  55% (60500/110000)
[Kchain  2 [================>             ]  54% (59400/110000)
[Kchain  3 [================>             ]  55% (60500/110000)
[Kchain  4 [================>             ]  54% (59400/110000)
[Kchain  5 [================>             ]  54% (59400/110000)
[Kchain  6 [================>             ]  54% (59400/110000)
[Kchain  7 [================>             ]  54% (59400/110000)
[Kchain  8 [================>             ]  55% (60500/110000)
[Kchain  9 [================>             ]  54% (59400/110000)
[Kchain 10 [================>             ]  54% (59400/110000)
[Kchain 11 [================>             ]  54% (59400/110000)
[13A[KRunning N=2 | per-chain progress
[Kchain  0 [================>             ]  56% (61600/110000)
[Kchain  1 [================>             ]  55% (60500/110000)
[Kchain  2 [================>             ]  54% (59400/110000)
[Kchain  3 [================>             ]  55% (60500/110000)
[Kchain  4 [================>             ]  54% (59400/110000)
[Kchain  5 [================>             ]  54% (59400/110000)
[Kchain  6 [================>             ]  55% (60500/110000)
[Kchain  7 [================>             ]  54% (59400/110000)
[Kchain  8 [================>             ]  55% (60500/110000)
[Kchain  9 [================>             ]  54% (59400/110000)
[Kchain 10 [================>             ]  54% (59400/110000)
[Kchain 11 [================>             ]  54% (59400/110000)
[13A[KRunning N=2 | per-chain progress
[Kchain  0 [================>             ]  56% (61600/110000)
[Kchain  1 [================>             ]  55% (60500/110000)
[Kchain  2 [================>             ]  54% (59400/110000)
[Kchain  3 [================>             ]  55% (60500/110000)
[Kchain  4 [================>             ]  54% (59400/110000)
[Kchain  5 [================>             ]  54% (59400/110000)
[Kchain  6 [================>             ]  55% (60500/110000)
[Kchain  7 [================>             ]  55% (60500/110000)
[Kchain  8 [================>             ]  55% (60500/110000)
[Kchain  9 [================>             ]  54% (59400/110000)
[Kchain 10 [================>             ]  54% (59400/110000)
[Kchain 11 [================>             ]  54% (59400/110000)
[13A[KRunning N=2 | per-chain progress
[Kchain  0 [================>             ]  56% (61600/110000)
[Kchain  1 [================>             ]  55% (60500/110000)
[Kchain  2 [================>             ]  54% (59400/110000)
[Kchain  3 [================>             ]  55% (60500/110000)
[Kchain  4 [================>             ]  54% (59400/110000)
[Kchain  5 [================>             ]  54% (59400/110000)
[Kchain  6 [================>             ]  55% (60500/110000)
[Kchain  7 [================>             ]  55% (60500/110000)
[Kchain  8 [================>             ]  55% (60500/110000)
[Kchain  9 [================>             ]  55% (60500/110000)
[Kchain 10 [================>             ]  54% (59400/110000)
[Kchain 11 [================>             ]  54% (59400/110000)
[13A[KRunning N=2 | per-chain progress
[Kchain  0 [================>             ]  56% (61600/110000)
[Kchain  1 [================>             ]  55% (60500/110000)
[Kchain  2 [================>             ]  54% (59400/110000)
[Kchain  3 [================>             ]  55% (60500/110000)
[Kchain  4 [================>             ]  54% (59400/110000)
[Kchain  5 [================>             ]  54% (59400/110000)
[Kchain  6 [================>             ]  55% (60500/110000)
[Kchain  7 [================>             ]  55% (60500/110000)
[Kchain  8 [================>             ]  55% (60500/110000)
[Kchain  9 [================>             ]  55% (60500/110000)
[Kchain 10 [================>             ]  54% (59400/110000)
[Kchain 11 [================>             ]  55% (60500/110000)
[13A[KRunning N=2 | per-chain progress
[Kchain  0 [================>             ]  56% (61600/110000)
[Kchain  1 [================>             ]  55% (60500/110000)
[Kchain  2 [================>             ]  54% (59400/110000)
[Kchain  3 [================>             ]  55% (60500/110000)
[Kchain  4 [================>             ]  54% (59400/110000)
[Kchain  5 [================>             ]  54% (59400/110000)
[Kchain  6 [================>             ]  55% (60500/110000)
[Kchain  7 [================>             ]  55% (60500/110000)
[Kchain  8 [================>             ]  55% (60500/110000)
[Kchain  9 [================>             ]  55% (60500/110000)
[Kchain 10 [================>             ]  54% (59400/110000)
[Kchain 11 [================>             ]  55% (60500/110000)
[13A[KRunning N=2 | per-chain progress
[Kchain  0 [================>             ]  56% (61600/110000)
[Kchain  1 [================>             ]  55% (60500/110000)
[Kchain  2 [================>             ]  54% (59400/110000)
[Kchain  3 [================>             ]  55% (60500/110000)
[Kchain  4 [================>             ]  54% (59400/110000)
[Kchain  5 [================>             ]  55% (60500/110000)
[Kchain  6 [================>             ]  55% (60500/110000)
[Kchain  7 [================>             ]  55% (60500/110000)
[Kchain  8 [================>             ]  55% (60500/110000)
[Kchain  9 [================>             ]  55% (60500/110000)
[Kchain 10 [================>             ]  54% (59400/110000)
[Kchain 11 [================>             ]  55% (60500/110000)
[13A[KRunning N=2 | per-chain progress
[Kchain  0 [================>             ]  56% (61600/110000)
[Kchain  1 [================>             ]  55% (60500/110000)
[Kchain  2 [================>             ]  54% (59400/110000)
[Kchain  3 [================>             ]  55% (60500/110000)
[Kchain  4 [================>             ]  55% (60500/110000)
[Kchain  5 [================>             ]  55% (60500/110000)
[Kchain  6 [================>             ]  55% (60500/110000)
[Kchain  7 [================>             ]  55% (60500/110000)
[Kchain  8 [================>             ]  55% (60500/110000)
[Kchain  9 [================>             ]  55% (60500/110000)
[Kchain 10 [================>             ]  55% (60500/110000)
[Kchain 11 [================>             ]  55% (60500/110000)
[13A[KRunning N=2 | per-chain progress
[Kchain  0 [================>             ]  56% (61600/110000)
[Kchain  1 [================>             ]  55% (60500/110000)
[Kchain  2 [================>             ]  54% (59400/110000)
[Kchain  3 [================>             ]  55% (60500/110000)
[Kchain  4 [================>             ]  55% (60500/110000)
[Kchain  5 [================>             ]  55% (60500/110000)
[Kchain  6 [================>             ]  55% (60500/110000)
[Kchain  7 [================>             ]  55% (60500/110000)
[Kchain  8 [================>             ]  55% (60500/110000)
[Kchain  9 [================>             ]  55% (60500/110000)
[Kchain 10 [================>             ]  55% (60500/110000)
[Kchain 11 [================>             ]  55% (60500/110000)
[13A[KRunning N=2 | per-chain progress
[Kchain  0 [================>             ]  56% (61600/110000)
[Kchain  1 [================>             ]  56% (61600/110000)
[Kchain  2 [================>             ]  54% (59400/110000)
[Kchain  3 [================>             ]  55% (60500/110000)
[Kchain  4 [================>             ]  55% (60500/110000)
[Kchain  5 [================>             ]  55% (60500/110000)
[Kchain  6 [================>             ]  55% (60500/110000)
[Kchain  7 [================>             ]  55% (60500/110000)
[Kchain  8 [================>             ]  55% (60500/110000)
[Kchain  9 [================>             ]  55% (60500/110000)
[Kchain 10 [================>             ]  55% (60500/110000)
[Kchain 11 [================>             ]  55% (60500/110000)
[13A[KRunning N=2 | per-chain progress
[Kchain  0 [================>             ]  56% (61600/110000)
[Kchain  1 [================>             ]  56% (61600/110000)
[Kchain  2 [================>             ]  55% (60500/110000)
[Kchain  3 [================>             ]  55% (60500/110000)
[Kchain  4 [================>             ]  55% (60500/110000)
[Kchain  5 [================>             ]  55% (60500/110000)
[Kchain  6 [================>             ]  55% (60500/110000)
[Kchain  7 [================>             ]  55% (60500/110000)
[Kchain  8 [================>             ]  56% (61600/110000)
[Kchain  9 [================>             ]  55% (60500/110000)
[Kchain 10 [================>             ]  55% (60500/110000)
[Kchain 11 [================>             ]  55% (60500/110000)
[13A[KRunning N=2 | per-chain progress
[Kchain  0 [================>             ]  56% (61600/110000)
[Kchain  1 [================>             ]  56% (61600/110000)
[Kchain  2 [================>             ]  55% (60500/110000)
[Kchain  3 [================>             ]  55% (60500/110000)
[Kchain  4 [================>             ]  55% (60500/110000)
[Kchain  5 [================>             ]  55% (60500/110000)
[Kchain  6 [================>             ]  55% (60500/110000)
[Kchain  7 [================>             ]  55% (60500/110000)
[Kchain  8 [================>             ]  56% (61600/110000)
[Kchain  9 [================>             ]  55% (60500/110000)
[Kchain 10 [================>             ]  55% (60500/110000)
[Kchain 11 [================>             ]  55% (60500/110000)
[13A[KRunning N=2 | per-chain progress
[Kchain  0 [================>             ]  56% (61600/110000)
[Kchain  1 [================>             ]  56% (61600/110000)
[Kchain  2 [================>             ]  55% (60500/110000)
[Kchain  3 [================>             ]  56% (61600/110000)
[Kchain  4 [================>             ]  55% (60500/110000)
[Kchain  5 [================>             ]  55% (60500/110000)
[Kchain  6 [================>             ]  55% (60500/110000)
[Kchain  7 [================>             ]  55% (60500/110000)
[Kchain  8 [================>             ]  56% (61600/110000)
[Kchain  9 [================>             ]  55% (60500/110000)
[Kchain 10 [================>             ]  55% (60500/110000)
[Kchain 11 [================>             ]  55% (60500/110000)
[13A[KRunning N=2 | per-chain progress
[Kchain  0 [=================>            ]  56% (62700/110000)
[Kchain  1 [================>             ]  56% (61600/110000)
[Kchain  2 [================>             ]  55% (60500/110000)
[Kchain  3 [================>             ]  56% (61600/110000)
[Kchain  4 [================>             ]  55% (60500/110000)
[Kchain  5 [================>             ]  55% (60500/110000)
[Kchain  6 [================>             ]  56% (61600/110000)
[Kchain  7 [================>             ]  55% (60500/110000)
[Kchain  8 [================>             ]  56% (61600/110000)
[Kchain  9 [================>             ]  55% (60500/110000)
[Kchain 10 [================>             ]  55% (60500/110000)
[Kchain 11 [================>             ]  55% (60500/110000)
[13A[KRunning N=2 | per-chain progress
[Kchain  0 [=================>            ]  56% (62700/110000)
[Kchain  1 [================>             ]  56% (61600/110000)
[Kchain  2 [================>             ]  55% (60500/110000)
[Kchain  3 [================>             ]  56% (61600/110000)
[Kchain  4 [================>             ]  55% (60500/110000)
[Kchain  5 [================>             ]  55% (60500/110000)
[Kchain  6 [================>             ]  56% (61600/110000)
[Kchain  7 [================>             ]  56% (61600/110000)
[Kchain  8 [================>             ]  56% (61600/110000)
[Kchain  9 [================>             ]  55% (60500/110000)
[Kchain 10 [================>             ]  55% (60500/110000)
[Kchain 11 [================>             ]  55% (60500/110000)
[13A[KRunning N=2 | per-chain progress
[Kchain  0 [=================>            ]  56% (62700/110000)
[Kchain  1 [================>             ]  56% (61600/110000)
[Kchain  2 [================>             ]  55% (60500/110000)
[Kchain  3 [================>             ]  56% (61600/110000)
[Kchain  4 [================>             ]  55% (60500/110000)
[Kchain  5 [================>             ]  55% (60500/110000)
[Kchain  6 [================>             ]  56% (61600/110000)
[Kchain  7 [================>             ]  56% (61600/110000)
[Kchain  8 [================>             ]  56% (61600/110000)
[Kchain  9 [================>             ]  56% (61600/110000)
[Kchain 10 [================>             ]  55% (60500/110000)
[Kchain 11 [================>             ]  55% (60500/110000)
[13A[KRunning N=2 | per-chain progress
[Kchain  0 [=================>            ]  56% (62700/110000)
[Kchain  1 [================>             ]  56% (61600/110000)
[Kchain  2 [================>             ]  55% (60500/110000)
[Kchain  3 [================>             ]  56% (61600/110000)
[Kchain  4 [================>             ]  55% (60500/110000)
[Kchain  5 [================>             ]  55% (60500/110000)
[Kchain  6 [================>             ]  56% (61600/110000)
[Kchain  7 [================>             ]  56% (61600/110000)
[Kchain  8 [================>             ]  56% (61600/110000)
[Kchain  9 [================>             ]  56% (61600/110000)
[Kchain 10 [================>             ]  55% (60500/110000)
[Kchain 11 [================>             ]  56% (61600/110000)
[13A[KRunning N=2 | per-chain progress
[Kchain  0 [=================>            ]  56% (62700/110000)
[Kchain  1 [================>             ]  56% (61600/110000)
[Kchain  2 [================>             ]  55% (60500/110000)
[Kchain  3 [================>             ]  56% (61600/110000)
[Kchain  4 [================>             ]  55% (60500/110000)
[Kchain  5 [================>             ]  55% (60500/110000)
[Kchain  6 [================>             ]  56% (61600/110000)
[Kchain  7 [================>             ]  56% (61600/110000)
[Kchain  8 [================>             ]  56% (61600/110000)
[Kchain  9 [================>             ]  56% (61600/110000)
[Kchain 10 [================>             ]  55% (60500/110000)
[Kchain 11 [================>             ]  56% (61600/110000)
[13A[KRunning N=2 | per-chain progress
[Kchain  0 [=================>            ]  56% (62700/110000)
[Kchain  1 [================>             ]  56% (61600/110000)
[Kchain  2 [================>             ]  55% (60500/110000)
[Kchain  3 [================>             ]  56% (61600/110000)
[Kchain  4 [================>             ]  55% (60500/110000)
[Kchain  5 [================>             ]  56% (61600/110000)
[Kchain  6 [================>             ]  56% (61600/110000)
[Kchain  7 [================>             ]  56% (61600/110000)
[Kchain  8 [================>             ]  56% (61600/110000)
[Kchain  9 [================>             ]  56% (61600/110000)
[Kchain 10 [================>             ]  55% (60500/110000)
[Kchain 11 [================>             ]  56% (61600/110000)
[13A[KRunning N=2 | per-chain progress
[Kchain  0 [=================>            ]  56% (62700/110000)
[Kchain  1 [================>             ]  56% (61600/110000)
[Kchain  2 [================>             ]  55% (60500/110000)
[Kchain  3 [================>             ]  56% (61600/110000)
[Kchain  4 [================>             ]  56% (61600/110000)
[Kchain  5 [================>             ]  56% (61600/110000)
[Kchain  6 [================>             ]  56% (61600/110000)
[Kchain  7 [================>             ]  56% (61600/110000)
[Kchain  8 [================>             ]  56% (61600/110000)
[Kchain  9 [================>             ]  56% (61600/110000)
[Kchain 10 [================>             ]  56% (61600/110000)
[Kchain 11 [================>             ]  56% (61600/110000)
[13A[KRunning N=2 | per-chain progress
[Kchain  0 [=================>            ]  56% (62700/110000)
[Kchain  1 [================>             ]  56% (61600/110000)
[Kchain  2 [================>             ]  55% (60500/110000)
[Kchain  3 [================>             ]  56% (61600/110000)
[Kchain  4 [================>             ]  56% (61600/110000)
[Kchain  5 [================>             ]  56% (61600/110000)
[Kchain  6 [================>             ]  56% (61600/110000)
[Kchain  7 [================>             ]  56% (61600/110000)
[Kchain  8 [================>             ]  56% (61600/110000)
[Kchain  9 [================>             ]  56% (61600/110000)
[Kchain 10 [================>             ]  56% (61600/110000)
[Kchain 11 [================>             ]  56% (61600/110000)
[13A[KRunning N=2 | per-chain progress
[Kchain  0 [=================>            ]  56% (62700/110000)
[Kchain  1 [=================>            ]  56% (62700/110000)
[Kchain  2 [================>             ]  55% (60500/110000)
[Kchain  3 [================>             ]  56% (61600/110000)
[Kchain  4 [================>             ]  56% (61600/110000)
[Kchain  5 [================>             ]  56% (61600/110000)
[Kchain  6 [================>             ]  56% (61600/110000)
[Kchain  7 [================>             ]  56% (61600/110000)
[Kchain  8 [================>             ]  56% (61600/110000)
[Kchain  9 [================>             ]  56% (61600/110000)
[Kchain 10 [================>             ]  56% (61600/110000)
[Kchain 11 [================>             ]  56% (61600/110000)
[13A[KRunning N=2 | per-chain progress
[Kchain  0 [=================>            ]  56% (62700/110000)
[Kchain  1 [=================>            ]  56% (62700/110000)
[Kchain  2 [================>             ]  56% (61600/110000)
[Kchain  3 [================>             ]  56% (61600/110000)
[Kchain  4 [================>             ]  56% (61600/110000)
[Kchain  5 [================>             ]  56% (61600/110000)
[Kchain  6 [================>             ]  56% (61600/110000)
[Kchain  7 [================>             ]  56% (61600/110000)
[Kchain  8 [=================>            ]  56% (62700/110000)
[Kchain  9 [================>             ]  56% (61600/110000)
[Kchain 10 [================>             ]  56% (61600/110000)
[Kchain 11 [================>             ]  56% (61600/110000)
[13A[KRunning N=2 | per-chain progress
[Kchain  0 [=================>            ]  56% (62700/110000)
[Kchain  1 [=================>            ]  56% (62700/110000)
[Kchain  2 [================>             ]  56% (61600/110000)
[Kchain  3 [================>             ]  56% (61600/110000)
[Kchain  4 [================>             ]  56% (61600/110000)
[Kchain  5 [================>             ]  56% (61600/110000)
[Kchain  6 [================>             ]  56% (61600/110000)
[Kchain  7 [================>             ]  56% (61600/110000)
[Kchain  8 [=================>            ]  56% (62700/110000)
[Kchain  9 [================>             ]  56% (61600/110000)
[Kchain 10 [================>             ]  56% (61600/110000)
[Kchain 11 [================>             ]  56% (61600/110000)
[13A[KRunning N=2 | per-chain progress
[Kchain  0 [=================>            ]  56% (62700/110000)
[Kchain  1 [=================>            ]  56% (62700/110000)
[Kchain  2 [================>             ]  56% (61600/110000)
[Kchain  3 [=================>            ]  56% (62700/110000)
[Kchain  4 [================>             ]  56% (61600/110000)
[Kchain  5 [================>             ]  56% (61600/110000)
[Kchain  6 [================>             ]  56% (61600/110000)
[Kchain  7 [================>             ]  56% (61600/110000)
[Kchain  8 [=================>            ]  56% (62700/110000)
[Kchain  9 [================>             ]  56% (61600/110000)
[Kchain 10 [================>             ]  56% (61600/110000)
[Kchain 11 [================>             ]  56% (61600/110000)
[13A[KRunning N=2 | per-chain progress
[Kchain  0 [=================>            ]  57% (63800/110000)
[Kchain  1 [=================>            ]  56% (62700/110000)
[Kchain  2 [================>             ]  56% (61600/110000)
[Kchain  3 [=================>            ]  56% (62700/110000)
[Kchain  4 [================>             ]  56% (61600/110000)
[Kchain  5 [================>             ]  56% (61600/110000)
[Kchain  6 [=================>            ]  56% (62700/110000)
[Kchain  7 [================>             ]  56% (61600/110000)
[Kchain  8 [=================>            ]  56% (62700/110000)
[Kchain  9 [================>             ]  56% (61600/110000)
[Kchain 10 [================>             ]  56% (61600/110000)
[Kchain 11 [================>             ]  56% (61600/110000)
[13A[KRunning N=2 | per-chain progress
[Kchain  0 [=================>            ]  57% (63800/110000)
[Kchain  1 [=================>            ]  56% (62700/110000)
[Kchain  2 [================>             ]  56% (61600/110000)
[Kchain  3 [=================>            ]  56% (62700/110000)
[Kchain  4 [================>             ]  56% (61600/110000)
[Kchain  5 [================>             ]  56% (61600/110000)
[Kchain  6 [=================>            ]  56% (62700/110000)
[Kchain  7 [=================>            ]  56% (62700/110000)
[Kchain  8 [=================>            ]  56% (62700/110000)
[Kchain  9 [================>             ]  56% (61600/110000)
[Kchain 10 [================>             ]  56% (61600/110000)
[Kchain 11 [================>             ]  56% (61600/110000)
[13A[KRunning N=2 | per-chain progress
[Kchain  0 [=================>            ]  57% (63800/110000)
[Kchain  1 [=================>            ]  56% (62700/110000)
[Kchain  2 [================>             ]  56% (61600/110000)
[Kchain  3 [=================>            ]  56% (62700/110000)
[Kchain  4 [================>             ]  56% (61600/110000)
[Kchain  5 [================>             ]  56% (61600/110000)
[Kchain  6 [=================>            ]  56% (62700/110000)
[Kchain  7 [=================>            ]  56% (62700/110000)
[Kchain  8 [=================>            ]  56% (62700/110000)
[Kchain  9 [=================>            ]  56% (62700/110000)
[Kchain 10 [================>             ]  56% (61600/110000)
[Kchain 11 [================>             ]  56% (61600/110000)
[13A[KRunning N=2 | per-chain progress
[Kchain  0 [=================>            ]  57% (63800/110000)
[Kchain  1 [=================>            ]  56% (62700/110000)
[Kchain  2 [================>             ]  56% (61600/110000)
[Kchain  3 [=================>            ]  56% (62700/110000)
[Kchain  4 [================>             ]  56% (61600/110000)
[Kchain  5 [================>             ]  56% (61600/110000)
[Kchain  6 [=================>            ]  56% (62700/110000)
[Kchain  7 [=================>            ]  56% (62700/110000)
[Kchain  8 [=================>            ]  56% (62700/110000)
[Kchain  9 [=================>            ]  56% (62700/110000)
[Kchain 10 [================>             ]  56% (61600/110000)
[Kchain 11 [=================>            ]  56% (62700/110000)
[13A[KRunning N=2 | per-chain progress
[Kchain  0 [=================>            ]  57% (63800/110000)
[Kchain  1 [=================>            ]  56% (62700/110000)
[Kchain  2 [================>             ]  56% (61600/110000)
[Kchain  3 [=================>            ]  56% (62700/110000)
[Kchain  4 [================>             ]  56% (61600/110000)
[Kchain  5 [================>             ]  56% (61600/110000)
[Kchain  6 [=================>            ]  56% (62700/110000)
[Kchain  7 [=================>            ]  56% (62700/110000)
[Kchain  8 [=================>            ]  56% (62700/110000)
[Kchain  9 [=================>            ]  56% (62700/110000)
[Kchain 10 [================>             ]  56% (61600/110000)
[Kchain 11 [=================>            ]  56% (62700/110000)
[13A[KRunning N=2 | per-chain progress
[Kchain  0 [=================>            ]  57% (63800/110000)
[Kchain  1 [=================>            ]  56% (62700/110000)
[Kchain  2 [================>             ]  56% (61600/110000)
[Kchain  3 [=================>            ]  56% (62700/110000)
[Kchain  4 [=================>            ]  56% (62700/110000)
[Kchain  5 [=================>            ]  56% (62700/110000)
[Kchain  6 [=================>            ]  56% (62700/110000)
[Kchain  7 [=================>            ]  56% (62700/110000)
[Kchain  8 [=================>            ]  56% (62700/110000)
[Kchain  9 [=================>            ]  56% (62700/110000)
[Kchain 10 [================>             ]  56% (61600/110000)
[Kchain 11 [=================>            ]  56% (62700/110000)
[13A[KRunning N=2 | per-chain progress
[Kchain  0 [=================>            ]  57% (63800/110000)
[Kchain  1 [=================>            ]  56% (62700/110000)
[Kchain  2 [================>             ]  56% (61600/110000)
[Kchain  3 [=================>            ]  56% (62700/110000)
[Kchain  4 [=================>            ]  56% (62700/110000)
[Kchain  5 [=================>            ]  56% (62700/110000)
[Kchain  6 [=================>            ]  56% (62700/110000)
[Kchain  7 [=================>            ]  56% (62700/110000)
[Kchain  8 [=================>            ]  56% (62700/110000)
[Kchain  9 [=================>            ]  56% (62700/110000)
[Kchain 10 [=================>            ]  56% (62700/110000)
[Kchain 11 [=================>            ]  56% (62700/110000)
[13A[KRunning N=2 | per-chain progress
[Kchain  0 [=================>            ]  57% (63800/110000)
[Kchain  1 [=================>            ]  56% (62700/110000)
[Kchain  2 [================>             ]  56% (61600/110000)
[Kchain  3 [=================>            ]  56% (62700/110000)
[Kchain  4 [=================>            ]  56% (62700/110000)
[Kchain  5 [=================>            ]  56% (62700/110000)
[Kchain  6 [=================>            ]  56% (62700/110000)
[Kchain  7 [=================>            ]  56% (62700/110000)
[Kchain  8 [=================>            ]  56% (62700/110000)
[Kchain  9 [=================>            ]  56% (62700/110000)
[Kchain 10 [=================>            ]  56% (62700/110000)
[Kchain 11 [=================>            ]  56% (62700/110000)
[13A[KRunning N=2 | per-chain progress
[Kchain  0 [=================>            ]  57% (63800/110000)
[Kchain  1 [=================>            ]  57% (63800/110000)
[Kchain  2 [================>             ]  56% (61600/110000)
[Kchain  3 [=================>            ]  56% (62700/110000)
[Kchain  4 [=================>            ]  56% (62700/110000)
[Kchain  5 [=================>            ]  56% (62700/110000)
[Kchain  6 [=================>            ]  56% (62700/110000)
[Kchain  7 [=================>            ]  56% (62700/110000)
[Kchain  8 [=================>            ]  56% (62700/110000)
[Kchain  9 [=================>            ]  56% (62700/110000)
[Kchain 10 [=================>            ]  56% (62700/110000)
[Kchain 11 [=================>            ]  56% (62700/110000)
[13A[KRunning N=2 | per-chain progress
[Kchain  0 [=================>            ]  57% (63800/110000)
[Kchain  1 [=================>            ]  57% (63800/110000)
[Kchain  2 [=================>            ]  56% (62700/110000)
[Kchain  3 [=================>            ]  56% (62700/110000)
[Kchain  4 [=================>            ]  56% (62700/110000)
[Kchain  5 [=================>            ]  56% (62700/110000)
[Kchain  6 [=================>            ]  56% (62700/110000)
[Kchain  7 [=================>            ]  56% (62700/110000)
[Kchain  8 [=================>            ]  57% (63800/110000)
[Kchain  9 [=================>            ]  56% (62700/110000)
[Kchain 10 [=================>            ]  56% (62700/110000)
[Kchain 11 [=================>            ]  56% (62700/110000)
[13A[KRunning N=2 | per-chain progress
[Kchain  0 [=================>            ]  57% (63800/110000)
[Kchain  1 [=================>            ]  57% (63800/110000)
[Kchain  2 [=================>            ]  56% (62700/110000)
[Kchain  3 [=================>            ]  56% (62700/110000)
[Kchain  4 [=================>            ]  56% (62700/110000)
[Kchain  5 [=================>            ]  56% (62700/110000)
[Kchain  6 [=================>            ]  56% (62700/110000)
[Kchain  7 [=================>            ]  56% (62700/110000)
[Kchain  8 [=================>            ]  57% (63800/110000)
[Kchain  9 [=================>            ]  56% (62700/110000)
[Kchain 10 [=================>            ]  56% (62700/110000)
[Kchain 11 [=================>            ]  56% (62700/110000)
[13A[KRunning N=2 | per-chain progress
[Kchain  0 [=================>            ]  57% (63800/110000)
[Kchain  1 [=================>            ]  57% (63800/110000)
[Kchain  2 [=================>            ]  56% (62700/110000)
[Kchain  3 [=================>            ]  57% (63800/110000)
[Kchain  4 [=================>            ]  56% (62700/110000)
[Kchain  5 [=================>            ]  56% (62700/110000)
[Kchain  6 [=================>            ]  56% (62700/110000)
[Kchain  7 [=================>            ]  56% (62700/110000)
[Kchain  8 [=================>            ]  57% (63800/110000)
[Kchain  9 [=================>            ]  56% (62700/110000)
[Kchain 10 [=================>            ]  56% (62700/110000)
[Kchain 11 [=================>            ]  56% (62700/110000)
[13A[KRunning N=2 | per-chain progress
[Kchain  0 [=================>            ]  59% (64900/110000)
[Kchain  1 [=================>            ]  57% (63800/110000)
[Kchain  2 [=================>            ]  56% (62700/110000)
[Kchain  3 [=================>            ]  57% (63800/110000)
[Kchain  4 [=================>            ]  56% (62700/110000)
[Kchain  5 [=================>            ]  56% (62700/110000)
[Kchain  6 [=================>            ]  56% (62700/110000)
[Kchain  7 [=================>            ]  56% (62700/110000)
[Kchain  8 [=================>            ]  57% (63800/110000)
[Kchain  9 [=================>            ]  56% (62700/110000)
[Kchain 10 [=================>            ]  56% (62700/110000)
[Kchain 11 [=================>            ]  56% (62700/110000)
[13A[KRunning N=2 | per-chain progress
[Kchain  0 [=================>            ]  59% (64900/110000)
[Kchain  1 [=================>            ]  57% (63800/110000)
[Kchain  2 [=================>            ]  56% (62700/110000)
[Kchain  3 [=================>            ]  57% (63800/110000)
[Kchain  4 [=================>            ]  56% (62700/110000)
[Kchain  5 [=================>            ]  56% (62700/110000)
[Kchain  6 [=================>            ]  57% (63800/110000)
[Kchain  7 [=================>            ]  57% (63800/110000)
[Kchain  8 [=================>            ]  57% (63800/110000)
[Kchain  9 [=================>            ]  56% (62700/110000)
[Kchain 10 [=================>            ]  56% (62700/110000)
[Kchain 11 [=================>            ]  56% (62700/110000)
[13A[KRunning N=2 | per-chain progress
[Kchain  0 [=================>            ]  59% (64900/110000)
[Kchain  1 [=================>            ]  57% (63800/110000)
[Kchain  2 [=================>            ]  56% (62700/110000)
[Kchain  3 [=================>            ]  57% (63800/110000)
[Kchain  4 [=================>            ]  56% (62700/110000)
[Kchain  5 [=================>            ]  56% (62700/110000)
[Kchain  6 [=================>            ]  57% (63800/110000)
[Kchain  7 [=================>            ]  57% (63800/110000)
[Kchain  8 [=================>            ]  57% (63800/110000)
[Kchain  9 [=================>            ]  57% (63800/110000)
[Kchain 10 [=================>            ]  56% (62700/110000)
[Kchain 11 [=================>            ]  56% (62700/110000)
[13A[KRunning N=2 | per-chain progress
[Kchain  0 [=================>            ]  59% (64900/110000)
[Kchain  1 [=================>            ]  57% (63800/110000)
[Kchain  2 [=================>            ]  56% (62700/110000)
[Kchain  3 [=================>            ]  57% (63800/110000)
[Kchain  4 [=================>            ]  56% (62700/110000)
[Kchain  5 [=================>            ]  56% (62700/110000)
[Kchain  6 [=================>            ]  57% (63800/110000)
[Kchain  7 [=================>            ]  57% (63800/110000)
[Kchain  8 [=================>            ]  57% (63800/110000)
[Kchain  9 [=================>            ]  57% (63800/110000)
[Kchain 10 [=================>            ]  56% (62700/110000)
[Kchain 11 [=================>            ]  57% (63800/110000)
[13A[KRunning N=2 | per-chain progress
[Kchain  0 [=================>            ]  59% (64900/110000)
[Kchain  1 [=================>            ]  57% (63800/110000)
[Kchain  2 [=================>            ]  56% (62700/110000)
[Kchain  3 [=================>            ]  57% (63800/110000)
[Kchain  4 [=================>            ]  56% (62700/110000)
[Kchain  5 [=================>            ]  56% (62700/110000)
[Kchain  6 [=================>            ]  57% (63800/110000)
[Kchain  7 [=================>            ]  57% (63800/110000)
[Kchain  8 [=================>            ]  57% (63800/110000)
[Kchain  9 [=================>            ]  57% (63800/110000)
[Kchain 10 [=================>            ]  56% (62700/110000)
[Kchain 11 [=================>            ]  57% (63800/110000)
[13A[KRunning N=2 | per-chain progress
[Kchain  0 [=================>            ]  59% (64900/110000)
[Kchain  1 [=================>            ]  57% (63800/110000)
[Kchain  2 [=================>            ]  56% (62700/110000)
[Kchain  3 [=================>            ]  57% (63800/110000)
[Kchain  4 [=================>            ]  56% (62700/110000)
[Kchain  5 [=================>            ]  57% (63800/110000)
[Kchain  6 [=================>            ]  57% (63800/110000)
[Kchain  7 [=================>            ]  57% (63800/110000)
[Kchain  8 [=================>            ]  57% (63800/110000)
[Kchain  9 [=================>            ]  57% (63800/110000)
[Kchain 10 [=================>            ]  56% (62700/110000)
[Kchain 11 [=================>            ]  57% (63800/110000)
[13A[KRunning N=2 | per-chain progress
[Kchain  0 [=================>            ]  59% (64900/110000)
[Kchain  1 [=================>            ]  57% (63800/110000)
[Kchain  2 [=================>            ]  56% (62700/110000)
[Kchain  3 [=================>            ]  57% (63800/110000)
[Kchain  4 [=================>            ]  57% (63800/110000)
[Kchain  5 [=================>            ]  57% (63800/110000)
[Kchain  6 [=================>            ]  57% (63800/110000)
[Kchain  7 [=================>            ]  57% (63800/110000)
[Kchain  8 [=================>            ]  57% (63800/110000)
[Kchain  9 [=================>            ]  57% (63800/110000)
[Kchain 10 [=================>            ]  57% (63800/110000)
[Kchain 11 [=================>            ]  57% (63800/110000)
[13A[KRunning N=2 | per-chain progress
[Kchain  0 [=================>            ]  59% (64900/110000)
[Kchain  1 [=================>            ]  57% (63800/110000)
[Kchain  2 [=================>            ]  56% (62700/110000)
[Kchain  3 [=================>            ]  57% (63800/110000)
[Kchain  4 [=================>            ]  57% (63800/110000)
[Kchain  5 [=================>            ]  57% (63800/110000)
[Kchain  6 [=================>            ]  57% (63800/110000)
[Kchain  7 [=================>            ]  57% (63800/110000)
[Kchain  8 [=================>            ]  57% (63800/110000)
[Kchain  9 [=================>            ]  57% (63800/110000)
[Kchain 10 [=================>            ]  57% (63800/110000)
[Kchain 11 [=================>            ]  57% (63800/110000)
[13A[KRunning N=2 | per-chain progress
[Kchain  0 [=================>            ]  59% (64900/110000)
[Kchain  1 [=================>            ]  59% (64900/110000)
[Kchain  2 [=================>            ]  56% (62700/110000)
[Kchain  3 [=================>            ]  57% (63800/110000)
[Kchain  4 [=================>            ]  57% (63800/110000)
[Kchain  5 [=================>            ]  57% (63800/110000)
[Kchain  6 [=================>            ]  57% (63800/110000)
[Kchain  7 [=================>            ]  57% (63800/110000)
[Kchain  8 [=================>            ]  57% (63800/110000)
[Kchain  9 [=================>            ]  57% (63800/110000)
[Kchain 10 [=================>            ]  57% (63800/110000)
[Kchain 11 [=================>            ]  57% (63800/110000)
[13A[KRunning N=2 | per-chain progress
[Kchain  0 [=================>            ]  59% (64900/110000)
[Kchain  1 [=================>            ]  59% (64900/110000)
[Kchain  2 [=================>            ]  57% (63800/110000)
[Kchain  3 [=================>            ]  57% (63800/110000)
[Kchain  4 [=================>            ]  57% (63800/110000)
[Kchain  5 [=================>            ]  57% (63800/110000)
[Kchain  6 [=================>            ]  57% (63800/110000)
[Kchain  7 [=================>            ]  57% (63800/110000)
[Kchain  8 [=================>            ]  59% (64900/110000)
[Kchain  9 [=================>            ]  57% (63800/110000)
[Kchain 10 [=================>            ]  57% (63800/110000)
[Kchain 11 [=================>            ]  57% (63800/110000)
[13A[KRunning N=2 | per-chain progress
[Kchain  0 [=================>            ]  59% (64900/110000)
[Kchain  1 [=================>            ]  59% (64900/110000)
[Kchain  2 [=================>            ]  57% (63800/110000)
[Kchain  3 [=================>            ]  57% (63800/110000)
[Kchain  4 [=================>            ]  57% (63800/110000)
[Kchain  5 [=================>            ]  57% (63800/110000)
[Kchain  6 [=================>            ]  57% (63800/110000)
[Kchain  7 [=================>            ]  57% (63800/110000)
[Kchain  8 [=================>            ]  59% (64900/110000)
[Kchain  9 [=================>            ]  57% (63800/110000)
[Kchain 10 [=================>            ]  57% (63800/110000)
[Kchain 11 [=================>            ]  57% (63800/110000)
[13A[KRunning N=2 | per-chain progress
[Kchain  0 [=================>            ]  59% (64900/110000)
[Kchain  1 [=================>            ]  59% (64900/110000)
[Kchain  2 [=================>            ]  57% (63800/110000)
[Kchain  3 [=================>            ]  59% (64900/110000)
[Kchain  4 [=================>            ]  57% (63800/110000)
[Kchain  5 [=================>            ]  57% (63800/110000)
[Kchain  6 [=================>            ]  57% (63800/110000)
[Kchain  7 [=================>            ]  57% (63800/110000)
[Kchain  8 [=================>            ]  59% (64900/110000)
[Kchain  9 [=================>            ]  57% (63800/110000)
[Kchain 10 [=================>            ]  57% (63800/110000)
[Kchain 11 [=================>            ]  57% (63800/110000)
[13A[KRunning N=2 | per-chain progress
[Kchain  0 [==================>           ]  60% (66000/110000)
[Kchain  1 [=================>            ]  59% (64900/110000)
[Kchain  2 [=================>            ]  57% (63800/110000)
[Kchain  3 [=================>            ]  59% (64900/110000)
[Kchain  4 [=================>            ]  57% (63800/110000)
[Kchain  5 [=================>            ]  57% (63800/110000)
[Kchain  6 [=================>            ]  57% (63800/110000)
[Kchain  7 [=================>            ]  57% (63800/110000)
[Kchain  8 [=================>            ]  59% (64900/110000)
[Kchain  9 [=================>            ]  57% (63800/110000)
[Kchain 10 [=================>            ]  57% (63800/110000)
[Kchain 11 [=================>            ]  57% (63800/110000)
[13A[KRunning N=2 | per-chain progress
[Kchain  0 [==================>           ]  60% (66000/110000)
[Kchain  1 [=================>            ]  59% (64900/110000)
[Kchain  2 [=================>            ]  57% (63800/110000)
[Kchain  3 [=================>            ]  59% (64900/110000)
[Kchain  4 [=================>            ]  57% (63800/110000)
[Kchain  5 [=================>            ]  57% (63800/110000)
[Kchain  6 [=================>            ]  59% (64900/110000)
[Kchain  7 [=================>            ]  59% (64900/110000)
[Kchain  8 [=================>            ]  59% (64900/110000)
[Kchain  9 [=================>            ]  57% (63800/110000)
[Kchain 10 [=================>            ]  57% (63800/110000)
[Kchain 11 [=================>            ]  57% (63800/110000)
[13A[KRunning N=2 | per-chain progress
[Kchain  0 [==================>           ]  60% (66000/110000)
[Kchain  1 [=================>            ]  59% (64900/110000)
[Kchain  2 [=================>            ]  57% (63800/110000)
[Kchain  3 [=================>            ]  59% (64900/110000)
[Kchain  4 [=================>            ]  57% (63800/110000)
[Kchain  5 [=================>            ]  57% (63800/110000)
[Kchain  6 [=================>            ]  59% (64900/110000)
[Kchain  7 [=================>            ]  59% (64900/110000)
[Kchain  8 [=================>            ]  59% (64900/110000)
[Kchain  9 [=================>            ]  59% (64900/110000)
[Kchain 10 [=================>            ]  57% (63800/110000)
[Kchain 11 [=================>            ]  57% (63800/110000)
[13A[KRunning N=2 | per-chain progress
[Kchain  0 [==================>           ]  60% (66000/110000)
[Kchain  1 [=================>            ]  59% (64900/110000)
[Kchain  2 [=================>            ]  57% (63800/110000)
[Kchain  3 [=================>            ]  59% (64900/110000)
[Kchain  4 [=================>            ]  57% (63800/110000)
[Kchain  5 [=================>            ]  57% (63800/110000)
[Kchain  6 [=================>            ]  59% (64900/110000)
[Kchain  7 [=================>            ]  59% (64900/110000)
[Kchain  8 [=================>            ]  59% (64900/110000)
[Kchain  9 [=================>            ]  59% (64900/110000)
[Kchain 10 [=================>            ]  57% (63800/110000)
[Kchain 11 [=================>            ]  59% (64900/110000)
[13A[KRunning N=2 | per-chain progress
[Kchain  0 [==================>           ]  60% (66000/110000)
[Kchain  1 [=================>            ]  59% (64900/110000)
[Kchain  2 [=================>            ]  57% (63800/110000)
[Kchain  3 [=================>            ]  59% (64900/110000)
[Kchain  4 [=================>            ]  57% (63800/110000)
[Kchain  5 [=================>            ]  59% (64900/110000)
[Kchain  6 [=================>            ]  59% (64900/110000)
[Kchain  7 [=================>            ]  59% (64900/110000)
[Kchain  8 [=================>            ]  59% (64900/110000)
[Kchain  9 [=================>            ]  59% (64900/110000)
[Kchain 10 [=================>            ]  57% (63800/110000)
[Kchain 11 [=================>            ]  59% (64900/110000)
[13A[KRunning N=2 | per-chain progress
[Kchain  0 [==================>           ]  60% (66000/110000)
[Kchain  1 [=================>            ]  59% (64900/110000)
[Kchain  2 [=================>            ]  57% (63800/110000)
[Kchain  3 [=================>            ]  59% (64900/110000)
[Kchain  4 [=================>            ]  57% (63800/110000)
[Kchain  5 [=================>            ]  59% (64900/110000)
[Kchain  6 [=================>            ]  59% (64900/110000)
[Kchain  7 [=================>            ]  59% (64900/110000)
[Kchain  8 [=================>            ]  59% (64900/110000)
[Kchain  9 [=================>            ]  59% (64900/110000)
[Kchain 10 [=================>            ]  57% (63800/110000)
[Kchain 11 [=================>            ]  59% (64900/110000)
[13A[KRunning N=2 | per-chain progress
[Kchain  0 [==================>           ]  60% (66000/110000)
[Kchain  1 [=================>            ]  59% (64900/110000)
[Kchain  2 [=================>            ]  57% (63800/110000)
[Kchain  3 [=================>            ]  59% (64900/110000)
[Kchain  4 [=================>            ]  59% (64900/110000)
[Kchain  5 [=================>            ]  59% (64900/110000)
[Kchain  6 [=================>            ]  59% (64900/110000)
[Kchain  7 [=================>            ]  59% (64900/110000)
[Kchain  8 [=================>            ]  59% (64900/110000)
[Kchain  9 [=================>            ]  59% (64900/110000)
[Kchain 10 [=================>            ]  59% (64900/110000)
[Kchain 11 [=================>            ]  59% (64900/110000)
[13A[KRunning N=2 | per-chain progress
[Kchain  0 [==================>           ]  60% (66000/110000)
[Kchain  1 [=================>            ]  59% (64900/110000)
[Kchain  2 [=================>            ]  57% (63800/110000)
[Kchain  3 [=================>            ]  59% (64900/110000)
[Kchain  4 [=================>            ]  59% (64900/110000)
[Kchain  5 [=================>            ]  59% (64900/110000)
[Kchain  6 [=================>            ]  59% (64900/110000)
[Kchain  7 [=================>            ]  59% (64900/110000)
[Kchain  8 [=================>            ]  59% (64900/110000)
[Kchain  9 [=================>            ]  59% (64900/110000)
[Kchain 10 [=================>            ]  59% (64900/110000)
[Kchain 11 [=================>            ]  59% (64900/110000)
[13A[KRunning N=2 | per-chain progress
[Kchain  0 [==================>           ]  60% (66000/110000)
[Kchain  1 [==================>           ]  60% (66000/110000)
[Kchain  2 [=================>            ]  57% (63800/110000)
[Kchain  3 [=================>            ]  59% (64900/110000)
[Kchain  4 [=================>            ]  59% (64900/110000)
[Kchain  5 [=================>            ]  59% (64900/110000)
[Kchain  6 [=================>            ]  59% (64900/110000)
[Kchain  7 [=================>            ]  59% (64900/110000)
[Kchain  8 [=================>            ]  59% (64900/110000)
[Kchain  9 [=================>            ]  59% (64900/110000)
[Kchain 10 [=================>            ]  59% (64900/110000)
[Kchain 11 [=================>            ]  59% (64900/110000)
[13A[KRunning N=2 | per-chain progress
[Kchain  0 [==================>           ]  60% (66000/110000)
[Kchain  1 [==================>           ]  60% (66000/110000)
[Kchain  2 [=================>            ]  59% (64900/110000)
[Kchain  3 [=================>            ]  59% (64900/110000)
[Kchain  4 [=================>            ]  59% (64900/110000)
[Kchain  5 [=================>            ]  59% (64900/110000)
[Kchain  6 [=================>            ]  59% (64900/110000)
[Kchain  7 [=================>            ]  59% (64900/110000)
[Kchain  8 [==================>           ]  60% (66000/110000)
[Kchain  9 [=================>            ]  59% (64900/110000)
[Kchain 10 [=================>            ]  59% (64900/110000)
[Kchain 11 [=================>            ]  59% (64900/110000)
[13A[KRunning N=2 | per-chain progress
[Kchain  0 [==================>           ]  60% (66000/110000)
[Kchain  1 [==================>           ]  60% (66000/110000)
[Kchain  2 [=================>            ]  59% (64900/110000)
[Kchain  3 [=================>            ]  59% (64900/110000)
[Kchain  4 [=================>            ]  59% (64900/110000)
[Kchain  5 [=================>            ]  59% (64900/110000)
[Kchain  6 [=================>            ]  59% (64900/110000)
[Kchain  7 [=================>            ]  59% (64900/110000)
[Kchain  8 [==================>           ]  60% (66000/110000)
[Kchain  9 [=================>            ]  59% (64900/110000)
[Kchain 10 [=================>            ]  59% (64900/110000)
[Kchain 11 [=================>            ]  59% (64900/110000)
[13A[KRunning N=2 | per-chain progress
[Kchain  0 [==================>           ]  60% (66000/110000)
[Kchain  1 [==================>           ]  60% (66000/110000)
[Kchain  2 [=================>            ]  59% (64900/110000)
[Kchain  3 [==================>           ]  60% (66000/110000)
[Kchain  4 [=================>            ]  59% (64900/110000)
[Kchain  5 [=================>            ]  59% (64900/110000)
[Kchain  6 [=================>            ]  59% (64900/110000)
[Kchain  7 [=================>            ]  59% (64900/110000)
[Kchain  8 [==================>           ]  60% (66000/110000)
[Kchain  9 [=================>            ]  59% (64900/110000)
[Kchain 10 [=================>            ]  59% (64900/110000)
[Kchain 11 [=================>            ]  59% (64900/110000)
[13A[KRunning N=2 | per-chain progress
[Kchain  0 [==================>           ]  61% (67100/110000)
[Kchain  1 [==================>           ]  60% (66000/110000)
[Kchain  2 [=================>            ]  59% (64900/110000)
[Kchain  3 [==================>           ]  60% (66000/110000)
[Kchain  4 [=================>            ]  59% (64900/110000)
[Kchain  5 [=================>            ]  59% (64900/110000)
[Kchain  6 [=================>            ]  59% (64900/110000)
[Kchain  7 [=================>            ]  59% (64900/110000)
[Kchain  8 [==================>           ]  60% (66000/110000)
[Kchain  9 [=================>            ]  59% (64900/110000)
[Kchain 10 [=================>            ]  59% (64900/110000)
[Kchain 11 [=================>            ]  59% (64900/110000)
[13A[KRunning N=2 | per-chain progress
[Kchain  0 [==================>           ]  61% (67100/110000)
[Kchain  1 [==================>           ]  60% (66000/110000)
[Kchain  2 [=================>            ]  59% (64900/110000)
[Kchain  3 [==================>           ]  60% (66000/110000)
[Kchain  4 [=================>            ]  59% (64900/110000)
[Kchain  5 [=================>            ]  59% (64900/110000)
[Kchain  6 [==================>           ]  60% (66000/110000)
[Kchain  7 [==================>           ]  60% (66000/110000)
[Kchain  8 [==================>           ]  60% (66000/110000)
[Kchain  9 [=================>            ]  59% (64900/110000)
[Kchain 10 [=================>            ]  59% (64900/110000)
[Kchain 11 [=================>            ]  59% (64900/110000)
[13A[KRunning N=2 | per-chain progress
[Kchain  0 [==================>           ]  61% (67100/110000)
[Kchain  1 [==================>           ]  60% (66000/110000)
[Kchain  2 [=================>            ]  59% (64900/110000)
[Kchain  3 [==================>           ]  60% (66000/110000)
[Kchain  4 [=================>            ]  59% (64900/110000)
[Kchain  5 [=================>            ]  59% (64900/110000)
[Kchain  6 [==================>           ]  60% (66000/110000)
[Kchain  7 [==================>           ]  60% (66000/110000)
[Kchain  8 [==================>           ]  60% (66000/110000)
[Kchain  9 [==================>           ]  60% (66000/110000)
[Kchain 10 [=================>            ]  59% (64900/110000)
[Kchain 11 [=================>            ]  59% (64900/110000)
[13A[KRunning N=2 | per-chain progress
[Kchain  0 [==================>           ]  61% (67100/110000)
[Kchain  1 [==================>           ]  60% (66000/110000)
[Kchain  2 [=================>            ]  59% (64900/110000)
[Kchain  3 [==================>           ]  60% (66000/110000)
[Kchain  4 [=================>            ]  59% (64900/110000)
[Kchain  5 [=================>            ]  59% (64900/110000)
[Kchain  6 [==================>           ]  60% (66000/110000)
[Kchain  7 [==================>           ]  60% (66000/110000)
[Kchain  8 [==================>           ]  60% (66000/110000)
[Kchain  9 [==================>           ]  60% (66000/110000)
[Kchain 10 [=================>            ]  59% (64900/110000)
[Kchain 11 [==================>           ]  60% (66000/110000)
[13A[KRunning N=2 | per-chain progress
[Kchain  0 [==================>           ]  61% (67100/110000)
[Kchain  1 [==================>           ]  60% (66000/110000)
[Kchain  2 [=================>            ]  59% (64900/110000)
[Kchain  3 [==================>           ]  60% (66000/110000)
[Kchain  4 [=================>            ]  59% (64900/110000)
[Kchain  5 [=================>            ]  59% (64900/110000)
[Kchain  6 [==================>           ]  60% (66000/110000)
[Kchain  7 [==================>           ]  60% (66000/110000)
[Kchain  8 [==================>           ]  60% (66000/110000)
[Kchain  9 [==================>           ]  60% (66000/110000)
[Kchain 10 [=================>            ]  59% (64900/110000)
[Kchain 11 [==================>           ]  60% (66000/110000)
[13A[KRunning N=2 | per-chain progress
[Kchain  0 [==================>           ]  61% (67100/110000)
[Kchain  1 [==================>           ]  60% (66000/110000)
[Kchain  2 [=================>            ]  59% (64900/110000)
[Kchain  3 [==================>           ]  60% (66000/110000)
[Kchain  4 [=================>            ]  59% (64900/110000)
[Kchain  5 [==================>           ]  60% (66000/110000)
[Kchain  6 [==================>           ]  60% (66000/110000)
[Kchain  7 [==================>           ]  60% (66000/110000)
[Kchain  8 [==================>           ]  60% (66000/110000)
[Kchain  9 [==================>           ]  60% (66000/110000)
[Kchain 10 [=================>            ]  59% (64900/110000)
[Kchain 11 [==================>           ]  60% (66000/110000)
[13A[KRunning N=2 | per-chain progress
[Kchain  0 [==================>           ]  61% (67100/110000)
[Kchain  1 [==================>           ]  60% (66000/110000)
[Kchain  2 [=================>            ]  59% (64900/110000)
[Kchain  3 [==================>           ]  60% (66000/110000)
[Kchain  4 [==================>           ]  60% (66000/110000)
[Kchain  5 [==================>           ]  60% (66000/110000)
[Kchain  6 [==================>           ]  60% (66000/110000)
[Kchain  7 [==================>           ]  60% (66000/110000)
[Kchain  8 [==================>           ]  60% (66000/110000)
[Kchain  9 [==================>           ]  60% (66000/110000)
[Kchain 10 [==================>           ]  60% (66000/110000)
[Kchain 11 [==================>           ]  60% (66000/110000)
[13A[KRunning N=2 | per-chain progress
[Kchain  0 [==================>           ]  61% (67100/110000)
[Kchain  1 [==================>           ]  60% (66000/110000)
[Kchain  2 [=================>            ]  59% (64900/110000)
[Kchain  3 [==================>           ]  60% (66000/110000)
[Kchain  4 [==================>           ]  60% (66000/110000)
[Kchain  5 [==================>           ]  60% (66000/110000)
[Kchain  6 [==================>           ]  60% (66000/110000)
[Kchain  7 [==================>           ]  60% (66000/110000)
[Kchain  8 [==================>           ]  60% (66000/110000)
[Kchain  9 [==================>           ]  60% (66000/110000)
[Kchain 10 [==================>           ]  60% (66000/110000)
[Kchain 11 [==================>           ]  60% (66000/110000)
[13A[KRunning N=2 | per-chain progress
[Kchain  0 [==================>           ]  61% (67100/110000)
[Kchain  1 [==================>           ]  61% (67100/110000)
[Kchain  2 [=================>            ]  59% (64900/110000)
[Kchain  3 [==================>           ]  60% (66000/110000)
[Kchain  4 [==================>           ]  60% (66000/110000)
[Kchain  5 [==================>           ]  60% (66000/110000)
[Kchain  6 [==================>           ]  60% (66000/110000)
[Kchain  7 [==================>           ]  60% (66000/110000)
[Kchain  8 [==================>           ]  60% (66000/110000)
[Kchain  9 [==================>           ]  60% (66000/110000)
[Kchain 10 [==================>           ]  60% (66000/110000)
[Kchain 11 [==================>           ]  60% (66000/110000)
[13A[KRunning N=2 | per-chain progress
[Kchain  0 [==================>           ]  61% (67100/110000)
[Kchain  1 [==================>           ]  61% (67100/110000)
[Kchain  2 [==================>           ]  60% (66000/110000)
[Kchain  3 [==================>           ]  60% (66000/110000)
[Kchain  4 [==================>           ]  60% (66000/110000)
[Kchain  5 [==================>           ]  60% (66000/110000)
[Kchain  6 [==================>           ]  60% (66000/110000)
[Kchain  7 [==================>           ]  60% (66000/110000)
[Kchain  8 [==================>           ]  61% (67100/110000)
[Kchain  9 [==================>           ]  60% (66000/110000)
[Kchain 10 [==================>           ]  60% (66000/110000)
[Kchain 11 [==================>           ]  60% (66000/110000)
[13A[KRunning N=2 | per-chain progress
[Kchain  0 [==================>           ]  61% (67100/110000)
[Kchain  1 [==================>           ]  61% (67100/110000)
[Kchain  2 [==================>           ]  60% (66000/110000)
[Kchain  3 [==================>           ]  60% (66000/110000)
[Kchain  4 [==================>           ]  60% (66000/110000)
[Kchain  5 [==================>           ]  60% (66000/110000)
[Kchain  6 [==================>           ]  60% (66000/110000)
[Kchain  7 [==================>           ]  60% (66000/110000)
[Kchain  8 [==================>           ]  61% (67100/110000)
[Kchain  9 [==================>           ]  60% (66000/110000)
[Kchain 10 [==================>           ]  60% (66000/110000)
[Kchain 11 [==================>           ]  60% (66000/110000)
[13A[KRunning N=2 | per-chain progress
[Kchain  0 [==================>           ]  61% (67100/110000)
[Kchain  1 [==================>           ]  61% (67100/110000)
[Kchain  2 [==================>           ]  60% (66000/110000)
[Kchain  3 [==================>           ]  61% (67100/110000)
[Kchain  4 [==================>           ]  60% (66000/110000)
[Kchain  5 [==================>           ]  60% (66000/110000)
[Kchain  6 [==================>           ]  60% (66000/110000)
[Kchain  7 [==================>           ]  60% (66000/110000)
[Kchain  8 [==================>           ]  61% (67100/110000)
[Kchain  9 [==================>           ]  60% (66000/110000)
[Kchain 10 [==================>           ]  60% (66000/110000)
[Kchain 11 [==================>           ]  60% (66000/110000)
[13A[KRunning N=2 | per-chain progress
[Kchain  0 [==================>           ]  62% (68200/110000)
[Kchain  1 [==================>           ]  61% (67100/110000)
[Kchain  2 [==================>           ]  60% (66000/110000)
[Kchain  3 [==================>           ]  61% (67100/110000)
[Kchain  4 [==================>           ]  60% (66000/110000)
[Kchain  5 [==================>           ]  60% (66000/110000)
[Kchain  6 [==================>           ]  61% (67100/110000)
[Kchain  7 [==================>           ]  60% (66000/110000)
[Kchain  8 [==================>           ]  61% (67100/110000)
[Kchain  9 [==================>           ]  60% (66000/110000)
[Kchain 10 [==================>           ]  60% (66000/110000)
[Kchain 11 [==================>           ]  60% (66000/110000)
[13A[KRunning N=2 | per-chain progress
[Kchain  0 [==================>           ]  62% (68200/110000)
[Kchain  1 [==================>           ]  61% (67100/110000)
[Kchain  2 [==================>           ]  60% (66000/110000)
[Kchain  3 [==================>           ]  61% (67100/110000)
[Kchain  4 [==================>           ]  60% (66000/110000)
[Kchain  5 [==================>           ]  60% (66000/110000)
[Kchain  6 [==================>           ]  61% (67100/110000)
[Kchain  7 [==================>           ]  61% (67100/110000)
[Kchain  8 [==================>           ]  61% (67100/110000)
[Kchain  9 [==================>           ]  60% (66000/110000)
[Kchain 10 [==================>           ]  60% (66000/110000)
[Kchain 11 [==================>           ]  60% (66000/110000)
[13A[KRunning N=2 | per-chain progress
[Kchain  0 [==================>           ]  62% (68200/110000)
[Kchain  1 [==================>           ]  61% (67100/110000)
[Kchain  2 [==================>           ]  60% (66000/110000)
[Kchain  3 [==================>           ]  61% (67100/110000)
[Kchain  4 [==================>           ]  60% (66000/110000)
[Kchain  5 [==================>           ]  60% (66000/110000)
[Kchain  6 [==================>           ]  61% (67100/110000)
[Kchain  7 [==================>           ]  61% (67100/110000)
[Kchain  8 [==================>           ]  61% (67100/110000)
[Kchain  9 [==================>           ]  61% (67100/110000)
[Kchain 10 [==================>           ]  60% (66000/110000)
[Kchain 11 [==================>           ]  60% (66000/110000)
[13A[KRunning N=2 | per-chain progress
[Kchain  0 [==================>           ]  62% (68200/110000)
[Kchain  1 [==================>           ]  61% (67100/110000)
[Kchain  2 [==================>           ]  60% (66000/110000)
[Kchain  3 [==================>           ]  61% (67100/110000)
[Kchain  4 [==================>           ]  60% (66000/110000)
[Kchain  5 [==================>           ]  60% (66000/110000)
[Kchain  6 [==================>           ]  61% (67100/110000)
[Kchain  7 [==================>           ]  61% (67100/110000)
[Kchain  8 [==================>           ]  61% (67100/110000)
[Kchain  9 [==================>           ]  61% (67100/110000)
[Kchain 10 [==================>           ]  60% (66000/110000)
[Kchain 11 [==================>           ]  61% (67100/110000)
[13A[KRunning N=2 | per-chain progress
[Kchain  0 [==================>           ]  62% (68200/110000)
[Kchain  1 [==================>           ]  61% (67100/110000)
[Kchain  2 [==================>           ]  60% (66000/110000)
[Kchain  3 [==================>           ]  61% (67100/110000)
[Kchain  4 [==================>           ]  60% (66000/110000)
[Kchain  5 [==================>           ]  60% (66000/110000)
[Kchain  6 [==================>           ]  61% (67100/110000)
[Kchain  7 [==================>           ]  61% (67100/110000)
[Kchain  8 [==================>           ]  61% (67100/110000)
[Kchain  9 [==================>           ]  61% (67100/110000)
[Kchain 10 [==================>           ]  60% (66000/110000)
[Kchain 11 [==================>           ]  61% (67100/110000)
[13A[KRunning N=2 | per-chain progress
[Kchain  0 [==================>           ]  62% (68200/110000)
[Kchain  1 [==================>           ]  61% (67100/110000)
[Kchain  2 [==================>           ]  60% (66000/110000)
[Kchain  3 [==================>           ]  61% (67100/110000)
[Kchain  4 [==================>           ]  60% (66000/110000)
[Kchain  5 [==================>           ]  61% (67100/110000)
[Kchain  6 [==================>           ]  61% (67100/110000)
[Kchain  7 [==================>           ]  61% (67100/110000)
[Kchain  8 [==================>           ]  61% (67100/110000)
[Kchain  9 [==================>           ]  61% (67100/110000)
[Kchain 10 [==================>           ]  60% (66000/110000)
[Kchain 11 [==================>           ]  61% (67100/110000)
[13A[KRunning N=2 | per-chain progress
[Kchain  0 [==================>           ]  62% (68200/110000)
[Kchain  1 [==================>           ]  61% (67100/110000)
[Kchain  2 [==================>           ]  60% (66000/110000)
[Kchain  3 [==================>           ]  61% (67100/110000)
[Kchain  4 [==================>           ]  61% (67100/110000)
[Kchain  5 [==================>           ]  61% (67100/110000)
[Kchain  6 [==================>           ]  61% (67100/110000)
[Kchain  7 [==================>           ]  61% (67100/110000)
[Kchain  8 [==================>           ]  61% (67100/110000)
[Kchain  9 [==================>           ]  61% (67100/110000)
[Kchain 10 [==================>           ]  61% (67100/110000)
[Kchain 11 [==================>           ]  61% (67100/110000)
[13A[KRunning N=2 | per-chain progress
[Kchain  0 [==================>           ]  62% (68200/110000)
[Kchain  1 [==================>           ]  61% (67100/110000)
[Kchain  2 [==================>           ]  60% (66000/110000)
[Kchain  3 [==================>           ]  61% (67100/110000)
[Kchain  4 [==================>           ]  61% (67100/110000)
[Kchain  5 [==================>           ]  61% (67100/110000)
[Kchain  6 [==================>           ]  61% (67100/110000)
[Kchain  7 [==================>           ]  61% (67100/110000)
[Kchain  8 [==================>           ]  61% (67100/110000)
[Kchain  9 [==================>           ]  61% (67100/110000)
[Kchain 10 [==================>           ]  61% (67100/110000)
[Kchain 11 [==================>           ]  61% (67100/110000)
[13A[KRunning N=2 | per-chain progress
[Kchain  0 [==================>           ]  62% (68200/110000)
[Kchain  1 [==================>           ]  62% (68200/110000)
[Kchain  2 [==================>           ]  60% (66000/110000)
[Kchain  3 [==================>           ]  61% (67100/110000)
[Kchain  4 [==================>           ]  61% (67100/110000)
[Kchain  5 [==================>           ]  61% (67100/110000)
[Kchain  6 [==================>           ]  61% (67100/110000)
[Kchain  7 [==================>           ]  61% (67100/110000)
[Kchain  8 [==================>           ]  61% (67100/110000)
[Kchain  9 [==================>           ]  61% (67100/110000)
[Kchain 10 [==================>           ]  61% (67100/110000)
[Kchain 11 [==================>           ]  61% (67100/110000)
[13A[KRunning N=2 | per-chain progress
[Kchain  0 [==================>           ]  62% (68200/110000)
[Kchain  1 [==================>           ]  62% (68200/110000)
[Kchain  2 [==================>           ]  61% (67100/110000)
[Kchain  3 [==================>           ]  61% (67100/110000)
[Kchain  4 [==================>           ]  61% (67100/110000)
[Kchain  5 [==================>           ]  61% (67100/110000)
[Kchain  6 [==================>           ]  61% (67100/110000)
[Kchain  7 [==================>           ]  61% (67100/110000)
[Kchain  8 [==================>           ]  62% (68200/110000)
[Kchain  9 [==================>           ]  61% (67100/110000)
[Kchain 10 [==================>           ]  61% (67100/110000)
[Kchain 11 [==================>           ]  61% (67100/110000)
[13A[KRunning N=2 | per-chain progress
[Kchain  0 [==================>           ]  62% (68200/110000)
[Kchain  1 [==================>           ]  62% (68200/110000)
[Kchain  2 [==================>           ]  61% (67100/110000)
[Kchain  3 [==================>           ]  61% (67100/110000)
[Kchain  4 [==================>           ]  61% (67100/110000)
[Kchain  5 [==================>           ]  61% (67100/110000)
[Kchain  6 [==================>           ]  61% (67100/110000)
[Kchain  7 [==================>           ]  61% (67100/110000)
[Kchain  8 [==================>           ]  62% (68200/110000)
[Kchain  9 [==================>           ]  61% (67100/110000)
[Kchain 10 [==================>           ]  61% (67100/110000)
[Kchain 11 [==================>           ]  61% (67100/110000)
[13A[KRunning N=2 | per-chain progress
[Kchain  0 [==================>           ]  62% (68200/110000)
[Kchain  1 [==================>           ]  62% (68200/110000)
[Kchain  2 [==================>           ]  61% (67100/110000)
[Kchain  3 [==================>           ]  62% (68200/110000)
[Kchain  4 [==================>           ]  61% (67100/110000)
[Kchain  5 [==================>           ]  61% (67100/110000)
[Kchain  6 [==================>           ]  61% (67100/110000)
[Kchain  7 [==================>           ]  61% (67100/110000)
[Kchain  8 [==================>           ]  62% (68200/110000)
[Kchain  9 [==================>           ]  61% (67100/110000)
[Kchain 10 [==================>           ]  61% (67100/110000)
[Kchain 11 [==================>           ]  61% (67100/110000)
[13A[KRunning N=2 | per-chain progress
[Kchain  0 [==================>           ]  63% (69300/110000)
[Kchain  1 [==================>           ]  62% (68200/110000)
[Kchain  2 [==================>           ]  61% (67100/110000)
[Kchain  3 [==================>           ]  62% (68200/110000)
[Kchain  4 [==================>           ]  61% (67100/110000)
[Kchain  5 [==================>           ]  61% (67100/110000)
[Kchain  6 [==================>           ]  61% (67100/110000)
[Kchain  7 [==================>           ]  61% (67100/110000)
[Kchain  8 [==================>           ]  62% (68200/110000)
[Kchain  9 [==================>           ]  61% (67100/110000)
[Kchain 10 [==================>           ]  61% (67100/110000)
[Kchain 11 [==================>           ]  61% (67100/110000)
[13A[KRunning N=2 | per-chain progress
[Kchain  0 [==================>           ]  63% (69300/110000)
[Kchain  1 [==================>           ]  62% (68200/110000)
[Kchain  2 [==================>           ]  61% (67100/110000)
[Kchain  3 [==================>           ]  62% (68200/110000)
[Kchain  4 [==================>           ]  61% (67100/110000)
[Kchain  5 [==================>           ]  61% (67100/110000)
[Kchain  6 [==================>           ]  62% (68200/110000)
[Kchain  7 [==================>           ]  62% (68200/110000)
[Kchain  8 [==================>           ]  62% (68200/110000)
[Kchain  9 [==================>           ]  61% (67100/110000)
[Kchain 10 [==================>           ]  61% (67100/110000)
[Kchain 11 [==================>           ]  61% (67100/110000)
[13A[KRunning N=2 | per-chain progress
[Kchain  0 [==================>           ]  63% (69300/110000)
[Kchain  1 [==================>           ]  62% (68200/110000)
[Kchain  2 [==================>           ]  61% (67100/110000)
[Kchain  3 [==================>           ]  62% (68200/110000)
[Kchain  4 [==================>           ]  61% (67100/110000)
[Kchain  5 [==================>           ]  61% (67100/110000)
[Kchain  6 [==================>           ]  62% (68200/110000)
[Kchain  7 [==================>           ]  62% (68200/110000)
[Kchain  8 [==================>           ]  62% (68200/110000)
[Kchain  9 [==================>           ]  62% (68200/110000)
[Kchain 10 [==================>           ]  61% (67100/110000)
[Kchain 11 [==================>           ]  61% (67100/110000)
[13A[KRunning N=2 | per-chain progress
[Kchain  0 [==================>           ]  63% (69300/110000)
[Kchain  1 [==================>           ]  62% (68200/110000)
[Kchain  2 [==================>           ]  61% (67100/110000)
[Kchain  3 [==================>           ]  62% (68200/110000)
[Kchain  4 [==================>           ]  61% (67100/110000)
[Kchain  5 [==================>           ]  61% (67100/110000)
[Kchain  6 [==================>           ]  62% (68200/110000)
[Kchain  7 [==================>           ]  62% (68200/110000)
[Kchain  8 [==================>           ]  62% (68200/110000)
[Kchain  9 [==================>           ]  62% (68200/110000)
[Kchain 10 [==================>           ]  61% (67100/110000)
[Kchain 11 [==================>           ]  62% (68200/110000)
[13A[KRunning N=2 | per-chain progress
[Kchain  0 [==================>           ]  63% (69300/110000)
[Kchain  1 [==================>           ]  62% (68200/110000)
[Kchain  2 [==================>           ]  61% (67100/110000)
[Kchain  3 [==================>           ]  62% (68200/110000)
[Kchain  4 [==================>           ]  61% (67100/110000)
[Kchain  5 [==================>           ]  61% (67100/110000)
[Kchain  6 [==================>           ]  62% (68200/110000)
[Kchain  7 [==================>           ]  62% (68200/110000)
[Kchain  8 [==================>           ]  62% (68200/110000)
[Kchain  9 [==================>           ]  62% (68200/110000)
[Kchain 10 [==================>           ]  61% (67100/110000)
[Kchain 11 [==================>           ]  62% (68200/110000)
[13A[KRunning N=2 | per-chain progress
[Kchain  0 [==================>           ]  63% (69300/110000)
[Kchain  1 [==================>           ]  62% (68200/110000)
[Kchain  2 [==================>           ]  61% (67100/110000)
[Kchain  3 [==================>           ]  62% (68200/110000)
[Kchain  4 [==================>           ]  61% (67100/110000)
[Kchain  5 [==================>           ]  62% (68200/110000)
[Kchain  6 [==================>           ]  62% (68200/110000)
[Kchain  7 [==================>           ]  62% (68200/110000)
[Kchain  8 [==================>           ]  62% (68200/110000)
[Kchain  9 [==================>           ]  62% (68200/110000)
[Kchain 10 [==================>           ]  61% (67100/110000)
[Kchain 11 [==================>           ]  62% (68200/110000)
[13A[KRunning N=2 | per-chain progress
[Kchain  0 [==================>           ]  63% (69300/110000)
[Kchain  1 [==================>           ]  62% (68200/110000)
[Kchain  2 [==================>           ]  61% (67100/110000)
[Kchain  3 [==================>           ]  62% (68200/110000)
[Kchain  4 [==================>           ]  62% (68200/110000)
[Kchain  5 [==================>           ]  62% (68200/110000)
[Kchain  6 [==================>           ]  62% (68200/110000)
[Kchain  7 [==================>           ]  62% (68200/110000)
[Kchain  8 [==================>           ]  62% (68200/110000)
[Kchain  9 [==================>           ]  62% (68200/110000)
[Kchain 10 [==================>           ]  62% (68200/110000)
[Kchain 11 [==================>           ]  62% (68200/110000)
[13A[KRunning N=2 | per-chain progress
[Kchain  0 [==================>           ]  63% (69300/110000)
[Kchain  1 [==================>           ]  62% (68200/110000)
[Kchain  2 [==================>           ]  61% (67100/110000)
[Kchain  3 [==================>           ]  62% (68200/110000)
[Kchain  4 [==================>           ]  62% (68200/110000)
[Kchain  5 [==================>           ]  62% (68200/110000)
[Kchain  6 [==================>           ]  62% (68200/110000)
[Kchain  7 [==================>           ]  62% (68200/110000)
[Kchain  8 [==================>           ]  62% (68200/110000)
[Kchain  9 [==================>           ]  62% (68200/110000)
[Kchain 10 [==================>           ]  62% (68200/110000)
[Kchain 11 [==================>           ]  62% (68200/110000)
[13A[KRunning N=2 | per-chain progress
[Kchain  0 [==================>           ]  63% (69300/110000)
[Kchain  1 [==================>           ]  63% (69300/110000)
[Kchain  2 [==================>           ]  61% (67100/110000)
[Kchain  3 [==================>           ]  62% (68200/110000)
[Kchain  4 [==================>           ]  62% (68200/110000)
[Kchain  5 [==================>           ]  62% (68200/110000)
[Kchain  6 [==================>           ]  62% (68200/110000)
[Kchain  7 [==================>           ]  62% (68200/110000)
[Kchain  8 [==================>           ]  62% (68200/110000)
[Kchain  9 [==================>           ]  62% (68200/110000)
[Kchain 10 [==================>           ]  62% (68200/110000)
[Kchain 11 [==================>           ]  62% (68200/110000)
[13A[KRunning N=2 | per-chain progress
[Kchain  0 [==================>           ]  63% (69300/110000)
[Kchain  1 [==================>           ]  63% (69300/110000)
[Kchain  2 [==================>           ]  62% (68200/110000)
[Kchain  3 [==================>           ]  62% (68200/110000)
[Kchain  4 [==================>           ]  62% (68200/110000)
[Kchain  5 [==================>           ]  62% (68200/110000)
[Kchain  6 [==================>           ]  62% (68200/110000)
[Kchain  7 [==================>           ]  62% (68200/110000)
[Kchain  8 [==================>           ]  63% (69300/110000)
[Kchain  9 [==================>           ]  62% (68200/110000)
[Kchain 10 [==================>           ]  62% (68200/110000)
[Kchain 11 [==================>           ]  62% (68200/110000)
[13A[KRunning N=2 | per-chain progress
[Kchain  0 [==================>           ]  63% (69300/110000)
[Kchain  1 [==================>           ]  63% (69300/110000)
[Kchain  2 [==================>           ]  62% (68200/110000)
[Kchain  3 [==================>           ]  62% (68200/110000)
[Kchain  4 [==================>           ]  62% (68200/110000)
[Kchain  5 [==================>           ]  62% (68200/110000)
[Kchain  6 [==================>           ]  62% (68200/110000)
[Kchain  7 [==================>           ]  62% (68200/110000)
[Kchain  8 [==================>           ]  63% (69300/110000)
[Kchain  9 [==================>           ]  62% (68200/110000)
[Kchain 10 [==================>           ]  62% (68200/110000)
[Kchain 11 [==================>           ]  62% (68200/110000)
[13A[KRunning N=2 | per-chain progress
[Kchain  0 [==================>           ]  63% (69300/110000)
[Kchain  1 [==================>           ]  63% (69300/110000)
[Kchain  2 [==================>           ]  62% (68200/110000)
[Kchain  3 [==================>           ]  63% (69300/110000)
[Kchain  4 [==================>           ]  62% (68200/110000)
[Kchain  5 [==================>           ]  62% (68200/110000)
[Kchain  6 [==================>           ]  62% (68200/110000)
[Kchain  7 [==================>           ]  62% (68200/110000)
[Kchain  8 [==================>           ]  63% (69300/110000)
[Kchain  9 [==================>           ]  62% (68200/110000)
[Kchain 10 [==================>           ]  62% (68200/110000)
[Kchain 11 [==================>           ]  62% (68200/110000)
[13A[KRunning N=2 | per-chain progress
[Kchain  0 [===================>          ]  64% (70400/110000)
[Kchain  1 [==================>           ]  63% (69300/110000)
[Kchain  2 [==================>           ]  62% (68200/110000)
[Kchain  3 [==================>           ]  63% (69300/110000)
[Kchain  4 [==================>           ]  62% (68200/110000)
[Kchain  5 [==================>           ]  62% (68200/110000)
[Kchain  6 [==================>           ]  62% (68200/110000)
[Kchain  7 [==================>           ]  62% (68200/110000)
[Kchain  8 [==================>           ]  63% (69300/110000)
[Kchain  9 [==================>           ]  62% (68200/110000)
[Kchain 10 [==================>           ]  62% (68200/110000)
[Kchain 11 [==================>           ]  62% (68200/110000)
[13A[KRunning N=2 | per-chain progress
[Kchain  0 [===================>          ]  64% (70400/110000)
[Kchain  1 [==================>           ]  63% (69300/110000)
[Kchain  2 [==================>           ]  62% (68200/110000)
[Kchain  3 [==================>           ]  63% (69300/110000)
[Kchain  4 [==================>           ]  62% (68200/110000)
[Kchain  5 [==================>           ]  62% (68200/110000)
[Kchain  6 [==================>           ]  63% (69300/110000)
[Kchain  7 [==================>           ]  63% (69300/110000)
[Kchain  8 [==================>           ]  63% (69300/110000)
[Kchain  9 [==================>           ]  62% (68200/110000)
[Kchain 10 [==================>           ]  62% (68200/110000)
[Kchain 11 [==================>           ]  62% (68200/110000)
[13A[KRunning N=2 | per-chain progress
[Kchain  0 [===================>          ]  64% (70400/110000)
[Kchain  1 [==================>           ]  63% (69300/110000)
[Kchain  2 [==================>           ]  62% (68200/110000)
[Kchain  3 [==================>           ]  63% (69300/110000)
[Kchain  4 [==================>           ]  62% (68200/110000)
[Kchain  5 [==================>           ]  62% (68200/110000)
[Kchain  6 [==================>           ]  63% (69300/110000)
[Kchain  7 [==================>           ]  63% (69300/110000)
[Kchain  8 [==================>           ]  63% (69300/110000)
[Kchain  9 [==================>           ]  63% (69300/110000)
[Kchain 10 [==================>           ]  62% (68200/110000)
[Kchain 11 [==================>           ]  62% (68200/110000)
[13A[KRunning N=2 | per-chain progress
[Kchain  0 [===================>          ]  64% (70400/110000)
[Kchain  1 [==================>           ]  63% (69300/110000)
[Kchain  2 [==================>           ]  62% (68200/110000)
[Kchain  3 [==================>           ]  63% (69300/110000)
[Kchain  4 [==================>           ]  62% (68200/110000)
[Kchain  5 [==================>           ]  62% (68200/110000)
[Kchain  6 [==================>           ]  63% (69300/110000)
[Kchain  7 [==================>           ]  63% (69300/110000)
[Kchain  8 [==================>           ]  63% (69300/110000)
[Kchain  9 [==================>           ]  63% (69300/110000)
[Kchain 10 [==================>           ]  62% (68200/110000)
[Kchain 11 [==================>           ]  63% (69300/110000)
[13A[KRunning N=2 | per-chain progress
[Kchain  0 [===================>          ]  64% (70400/110000)
[Kchain  1 [==================>           ]  63% (69300/110000)
[Kchain  2 [==================>           ]  62% (68200/110000)
[Kchain  3 [==================>           ]  63% (69300/110000)
[Kchain  4 [==================>           ]  62% (68200/110000)
[Kchain  5 [==================>           ]  62% (68200/110000)
[Kchain  6 [==================>           ]  63% (69300/110000)
[Kchain  7 [==================>           ]  63% (69300/110000)
[Kchain  8 [==================>           ]  63% (69300/110000)
[Kchain  9 [==================>           ]  63% (69300/110000)
[Kchain 10 [==================>           ]  62% (68200/110000)
[Kchain 11 [==================>           ]  63% (69300/110000)
[13A[KRunning N=2 | per-chain progress
[Kchain  0 [===================>          ]  64% (70400/110000)
[Kchain  1 [==================>           ]  63% (69300/110000)
[Kchain  2 [==================>           ]  62% (68200/110000)
[Kchain  3 [==================>           ]  63% (69300/110000)
[Kchain  4 [==================>           ]  62% (68200/110000)
[Kchain  5 [==================>           ]  63% (69300/110000)
[Kchain  6 [==================>           ]  63% (69300/110000)
[Kchain  7 [==================>           ]  63% (69300/110000)
[Kchain  8 [==================>           ]  63% (69300/110000)
[Kchain  9 [==================>           ]  63% (69300/110000)
[Kchain 10 [==================>           ]  62% (68200/110000)
[Kchain 11 [==================>           ]  63% (69300/110000)
[13A[KRunning N=2 | per-chain progress
[Kchain  0 [===================>          ]  64% (70400/110000)
[Kchain  1 [==================>           ]  63% (69300/110000)
[Kchain  2 [==================>           ]  62% (68200/110000)
[Kchain  3 [==================>           ]  63% (69300/110000)
[Kchain  4 [==================>           ]  63% (69300/110000)
[Kchain  5 [==================>           ]  63% (69300/110000)
[Kchain  6 [==================>           ]  63% (69300/110000)
[Kchain  7 [==================>           ]  63% (69300/110000)
[Kchain  8 [==================>           ]  63% (69300/110000)
[Kchain  9 [==================>           ]  63% (69300/110000)
[Kchain 10 [==================>           ]  63% (69300/110000)
[Kchain 11 [==================>           ]  63% (69300/110000)
[13A[KRunning N=2 | per-chain progress
[Kchain  0 [===================>          ]  64% (70400/110000)
[Kchain  1 [==================>           ]  63% (69300/110000)
[Kchain  2 [==================>           ]  62% (68200/110000)
[Kchain  3 [==================>           ]  63% (69300/110000)
[Kchain  4 [==================>           ]  63% (69300/110000)
[Kchain  5 [==================>           ]  63% (69300/110000)
[Kchain  6 [==================>           ]  63% (69300/110000)
[Kchain  7 [==================>           ]  63% (69300/110000)
[Kchain  8 [==================>           ]  63% (69300/110000)
[Kchain  9 [==================>           ]  63% (69300/110000)
[Kchain 10 [==================>           ]  63% (69300/110000)
[Kchain 11 [==================>           ]  63% (69300/110000)
[13A[KRunning N=2 | per-chain progress
[Kchain  0 [===================>          ]  64% (70400/110000)
[Kchain  1 [===================>          ]  64% (70400/110000)
[Kchain  2 [==================>           ]  62% (68200/110000)
[Kchain  3 [==================>           ]  63% (69300/110000)
[Kchain  4 [==================>           ]  63% (69300/110000)
[Kchain  5 [==================>           ]  63% (69300/110000)
[Kchain  6 [==================>           ]  63% (69300/110000)
[Kchain  7 [==================>           ]  63% (69300/110000)
[Kchain  8 [==================>           ]  63% (69300/110000)
[Kchain  9 [==================>           ]  63% (69300/110000)
[Kchain 10 [==================>           ]  63% (69300/110000)
[Kchain 11 [==================>           ]  63% (69300/110000)
[13A[KRunning N=2 | per-chain progress
[Kchain  0 [===================>          ]  64% (70400/110000)
[Kchain  1 [===================>          ]  64% (70400/110000)
[Kchain  2 [==================>           ]  63% (69300/110000)
[Kchain  3 [==================>           ]  63% (69300/110000)
[Kchain  4 [==================>           ]  63% (69300/110000)
[Kchain  5 [==================>           ]  63% (69300/110000)
[Kchain  6 [==================>           ]  63% (69300/110000)
[Kchain  7 [==================>           ]  63% (69300/110000)
[Kchain  8 [===================>          ]  64% (70400/110000)
[Kchain  9 [==================>           ]  63% (69300/110000)
[Kchain 10 [==================>           ]  63% (69300/110000)
[Kchain 11 [==================>           ]  63% (69300/110000)
[13A[KRunning N=2 | per-chain progress
[Kchain  0 [===================>          ]  64% (70400/110000)
[Kchain  1 [===================>          ]  64% (70400/110000)
[Kchain  2 [==================>           ]  63% (69300/110000)
[Kchain  3 [==================>           ]  63% (69300/110000)
[Kchain  4 [==================>           ]  63% (69300/110000)
[Kchain  5 [==================>           ]  63% (69300/110000)
[Kchain  6 [==================>           ]  63% (69300/110000)
[Kchain  7 [==================>           ]  63% (69300/110000)
[Kchain  8 [===================>          ]  64% (70400/110000)
[Kchain  9 [==================>           ]  63% (69300/110000)
[Kchain 10 [==================>           ]  63% (69300/110000)
[Kchain 11 [==================>           ]  63% (69300/110000)
[13A[KRunning N=2 | per-chain progress
[Kchain  0 [===================>          ]  64% (70400/110000)
[Kchain  1 [===================>          ]  64% (70400/110000)
[Kchain  2 [==================>           ]  63% (69300/110000)
[Kchain  3 [===================>          ]  64% (70400/110000)
[Kchain  4 [==================>           ]  63% (69300/110000)
[Kchain  5 [==================>           ]  63% (69300/110000)
[Kchain  6 [==================>           ]  63% (69300/110000)
[Kchain  7 [==================>           ]  63% (69300/110000)
[Kchain  8 [===================>          ]  64% (70400/110000)
[Kchain  9 [==================>           ]  63% (69300/110000)
[Kchain 10 [==================>           ]  63% (69300/110000)
[Kchain 11 [==================>           ]  63% (69300/110000)
[13A[KRunning N=2 | per-chain progress
[Kchain  0 [===================>          ]  65% (71500/110000)
[Kchain  1 [===================>          ]  64% (70400/110000)
[Kchain  2 [==================>           ]  63% (69300/110000)
[Kchain  3 [===================>          ]  64% (70400/110000)
[Kchain  4 [==================>           ]  63% (69300/110000)
[Kchain  5 [==================>           ]  63% (69300/110000)
[Kchain  6 [==================>           ]  63% (69300/110000)
[Kchain  7 [==================>           ]  63% (69300/110000)
[Kchain  8 [===================>          ]  64% (70400/110000)
[Kchain  9 [==================>           ]  63% (69300/110000)
[Kchain 10 [==================>           ]  63% (69300/110000)
[Kchain 11 [==================>           ]  63% (69300/110000)
[13A[KRunning N=2 | per-chain progress
[Kchain  0 [===================>          ]  65% (71500/110000)
[Kchain  1 [===================>          ]  64% (70400/110000)
[Kchain  2 [==================>           ]  63% (69300/110000)
[Kchain  3 [===================>          ]  64% (70400/110000)
[Kchain  4 [==================>           ]  63% (69300/110000)
[Kchain  5 [==================>           ]  63% (69300/110000)
[Kchain  6 [===================>          ]  64% (70400/110000)
[Kchain  7 [===================>          ]  64% (70400/110000)
[Kchain  8 [===================>          ]  64% (70400/110000)
[Kchain  9 [==================>           ]  63% (69300/110000)
[Kchain 10 [==================>           ]  63% (69300/110000)
[Kchain 11 [==================>           ]  63% (69300/110000)
[13A[KRunning N=2 | per-chain progress
[Kchain  0 [===================>          ]  65% (71500/110000)
[Kchain  1 [===================>          ]  64% (70400/110000)
[Kchain  2 [==================>           ]  63% (69300/110000)
[Kchain  3 [===================>          ]  64% (70400/110000)
[Kchain  4 [==================>           ]  63% (69300/110000)
[Kchain  5 [==================>           ]  63% (69300/110000)
[Kchain  6 [===================>          ]  64% (70400/110000)
[Kchain  7 [===================>          ]  64% (70400/110000)
[Kchain  8 [===================>          ]  64% (70400/110000)
[Kchain  9 [===================>          ]  64% (70400/110000)
[Kchain 10 [==================>           ]  63% (69300/110000)
[Kchain 11 [==================>           ]  63% (69300/110000)
[13A[KRunning N=2 | per-chain progress
[Kchain  0 [===================>          ]  65% (71500/110000)
[Kchain  1 [===================>          ]  64% (70400/110000)
[Kchain  2 [==================>           ]  63% (69300/110000)
[Kchain  3 [===================>          ]  64% (70400/110000)
[Kchain  4 [==================>           ]  63% (69300/110000)
[Kchain  5 [==================>           ]  63% (69300/110000)
[Kchain  6 [===================>          ]  64% (70400/110000)
[Kchain  7 [===================>          ]  64% (70400/110000)
[Kchain  8 [===================>          ]  64% (70400/110000)
[Kchain  9 [===================>          ]  64% (70400/110000)
[Kchain 10 [==================>           ]  63% (69300/110000)
[Kchain 11 [===================>          ]  64% (70400/110000)
[13A[KRunning N=2 | per-chain progress
[Kchain  0 [===================>          ]  65% (71500/110000)
[Kchain  1 [===================>          ]  64% (70400/110000)
[Kchain  2 [==================>           ]  63% (69300/110000)
[Kchain  3 [===================>          ]  64% (70400/110000)
[Kchain  4 [==================>           ]  63% (69300/110000)
[Kchain  5 [==================>           ]  63% (69300/110000)
[Kchain  6 [===================>          ]  64% (70400/110000)
[Kchain  7 [===================>          ]  64% (70400/110000)
[Kchain  8 [===================>          ]  64% (70400/110000)
[Kchain  9 [===================>          ]  64% (70400/110000)
[Kchain 10 [==================>           ]  63% (69300/110000)
[Kchain 11 [===================>          ]  64% (70400/110000)
[13A[KRunning N=2 | per-chain progress
[Kchain  0 [===================>          ]  65% (71500/110000)
[Kchain  1 [===================>          ]  64% (70400/110000)
[Kchain  2 [==================>           ]  63% (69300/110000)
[Kchain  3 [===================>          ]  64% (70400/110000)
[Kchain  4 [==================>           ]  63% (69300/110000)
[Kchain  5 [===================>          ]  64% (70400/110000)
[Kchain  6 [===================>          ]  64% (70400/110000)
[Kchain  7 [===================>          ]  64% (70400/110000)
[Kchain  8 [===================>          ]  64% (70400/110000)
[Kchain  9 [===================>          ]  64% (70400/110000)
[Kchain 10 [==================>           ]  63% (69300/110000)
[Kchain 11 [===================>          ]  64% (70400/110000)
[13A[KRunning N=2 | per-chain progress
[Kchain  0 [===================>          ]  65% (71500/110000)
[Kchain  1 [===================>          ]  64% (70400/110000)
[Kchain  2 [==================>           ]  63% (69300/110000)
[Kchain  3 [===================>          ]  64% (70400/110000)
[Kchain  4 [===================>          ]  64% (70400/110000)
[Kchain  5 [===================>          ]  64% (70400/110000)
[Kchain  6 [===================>          ]  64% (70400/110000)
[Kchain  7 [===================>          ]  64% (70400/110000)
[Kchain  8 [===================>          ]  64% (70400/110000)
[Kchain  9 [===================>          ]  64% (70400/110000)
[Kchain 10 [===================>          ]  64% (70400/110000)
[Kchain 11 [===================>          ]  64% (70400/110000)
[13A[KRunning N=2 | per-chain progress
[Kchain  0 [===================>          ]  65% (71500/110000)
[Kchain  1 [===================>          ]  64% (70400/110000)
[Kchain  2 [==================>           ]  63% (69300/110000)
[Kchain  3 [===================>          ]  64% (70400/110000)
[Kchain  4 [===================>          ]  64% (70400/110000)
[Kchain  5 [===================>          ]  64% (70400/110000)
[Kchain  6 [===================>          ]  64% (70400/110000)
[Kchain  7 [===================>          ]  64% (70400/110000)
[Kchain  8 [===================>          ]  64% (70400/110000)
[Kchain  9 [===================>          ]  64% (70400/110000)
[Kchain 10 [===================>          ]  64% (70400/110000)
[Kchain 11 [===================>          ]  64% (70400/110000)
[13A[KRunning N=2 | per-chain progress
[Kchain  0 [===================>          ]  65% (71500/110000)
[Kchain  1 [===================>          ]  65% (71500/110000)
[Kchain  2 [==================>           ]  63% (69300/110000)
[Kchain  3 [===================>          ]  64% (70400/110000)
[Kchain  4 [===================>          ]  64% (70400/110000)
[Kchain  5 [===================>          ]  64% (70400/110000)
[Kchain  6 [===================>          ]  64% (70400/110000)
[Kchain  7 [===================>          ]  64% (70400/110000)
[Kchain  8 [===================>          ]  64% (70400/110000)
[Kchain  9 [===================>          ]  64% (70400/110000)
[Kchain 10 [===================>          ]  64% (70400/110000)
[Kchain 11 [===================>          ]  64% (70400/110000)
[13A[KRunning N=2 | per-chain progress
[Kchain  0 [===================>          ]  65% (71500/110000)
[Kchain  1 [===================>          ]  65% (71500/110000)
[Kchain  2 [===================>          ]  64% (70400/110000)
[Kchain  3 [===================>          ]  64% (70400/110000)
[Kchain  4 [===================>          ]  64% (70400/110000)
[Kchain  5 [===================>          ]  64% (70400/110000)
[Kchain  6 [===================>          ]  64% (70400/110000)
[Kchain  7 [===================>          ]  64% (70400/110000)
[Kchain  8 [===================>          ]  65% (71500/110000)
[Kchain  9 [===================>          ]  64% (70400/110000)
[Kchain 10 [===================>          ]  64% (70400/110000)
[Kchain 11 [===================>          ]  64% (70400/110000)
[13A[KRunning N=2 | per-chain progress
[Kchain  0 [===================>          ]  65% (71500/110000)
[Kchain  1 [===================>          ]  65% (71500/110000)
[Kchain  2 [===================>          ]  64% (70400/110000)
[Kchain  3 [===================>          ]  64% (70400/110000)
[Kchain  4 [===================>          ]  64% (70400/110000)
[Kchain  5 [===================>          ]  64% (70400/110000)
[Kchain  6 [===================>          ]  64% (70400/110000)
[Kchain  7 [===================>          ]  64% (70400/110000)
[Kchain  8 [===================>          ]  65% (71500/110000)
[Kchain  9 [===================>          ]  64% (70400/110000)
[Kchain 10 [===================>          ]  64% (70400/110000)
[Kchain 11 [===================>          ]  64% (70400/110000)
[13A[KRunning N=2 | per-chain progress
[Kchain  0 [===================>          ]  65% (71500/110000)
[Kchain  1 [===================>          ]  65% (71500/110000)
[Kchain  2 [===================>          ]  64% (70400/110000)
[Kchain  3 [===================>          ]  65% (71500/110000)
[Kchain  4 [===================>          ]  64% (70400/110000)
[Kchain  5 [===================>          ]  64% (70400/110000)
[Kchain  6 [===================>          ]  64% (70400/110000)
[Kchain  7 [===================>          ]  64% (70400/110000)
[Kchain  8 [===================>          ]  65% (71500/110000)
[Kchain  9 [===================>          ]  64% (70400/110000)
[Kchain 10 [===================>          ]  64% (70400/110000)
[Kchain 11 [===================>          ]  64% (70400/110000)
[13A[KRunning N=2 | per-chain progress
[Kchain  0 [===================>          ]  66% (72600/110000)
[Kchain  1 [===================>          ]  65% (71500/110000)
[Kchain  2 [===================>          ]  64% (70400/110000)
[Kchain  3 [===================>          ]  65% (71500/110000)
[Kchain  4 [===================>          ]  64% (70400/110000)
[Kchain  5 [===================>          ]  64% (70400/110000)
[Kchain  6 [===================>          ]  64% (70400/110000)
[Kchain  7 [===================>          ]  64% (70400/110000)
[Kchain  8 [===================>          ]  65% (71500/110000)
[Kchain  9 [===================>          ]  64% (70400/110000)
[Kchain 10 [===================>          ]  64% (70400/110000)
[Kchain 11 [===================>          ]  64% (70400/110000)
[13A[KRunning N=2 | per-chain progress
[Kchain  0 [===================>          ]  66% (72600/110000)
[Kchain  1 [===================>          ]  65% (71500/110000)
[Kchain  2 [===================>          ]  64% (70400/110000)
[Kchain  3 [===================>          ]  65% (71500/110000)
[Kchain  4 [===================>          ]  64% (70400/110000)
[Kchain  5 [===================>          ]  64% (70400/110000)
[Kchain  6 [===================>          ]  65% (71500/110000)
[Kchain  7 [===================>          ]  65% (71500/110000)
[Kchain  8 [===================>          ]  65% (71500/110000)
[Kchain  9 [===================>          ]  64% (70400/110000)
[Kchain 10 [===================>          ]  64% (70400/110000)
[Kchain 11 [===================>          ]  64% (70400/110000)
[13A[KRunning N=2 | per-chain progress
[Kchain  0 [===================>          ]  66% (72600/110000)
[Kchain  1 [===================>          ]  65% (71500/110000)
[Kchain  2 [===================>          ]  64% (70400/110000)
[Kchain  3 [===================>          ]  65% (71500/110000)
[Kchain  4 [===================>          ]  64% (70400/110000)
[Kchain  5 [===================>          ]  64% (70400/110000)
[Kchain  6 [===================>          ]  65% (71500/110000)
[Kchain  7 [===================>          ]  65% (71500/110000)
[Kchain  8 [===================>          ]  65% (71500/110000)
[Kchain  9 [===================>          ]  65% (71500/110000)
[Kchain 10 [===================>          ]  64% (70400/110000)
[Kchain 11 [===================>          ]  64% (70400/110000)
[13A[KRunning N=2 | per-chain progress
[Kchain  0 [===================>          ]  66% (72600/110000)
[Kchain  1 [===================>          ]  65% (71500/110000)
[Kchain  2 [===================>          ]  64% (70400/110000)
[Kchain  3 [===================>          ]  65% (71500/110000)
[Kchain  4 [===================>          ]  64% (70400/110000)
[Kchain  5 [===================>          ]  64% (70400/110000)
[Kchain  6 [===================>          ]  65% (71500/110000)
[Kchain  7 [===================>          ]  65% (71500/110000)
[Kchain  8 [===================>          ]  65% (71500/110000)
[Kchain  9 [===================>          ]  65% (71500/110000)
[Kchain 10 [===================>          ]  64% (70400/110000)
[Kchain 11 [===================>          ]  65% (71500/110000)
[13A[KRunning N=2 | per-chain progress
[Kchain  0 [===================>          ]  66% (72600/110000)
[Kchain  1 [===================>          ]  65% (71500/110000)
[Kchain  2 [===================>          ]  64% (70400/110000)
[Kchain  3 [===================>          ]  65% (71500/110000)
[Kchain  4 [===================>          ]  64% (70400/110000)
[Kchain  5 [===================>          ]  64% (70400/110000)
[Kchain  6 [===================>          ]  65% (71500/110000)
[Kchain  7 [===================>          ]  65% (71500/110000)
[Kchain  8 [===================>          ]  65% (71500/110000)
[Kchain  9 [===================>          ]  65% (71500/110000)
[Kchain 10 [===================>          ]  64% (70400/110000)
[Kchain 11 [===================>          ]  65% (71500/110000)
[13A[KRunning N=2 | per-chain progress
[Kchain  0 [===================>          ]  66% (72600/110000)
[Kchain  1 [===================>          ]  65% (71500/110000)
[Kchain  2 [===================>          ]  64% (70400/110000)
[Kchain  3 [===================>          ]  65% (71500/110000)
[Kchain  4 [===================>          ]  64% (70400/110000)
[Kchain  5 [===================>          ]  65% (71500/110000)
[Kchain  6 [===================>          ]  65% (71500/110000)
[Kchain  7 [===================>          ]  65% (71500/110000)
[Kchain  8 [===================>          ]  65% (71500/110000)
[Kchain  9 [===================>          ]  65% (71500/110000)
[Kchain 10 [===================>          ]  64% (70400/110000)
[Kchain 11 [===================>          ]  65% (71500/110000)
[13A[KRunning N=2 | per-chain progress
[Kchain  0 [===================>          ]  66% (72600/110000)
[Kchain  1 [===================>          ]  65% (71500/110000)
[Kchain  2 [===================>          ]  64% (70400/110000)
[Kchain  3 [===================>          ]  65% (71500/110000)
[Kchain  4 [===================>          ]  65% (71500/110000)
[Kchain  5 [===================>          ]  65% (71500/110000)
[Kchain  6 [===================>          ]  65% (71500/110000)
[Kchain  7 [===================>          ]  65% (71500/110000)
[Kchain  8 [===================>          ]  65% (71500/110000)
[Kchain  9 [===================>          ]  65% (71500/110000)
[Kchain 10 [===================>          ]  65% (71500/110000)
[Kchain 11 [===================>          ]  65% (71500/110000)
[13A[KRunning N=2 | per-chain progress
[Kchain  0 [===================>          ]  66% (72600/110000)
[Kchain  1 [===================>          ]  65% (71500/110000)
[Kchain  2 [===================>          ]  64% (70400/110000)
[Kchain  3 [===================>          ]  65% (71500/110000)
[Kchain  4 [===================>          ]  65% (71500/110000)
[Kchain  5 [===================>          ]  65% (71500/110000)
[Kchain  6 [===================>          ]  65% (71500/110000)
[Kchain  7 [===================>          ]  65% (71500/110000)
[Kchain  8 [===================>          ]  65% (71500/110000)
[Kchain  9 [===================>          ]  65% (71500/110000)
[Kchain 10 [===================>          ]  65% (71500/110000)
[Kchain 11 [===================>          ]  65% (71500/110000)
[13A[KRunning N=2 | per-chain progress
[Kchain  0 [===================>          ]  66% (72600/110000)
[Kchain  1 [===================>          ]  66% (72600/110000)
[Kchain  2 [===================>          ]  64% (70400/110000)
[Kchain  3 [===================>          ]  65% (71500/110000)
[Kchain  4 [===================>          ]  65% (71500/110000)
[Kchain  5 [===================>          ]  65% (71500/110000)
[Kchain  6 [===================>          ]  65% (71500/110000)
[Kchain  7 [===================>          ]  65% (71500/110000)
[Kchain  8 [===================>          ]  65% (71500/110000)
[Kchain  9 [===================>          ]  65% (71500/110000)
[Kchain 10 [===================>          ]  65% (71500/110000)
[Kchain 11 [===================>          ]  65% (71500/110000)
[13A[KRunning N=2 | per-chain progress
[Kchain  0 [===================>          ]  66% (72600/110000)
[Kchain  1 [===================>          ]  66% (72600/110000)
[Kchain  2 [===================>          ]  65% (71500/110000)
[Kchain  3 [===================>          ]  65% (71500/110000)
[Kchain  4 [===================>          ]  65% (71500/110000)
[Kchain  5 [===================>          ]  65% (71500/110000)
[Kchain  6 [===================>          ]  65% (71500/110000)
[Kchain  7 [===================>          ]  65% (71500/110000)
[Kchain  8 [===================>          ]  66% (72600/110000)
[Kchain  9 [===================>          ]  65% (71500/110000)
[Kchain 10 [===================>          ]  65% (71500/110000)
[Kchain 11 [===================>          ]  65% (71500/110000)
[13A[KRunning N=2 | per-chain progress
[Kchain  0 [===================>          ]  66% (72600/110000)
[Kchain  1 [===================>          ]  66% (72600/110000)
[Kchain  2 [===================>          ]  65% (71500/110000)
[Kchain  3 [===================>          ]  65% (71500/110000)
[Kchain  4 [===================>          ]  65% (71500/110000)
[Kchain  5 [===================>          ]  65% (71500/110000)
[Kchain  6 [===================>          ]  65% (71500/110000)
[Kchain  7 [===================>          ]  65% (71500/110000)
[Kchain  8 [===================>          ]  66% (72600/110000)
[Kchain  9 [===================>          ]  65% (71500/110000)
[Kchain 10 [===================>          ]  65% (71500/110000)
[Kchain 11 [===================>          ]  65% (71500/110000)
[13A[KRunning N=2 | per-chain progress
[Kchain  0 [===================>          ]  66% (72600/110000)
[Kchain  1 [===================>          ]  66% (72600/110000)
[Kchain  2 [===================>          ]  65% (71500/110000)
[Kchain  3 [===================>          ]  66% (72600/110000)
[Kchain  4 [===================>          ]  65% (71500/110000)
[Kchain  5 [===================>          ]  65% (71500/110000)
[Kchain  6 [===================>          ]  65% (71500/110000)
[Kchain  7 [===================>          ]  65% (71500/110000)
[Kchain  8 [===================>          ]  66% (72600/110000)
[Kchain  9 [===================>          ]  65% (71500/110000)
[Kchain 10 [===================>          ]  65% (71500/110000)
[Kchain 11 [===================>          ]  65% (71500/110000)
[13A[KRunning N=2 | per-chain progress
[Kchain  0 [====================>         ]  67% (73700/110000)
[Kchain  1 [===================>          ]  66% (72600/110000)
[Kchain  2 [===================>          ]  65% (71500/110000)
[Kchain  3 [===================>          ]  66% (72600/110000)
[Kchain  4 [===================>          ]  65% (71500/110000)
[Kchain  5 [===================>          ]  65% (71500/110000)
[Kchain  6 [===================>          ]  65% (71500/110000)
[Kchain  7 [===================>          ]  65% (71500/110000)
[Kchain  8 [===================>          ]  66% (72600/110000)
[Kchain  9 [===================>          ]  65% (71500/110000)
[Kchain 10 [===================>          ]  65% (71500/110000)
[Kchain 11 [===================>          ]  65% (71500/110000)
[13A[KRunning N=2 | per-chain progress
[Kchain  0 [====================>         ]  67% (73700/110000)
[Kchain  1 [===================>          ]  66% (72600/110000)
[Kchain  2 [===================>          ]  65% (71500/110000)
[Kchain  3 [===================>          ]  66% (72600/110000)
[Kchain  4 [===================>          ]  65% (71500/110000)
[Kchain  5 [===================>          ]  65% (71500/110000)
[Kchain  6 [===================>          ]  66% (72600/110000)
[Kchain  7 [===================>          ]  66% (72600/110000)
[Kchain  8 [===================>          ]  66% (72600/110000)
[Kchain  9 [===================>          ]  65% (71500/110000)
[Kchain 10 [===================>          ]  65% (71500/110000)
[Kchain 11 [===================>          ]  65% (71500/110000)
[13A[KRunning N=2 | per-chain progress
[Kchain  0 [====================>         ]  67% (73700/110000)
[Kchain  1 [===================>          ]  66% (72600/110000)
[Kchain  2 [===================>          ]  65% (71500/110000)
[Kchain  3 [===================>          ]  66% (72600/110000)
[Kchain  4 [===================>          ]  65% (71500/110000)
[Kchain  5 [===================>          ]  65% (71500/110000)
[Kchain  6 [===================>          ]  66% (72600/110000)
[Kchain  7 [===================>          ]  66% (72600/110000)
[Kchain  8 [===================>          ]  66% (72600/110000)
[Kchain  9 [===================>          ]  66% (72600/110000)
[Kchain 10 [===================>          ]  65% (71500/110000)
[Kchain 11 [===================>          ]  65% (71500/110000)
[13A[KRunning N=2 | per-chain progress
[Kchain  0 [====================>         ]  67% (73700/110000)
[Kchain  1 [===================>          ]  66% (72600/110000)
[Kchain  2 [===================>          ]  65% (71500/110000)
[Kchain  3 [===================>          ]  66% (72600/110000)
[Kchain  4 [===================>          ]  65% (71500/110000)
[Kchain  5 [===================>          ]  65% (71500/110000)
[Kchain  6 [===================>          ]  66% (72600/110000)
[Kchain  7 [===================>          ]  66% (72600/110000)
[Kchain  8 [===================>          ]  66% (72600/110000)
[Kchain  9 [===================>          ]  66% (72600/110000)
[Kchain 10 [===================>          ]  65% (71500/110000)
[Kchain 11 [===================>          ]  66% (72600/110000)
[13A[KRunning N=2 | per-chain progress
[Kchain  0 [====================>         ]  67% (73700/110000)
[Kchain  1 [===================>          ]  66% (72600/110000)
[Kchain  2 [===================>          ]  65% (71500/110000)
[Kchain  3 [===================>          ]  66% (72600/110000)
[Kchain  4 [===================>          ]  65% (71500/110000)
[Kchain  5 [===================>          ]  65% (71500/110000)
[Kchain  6 [===================>          ]  66% (72600/110000)
[Kchain  7 [===================>          ]  66% (72600/110000)
[Kchain  8 [===================>          ]  66% (72600/110000)
[Kchain  9 [===================>          ]  66% (72600/110000)
[Kchain 10 [===================>          ]  65% (71500/110000)
[Kchain 11 [===================>          ]  66% (72600/110000)
[13A[KRunning N=2 | per-chain progress
[Kchain  0 [====================>         ]  67% (73700/110000)
[Kchain  1 [===================>          ]  66% (72600/110000)
[Kchain  2 [===================>          ]  65% (71500/110000)
[Kchain  3 [===================>          ]  66% (72600/110000)
[Kchain  4 [===================>          ]  65% (71500/110000)
[Kchain  5 [===================>          ]  66% (72600/110000)
[Kchain  6 [===================>          ]  66% (72600/110000)
[Kchain  7 [===================>          ]  66% (72600/110000)
[Kchain  8 [===================>          ]  66% (72600/110000)
[Kchain  9 [===================>          ]  66% (72600/110000)
[Kchain 10 [===================>          ]  65% (71500/110000)
[Kchain 11 [===================>          ]  66% (72600/110000)
[13A[KRunning N=2 | per-chain progress
[Kchain  0 [====================>         ]  67% (73700/110000)
[Kchain  1 [===================>          ]  66% (72600/110000)
[Kchain  2 [===================>          ]  65% (71500/110000)
[Kchain  3 [===================>          ]  66% (72600/110000)
[Kchain  4 [===================>          ]  66% (72600/110000)
[Kchain  5 [===================>          ]  66% (72600/110000)
[Kchain  6 [===================>          ]  66% (72600/110000)
[Kchain  7 [===================>          ]  66% (72600/110000)
[Kchain  8 [===================>          ]  66% (72600/110000)
[Kchain  9 [===================>          ]  66% (72600/110000)
[Kchain 10 [===================>          ]  66% (72600/110000)
[Kchain 11 [===================>          ]  66% (72600/110000)
[13A[KRunning N=2 | per-chain progress
[Kchain  0 [====================>         ]  67% (73700/110000)
[Kchain  1 [===================>          ]  66% (72600/110000)
[Kchain  2 [===================>          ]  65% (71500/110000)
[Kchain  3 [===================>          ]  66% (72600/110000)
[Kchain  4 [===================>          ]  66% (72600/110000)
[Kchain  5 [===================>          ]  66% (72600/110000)
[Kchain  6 [===================>          ]  66% (72600/110000)
[Kchain  7 [===================>          ]  66% (72600/110000)
[Kchain  8 [===================>          ]  66% (72600/110000)
[Kchain  9 [===================>          ]  66% (72600/110000)
[Kchain 10 [===================>          ]  66% (72600/110000)
[Kchain 11 [===================>          ]  66% (72600/110000)
[13A[KRunning N=2 | per-chain progress
[Kchain  0 [====================>         ]  67% (73700/110000)
[Kchain  1 [====================>         ]  67% (73700/110000)
[Kchain  2 [===================>          ]  65% (71500/110000)
[Kchain  3 [===================>          ]  66% (72600/110000)
[Kchain  4 [===================>          ]  66% (72600/110000)
[Kchain  5 [===================>          ]  66% (72600/110000)
[Kchain  6 [===================>          ]  66% (72600/110000)
[Kchain  7 [===================>          ]  66% (72600/110000)
[Kchain  8 [===================>          ]  66% (72600/110000)
[Kchain  9 [===================>          ]  66% (72600/110000)
[Kchain 10 [===================>          ]  66% (72600/110000)
[Kchain 11 [===================>          ]  66% (72600/110000)
[13A[KRunning N=2 | per-chain progress
[Kchain  0 [====================>         ]  67% (73700/110000)
[Kchain  1 [====================>         ]  67% (73700/110000)
[Kchain  2 [===================>          ]  66% (72600/110000)
[Kchain  3 [===================>          ]  66% (72600/110000)
[Kchain  4 [===================>          ]  66% (72600/110000)
[Kchain  5 [===================>          ]  66% (72600/110000)
[Kchain  6 [===================>          ]  66% (72600/110000)
[Kchain  7 [===================>          ]  66% (72600/110000)
[Kchain  8 [====================>         ]  67% (73700/110000)
[Kchain  9 [===================>          ]  66% (72600/110000)
[Kchain 10 [===================>          ]  66% (72600/110000)
[Kchain 11 [===================>          ]  66% (72600/110000)
[13A[KRunning N=2 | per-chain progress
[Kchain  0 [====================>         ]  67% (73700/110000)
[Kchain  1 [====================>         ]  67% (73700/110000)
[Kchain  2 [===================>          ]  66% (72600/110000)
[Kchain  3 [===================>          ]  66% (72600/110000)
[Kchain  4 [===================>          ]  66% (72600/110000)
[Kchain  5 [===================>          ]  66% (72600/110000)
[Kchain  6 [===================>          ]  66% (72600/110000)
[Kchain  7 [===================>          ]  66% (72600/110000)
[Kchain  8 [====================>         ]  67% (73700/110000)
[Kchain  9 [===================>          ]  66% (72600/110000)
[Kchain 10 [===================>          ]  66% (72600/110000)
[Kchain 11 [===================>          ]  66% (72600/110000)
[13A[KRunning N=2 | per-chain progress
[Kchain  0 [====================>         ]  67% (73700/110000)
[Kchain  1 [====================>         ]  67% (73700/110000)
[Kchain  2 [===================>          ]  66% (72600/110000)
[Kchain  3 [====================>         ]  67% (73700/110000)
[Kchain  4 [===================>          ]  66% (72600/110000)
[Kchain  5 [===================>          ]  66% (72600/110000)
[Kchain  6 [===================>          ]  66% (72600/110000)
[Kchain  7 [===================>          ]  66% (72600/110000)
[Kchain  8 [====================>         ]  67% (73700/110000)
[Kchain  9 [===================>          ]  66% (72600/110000)
[Kchain 10 [===================>          ]  66% (72600/110000)
[Kchain 11 [===================>          ]  66% (72600/110000)
[13A[KRunning N=2 | per-chain progress
[Kchain  0 [====================>         ]  68% (74800/110000)
[Kchain  1 [====================>         ]  67% (73700/110000)
[Kchain  2 [===================>          ]  66% (72600/110000)
[Kchain  3 [====================>         ]  67% (73700/110000)
[Kchain  4 [===================>          ]  66% (72600/110000)
[Kchain  5 [===================>          ]  66% (72600/110000)
[Kchain  6 [===================>          ]  66% (72600/110000)
[Kchain  7 [===================>          ]  66% (72600/110000)
[Kchain  8 [====================>         ]  67% (73700/110000)
[Kchain  9 [===================>          ]  66% (72600/110000)
[Kchain 10 [===================>          ]  66% (72600/110000)
[Kchain 11 [===================>          ]  66% (72600/110000)
[13A[KRunning N=2 | per-chain progress
[Kchain  0 [====================>         ]  68% (74800/110000)
[Kchain  1 [====================>         ]  67% (73700/110000)
[Kchain  2 [===================>          ]  66% (72600/110000)
[Kchain  3 [====================>         ]  67% (73700/110000)
[Kchain  4 [===================>          ]  66% (72600/110000)
[Kchain  5 [===================>          ]  66% (72600/110000)
[Kchain  6 [====================>         ]  67% (73700/110000)
[Kchain  7 [====================>         ]  67% (73700/110000)
[Kchain  8 [====================>         ]  67% (73700/110000)
[Kchain  9 [===================>          ]  66% (72600/110000)
[Kchain 10 [===================>          ]  66% (72600/110000)
[Kchain 11 [===================>          ]  66% (72600/110000)
[13A[KRunning N=2 | per-chain progress
[Kchain  0 [====================>         ]  68% (74800/110000)
[Kchain  1 [====================>         ]  67% (73700/110000)
[Kchain  2 [===================>          ]  66% (72600/110000)
[Kchain  3 [====================>         ]  67% (73700/110000)
[Kchain  4 [===================>          ]  66% (72600/110000)
[Kchain  5 [===================>          ]  66% (72600/110000)
[Kchain  6 [====================>         ]  67% (73700/110000)
[Kchain  7 [====================>         ]  67% (73700/110000)
[Kchain  8 [====================>         ]  67% (73700/110000)
[Kchain  9 [====================>         ]  67% (73700/110000)
[Kchain 10 [===================>          ]  66% (72600/110000)
[Kchain 11 [===================>          ]  66% (72600/110000)
[13A[KRunning N=2 | per-chain progress
[Kchain  0 [====================>         ]  68% (74800/110000)
[Kchain  1 [====================>         ]  67% (73700/110000)
[Kchain  2 [===================>          ]  66% (72600/110000)
[Kchain  3 [====================>         ]  67% (73700/110000)
[Kchain  4 [===================>          ]  66% (72600/110000)
[Kchain  5 [===================>          ]  66% (72600/110000)
[Kchain  6 [====================>         ]  67% (73700/110000)
[Kchain  7 [====================>         ]  67% (73700/110000)
[Kchain  8 [====================>         ]  67% (73700/110000)
[Kchain  9 [====================>         ]  67% (73700/110000)
[Kchain 10 [===================>          ]  66% (72600/110000)
[Kchain 11 [====================>         ]  67% (73700/110000)
[13A[KRunning N=2 | per-chain progress
[Kchain  0 [====================>         ]  68% (74800/110000)
[Kchain  1 [====================>         ]  67% (73700/110000)
[Kchain  2 [===================>          ]  66% (72600/110000)
[Kchain  3 [====================>         ]  67% (73700/110000)
[Kchain  4 [===================>          ]  66% (72600/110000)
[Kchain  5 [====================>         ]  67% (73700/110000)
[Kchain  6 [====================>         ]  67% (73700/110000)
[Kchain  7 [====================>         ]  67% (73700/110000)
[Kchain  8 [====================>         ]  67% (73700/110000)
[Kchain  9 [====================>         ]  67% (73700/110000)
[Kchain 10 [===================>          ]  66% (72600/110000)
[Kchain 11 [====================>         ]  67% (73700/110000)
[13A[KRunning N=2 | per-chain progress
[Kchain  0 [====================>         ]  68% (74800/110000)
[Kchain  1 [====================>         ]  67% (73700/110000)
[Kchain  2 [===================>          ]  66% (72600/110000)
[Kchain  3 [====================>         ]  67% (73700/110000)
[Kchain  4 [===================>          ]  66% (72600/110000)
[Kchain  5 [====================>         ]  67% (73700/110000)
[Kchain  6 [====================>         ]  67% (73700/110000)
[Kchain  7 [====================>         ]  67% (73700/110000)
[Kchain  8 [====================>         ]  67% (73700/110000)
[Kchain  9 [====================>         ]  67% (73700/110000)
[Kchain 10 [===================>          ]  66% (72600/110000)
[Kchain 11 [====================>         ]  67% (73700/110000)
[13A[KRunning N=2 | per-chain progress
[Kchain  0 [====================>         ]  68% (74800/110000)
[Kchain  1 [====================>         ]  67% (73700/110000)
[Kchain  2 [===================>          ]  66% (72600/110000)
[Kchain  3 [====================>         ]  67% (73700/110000)
[Kchain  4 [====================>         ]  67% (73700/110000)
[Kchain  5 [====================>         ]  67% (73700/110000)
[Kchain  6 [====================>         ]  67% (73700/110000)
[Kchain  7 [====================>         ]  67% (73700/110000)
[Kchain  8 [====================>         ]  67% (73700/110000)
[Kchain  9 [====================>         ]  67% (73700/110000)
[Kchain 10 [====================>         ]  67% (73700/110000)
[Kchain 11 [====================>         ]  67% (73700/110000)
[13A[KRunning N=2 | per-chain progress
[Kchain  0 [====================>         ]  68% (74800/110000)
[Kchain  1 [====================>         ]  67% (73700/110000)
[Kchain  2 [===================>          ]  66% (72600/110000)
[Kchain  3 [====================>         ]  67% (73700/110000)
[Kchain  4 [====================>         ]  67% (73700/110000)
[Kchain  5 [====================>         ]  67% (73700/110000)
[Kchain  6 [====================>         ]  67% (73700/110000)
[Kchain  7 [====================>         ]  67% (73700/110000)
[Kchain  8 [====================>         ]  67% (73700/110000)
[Kchain  9 [====================>         ]  67% (73700/110000)
[Kchain 10 [====================>         ]  67% (73700/110000)
[Kchain 11 [====================>         ]  67% (73700/110000)
[13A[KRunning N=2 | per-chain progress
[Kchain  0 [====================>         ]  68% (74800/110000)
[Kchain  1 [====================>         ]  68% (74800/110000)
[Kchain  2 [===================>          ]  66% (72600/110000)
[Kchain  3 [====================>         ]  67% (73700/110000)
[Kchain  4 [====================>         ]  67% (73700/110000)
[Kchain  5 [====================>         ]  67% (73700/110000)
[Kchain  6 [====================>         ]  67% (73700/110000)
[Kchain  7 [====================>         ]  67% (73700/110000)
[Kchain  8 [====================>         ]  67% (73700/110000)
[Kchain  9 [====================>         ]  67% (73700/110000)
[Kchain 10 [====================>         ]  67% (73700/110000)
[Kchain 11 [====================>         ]  67% (73700/110000)
[13A[KRunning N=2 | per-chain progress
[Kchain  0 [====================>         ]  68% (74800/110000)
[Kchain  1 [====================>         ]  68% (74800/110000)
[Kchain  2 [====================>         ]  67% (73700/110000)
[Kchain  3 [====================>         ]  67% (73700/110000)
[Kchain  4 [====================>         ]  67% (73700/110000)
[Kchain  5 [====================>         ]  67% (73700/110000)
[Kchain  6 [====================>         ]  67% (73700/110000)
[Kchain  7 [====================>         ]  67% (73700/110000)
[Kchain  8 [====================>         ]  68% (74800/110000)
[Kchain  9 [====================>         ]  67% (73700/110000)
[Kchain 10 [====================>         ]  67% (73700/110000)
[Kchain 11 [====================>         ]  67% (73700/110000)
[13A[KRunning N=2 | per-chain progress
[Kchain  0 [====================>         ]  68% (74800/110000)
[Kchain  1 [====================>         ]  68% (74800/110000)
[Kchain  2 [====================>         ]  67% (73700/110000)
[Kchain  3 [====================>         ]  67% (73700/110000)
[Kchain  4 [====================>         ]  67% (73700/110000)
[Kchain  5 [====================>         ]  67% (73700/110000)
[Kchain  6 [====================>         ]  67% (73700/110000)
[Kchain  7 [====================>         ]  67% (73700/110000)
[Kchain  8 [====================>         ]  68% (74800/110000)
[Kchain  9 [====================>         ]  67% (73700/110000)
[Kchain 10 [====================>         ]  67% (73700/110000)
[Kchain 11 [====================>         ]  67% (73700/110000)
[13A[KRunning N=2 | per-chain progress
[Kchain  0 [====================>         ]  68% (74800/110000)
[Kchain  1 [====================>         ]  68% (74800/110000)
[Kchain  2 [====================>         ]  67% (73700/110000)
[Kchain  3 [====================>         ]  68% (74800/110000)
[Kchain  4 [====================>         ]  67% (73700/110000)
[Kchain  5 [====================>         ]  67% (73700/110000)
[Kchain  6 [====================>         ]  67% (73700/110000)
[Kchain  7 [====================>         ]  67% (73700/110000)
[Kchain  8 [====================>         ]  68% (74800/110000)
[Kchain  9 [====================>         ]  67% (73700/110000)
[Kchain 10 [====================>         ]  67% (73700/110000)
[Kchain 11 [====================>         ]  67% (73700/110000)
[13A[KRunning N=2 | per-chain progress
[Kchain  0 [====================>         ]  69% (75900/110000)
[Kchain  1 [====================>         ]  68% (74800/110000)
[Kchain  2 [====================>         ]  67% (73700/110000)
[Kchain  3 [====================>         ]  68% (74800/110000)
[Kchain  4 [====================>         ]  67% (73700/110000)
[Kchain  5 [====================>         ]  67% (73700/110000)
[Kchain  6 [====================>         ]  67% (73700/110000)
[Kchain  7 [====================>         ]  67% (73700/110000)
[Kchain  8 [====================>         ]  68% (74800/110000)
[Kchain  9 [====================>         ]  67% (73700/110000)
[Kchain 10 [====================>         ]  67% (73700/110000)
[Kchain 11 [====================>         ]  67% (73700/110000)
[13A[KRunning N=2 | per-chain progress
[Kchain  0 [====================>         ]  69% (75900/110000)
[Kchain  1 [====================>         ]  68% (74800/110000)
[Kchain  2 [====================>         ]  67% (73700/110000)
[Kchain  3 [====================>         ]  68% (74800/110000)
[Kchain  4 [====================>         ]  67% (73700/110000)
[Kchain  5 [====================>         ]  67% (73700/110000)
[Kchain  6 [====================>         ]  68% (74800/110000)
[Kchain  7 [====================>         ]  68% (74800/110000)
[Kchain  8 [====================>         ]  68% (74800/110000)
[Kchain  9 [====================>         ]  67% (73700/110000)
[Kchain 10 [====================>         ]  67% (73700/110000)
[Kchain 11 [====================>         ]  67% (73700/110000)
[13A[KRunning N=2 | per-chain progress
[Kchain  0 [====================>         ]  69% (75900/110000)
[Kchain  1 [====================>         ]  68% (74800/110000)
[Kchain  2 [====================>         ]  67% (73700/110000)
[Kchain  3 [====================>         ]  68% (74800/110000)
[Kchain  4 [====================>         ]  67% (73700/110000)
[Kchain  5 [====================>         ]  67% (73700/110000)
[Kchain  6 [====================>         ]  68% (74800/110000)
[Kchain  7 [====================>         ]  68% (74800/110000)
[Kchain  8 [====================>         ]  68% (74800/110000)
[Kchain  9 [====================>         ]  68% (74800/110000)
[Kchain 10 [====================>         ]  67% (73700/110000)
[Kchain 11 [====================>         ]  67% (73700/110000)
[13A[KRunning N=2 | per-chain progress
[Kchain  0 [====================>         ]  69% (75900/110000)
[Kchain  1 [====================>         ]  68% (74800/110000)
[Kchain  2 [====================>         ]  67% (73700/110000)
[Kchain  3 [====================>         ]  68% (74800/110000)
[Kchain  4 [====================>         ]  67% (73700/110000)
[Kchain  5 [====================>         ]  67% (73700/110000)
[Kchain  6 [====================>         ]  68% (74800/110000)
[Kchain  7 [====================>         ]  68% (74800/110000)
[Kchain  8 [====================>         ]  68% (74800/110000)
[Kchain  9 [====================>         ]  68% (74800/110000)
[Kchain 10 [====================>         ]  67% (73700/110000)
[Kchain 11 [====================>         ]  68% (74800/110000)
[13A[KRunning N=2 | per-chain progress
[Kchain  0 [====================>         ]  69% (75900/110000)
[Kchain  1 [====================>         ]  68% (74800/110000)
[Kchain  2 [====================>         ]  67% (73700/110000)
[Kchain  3 [====================>         ]  68% (74800/110000)
[Kchain  4 [====================>         ]  67% (73700/110000)
[Kchain  5 [====================>         ]  67% (73700/110000)
[Kchain  6 [====================>         ]  68% (74800/110000)
[Kchain  7 [====================>         ]  68% (74800/110000)
[Kchain  8 [====================>         ]  68% (74800/110000)
[Kchain  9 [====================>         ]  68% (74800/110000)
[Kchain 10 [====================>         ]  67% (73700/110000)
[Kchain 11 [====================>         ]  68% (74800/110000)
[13A[KRunning N=2 | per-chain progress
[Kchain  0 [====================>         ]  69% (75900/110000)
[Kchain  1 [====================>         ]  68% (74800/110000)
[Kchain  2 [====================>         ]  67% (73700/110000)
[Kchain  3 [====================>         ]  68% (74800/110000)
[Kchain  4 [====================>         ]  67% (73700/110000)
[Kchain  5 [====================>         ]  68% (74800/110000)
[Kchain  6 [====================>         ]  68% (74800/110000)
[Kchain  7 [====================>         ]  68% (74800/110000)
[Kchain  8 [====================>         ]  68% (74800/110000)
[Kchain  9 [====================>         ]  68% (74800/110000)
[Kchain 10 [====================>         ]  67% (73700/110000)
[Kchain 11 [====================>         ]  68% (74800/110000)
[13A[KRunning N=2 | per-chain progress
[Kchain  0 [====================>         ]  69% (75900/110000)
[Kchain  1 [====================>         ]  68% (74800/110000)
[Kchain  2 [====================>         ]  67% (73700/110000)
[Kchain  3 [====================>         ]  68% (74800/110000)
[Kchain  4 [====================>         ]  68% (74800/110000)
[Kchain  5 [====================>         ]  68% (74800/110000)
[Kchain  6 [====================>         ]  68% (74800/110000)
[Kchain  7 [====================>         ]  68% (74800/110000)
[Kchain  8 [====================>         ]  68% (74800/110000)
[Kchain  9 [====================>         ]  68% (74800/110000)
[Kchain 10 [====================>         ]  68% (74800/110000)
[Kchain 11 [====================>         ]  68% (74800/110000)
[13A[KRunning N=2 | per-chain progress
[Kchain  0 [====================>         ]  69% (75900/110000)
[Kchain  1 [====================>         ]  68% (74800/110000)
[Kchain  2 [====================>         ]  67% (73700/110000)
[Kchain  3 [====================>         ]  68% (74800/110000)
[Kchain  4 [====================>         ]  68% (74800/110000)
[Kchain  5 [====================>         ]  68% (74800/110000)
[Kchain  6 [====================>         ]  68% (74800/110000)
[Kchain  7 [====================>         ]  68% (74800/110000)
[Kchain  8 [====================>         ]  68% (74800/110000)
[Kchain  9 [====================>         ]  68% (74800/110000)
[Kchain 10 [====================>         ]  68% (74800/110000)
[Kchain 11 [====================>         ]  68% (74800/110000)
[13A[KRunning N=2 | per-chain progress
[Kchain  0 [====================>         ]  69% (75900/110000)
[Kchain  1 [====================>         ]  69% (75900/110000)
[Kchain  2 [====================>         ]  67% (73700/110000)
[Kchain  3 [====================>         ]  68% (74800/110000)
[Kchain  4 [====================>         ]  68% (74800/110000)
[Kchain  5 [====================>         ]  68% (74800/110000)
[Kchain  6 [====================>         ]  68% (74800/110000)
[Kchain  7 [====================>         ]  68% (74800/110000)
[Kchain  8 [====================>         ]  68% (74800/110000)
[Kchain  9 [====================>         ]  68% (74800/110000)
[Kchain 10 [====================>         ]  68% (74800/110000)
[Kchain 11 [====================>         ]  68% (74800/110000)
[13A[KRunning N=2 | per-chain progress
[Kchain  0 [====================>         ]  69% (75900/110000)
[Kchain  1 [====================>         ]  69% (75900/110000)
[Kchain  2 [====================>         ]  68% (74800/110000)
[Kchain  3 [====================>         ]  68% (74800/110000)
[Kchain  4 [====================>         ]  68% (74800/110000)
[Kchain  5 [====================>         ]  68% (74800/110000)
[Kchain  6 [====================>         ]  68% (74800/110000)
[Kchain  7 [====================>         ]  68% (74800/110000)
[Kchain  8 [====================>         ]  69% (75900/110000)
[Kchain  9 [====================>         ]  68% (74800/110000)
[Kchain 10 [====================>         ]  68% (74800/110000)
[Kchain 11 [====================>         ]  68% (74800/110000)
[13A[KRunning N=2 | per-chain progress
[Kchain  0 [====================>         ]  69% (75900/110000)
[Kchain  1 [====================>         ]  69% (75900/110000)
[Kchain  2 [====================>         ]  68% (74800/110000)
[Kchain  3 [====================>         ]  68% (74800/110000)
[Kchain  4 [====================>         ]  68% (74800/110000)
[Kchain  5 [====================>         ]  68% (74800/110000)
[Kchain  6 [====================>         ]  68% (74800/110000)
[Kchain  7 [====================>         ]  68% (74800/110000)
[Kchain  8 [====================>         ]  69% (75900/110000)
[Kchain  9 [====================>         ]  68% (74800/110000)
[Kchain 10 [====================>         ]  68% (74800/110000)
[Kchain 11 [====================>         ]  68% (74800/110000)
[13A[KRunning N=2 | per-chain progress
[Kchain  0 [====================>         ]  69% (75900/110000)
[Kchain  1 [====================>         ]  69% (75900/110000)
[Kchain  2 [====================>         ]  68% (74800/110000)
[Kchain  3 [====================>         ]  69% (75900/110000)
[Kchain  4 [====================>         ]  68% (74800/110000)
[Kchain  5 [====================>         ]  68% (74800/110000)
[Kchain  6 [====================>         ]  68% (74800/110000)
[Kchain  7 [====================>         ]  68% (74800/110000)
[Kchain  8 [====================>         ]  69% (75900/110000)
[Kchain  9 [====================>         ]  68% (74800/110000)
[Kchain 10 [====================>         ]  68% (74800/110000)
[Kchain 11 [====================>         ]  68% (74800/110000)
[13A[KRunning N=2 | per-chain progress
[Kchain  0 [=====================>        ]  70% (77000/110000)
[Kchain  1 [====================>         ]  69% (75900/110000)
[Kchain  2 [====================>         ]  68% (74800/110000)
[Kchain  3 [====================>         ]  69% (75900/110000)
[Kchain  4 [====================>         ]  68% (74800/110000)
[Kchain  5 [====================>         ]  68% (74800/110000)
[Kchain  6 [====================>         ]  68% (74800/110000)
[Kchain  7 [====================>         ]  68% (74800/110000)
[Kchain  8 [====================>         ]  69% (75900/110000)
[Kchain  9 [====================>         ]  68% (74800/110000)
[Kchain 10 [====================>         ]  68% (74800/110000)
[Kchain 11 [====================>         ]  68% (74800/110000)
[13A[KRunning N=2 | per-chain progress
[Kchain  0 [=====================>        ]  70% (77000/110000)
[Kchain  1 [====================>         ]  69% (75900/110000)
[Kchain  2 [====================>         ]  68% (74800/110000)
[Kchain  3 [====================>         ]  69% (75900/110000)
[Kchain  4 [====================>         ]  68% (74800/110000)
[Kchain  5 [====================>         ]  68% (74800/110000)
[Kchain  6 [====================>         ]  69% (75900/110000)
[Kchain  7 [====================>         ]  69% (75900/110000)
[Kchain  8 [====================>         ]  69% (75900/110000)
[Kchain  9 [====================>         ]  68% (74800/110000)
[Kchain 10 [====================>         ]  68% (74800/110000)
[Kchain 11 [====================>         ]  68% (74800/110000)
[13A[KRunning N=2 | per-chain progress
[Kchain  0 [=====================>        ]  70% (77000/110000)
[Kchain  1 [====================>         ]  69% (75900/110000)
[Kchain  2 [====================>         ]  68% (74800/110000)
[Kchain  3 [====================>         ]  69% (75900/110000)
[Kchain  4 [====================>         ]  68% (74800/110000)
[Kchain  5 [====================>         ]  68% (74800/110000)
[Kchain  6 [====================>         ]  69% (75900/110000)
[Kchain  7 [====================>         ]  69% (75900/110000)
[Kchain  8 [====================>         ]  69% (75900/110000)
[Kchain  9 [====================>         ]  69% (75900/110000)
[Kchain 10 [====================>         ]  68% (74800/110000)
[Kchain 11 [====================>         ]  68% (74800/110000)
[13A[KRunning N=2 | per-chain progress
[Kchain  0 [=====================>        ]  70% (77000/110000)
[Kchain  1 [====================>         ]  69% (75900/110000)
[Kchain  2 [====================>         ]  68% (74800/110000)
[Kchain  3 [====================>         ]  69% (75900/110000)
[Kchain  4 [====================>         ]  68% (74800/110000)
[Kchain  5 [====================>         ]  68% (74800/110000)
[Kchain  6 [====================>         ]  69% (75900/110000)
[Kchain  7 [====================>         ]  69% (75900/110000)
[Kchain  8 [====================>         ]  69% (75900/110000)
[Kchain  9 [====================>         ]  69% (75900/110000)
[Kchain 10 [====================>         ]  68% (74800/110000)
[Kchain 11 [====================>         ]  69% (75900/110000)
[13A[KRunning N=2 | per-chain progress
[Kchain  0 [=====================>        ]  70% (77000/110000)
[Kchain  1 [====================>         ]  69% (75900/110000)
[Kchain  2 [====================>         ]  68% (74800/110000)
[Kchain  3 [====================>         ]  69% (75900/110000)
[Kchain  4 [====================>         ]  68% (74800/110000)
[Kchain  5 [====================>         ]  68% (74800/110000)
[Kchain  6 [====================>         ]  69% (75900/110000)
[Kchain  7 [====================>         ]  69% (75900/110000)
[Kchain  8 [====================>         ]  69% (75900/110000)
[Kchain  9 [====================>         ]  69% (75900/110000)
[Kchain 10 [====================>         ]  68% (74800/110000)
[Kchain 11 [====================>         ]  69% (75900/110000)
[13A[KRunning N=2 | per-chain progress
[Kchain  0 [=====================>        ]  70% (77000/110000)
[Kchain  1 [====================>         ]  69% (75900/110000)
[Kchain  2 [====================>         ]  68% (74800/110000)
[Kchain  3 [====================>         ]  69% (75900/110000)
[Kchain  4 [====================>         ]  68% (74800/110000)
[Kchain  5 [====================>         ]  69% (75900/110000)
[Kchain  6 [====================>         ]  69% (75900/110000)
[Kchain  7 [====================>         ]  69% (75900/110000)
[Kchain  8 [====================>         ]  69% (75900/110000)
[Kchain  9 [====================>         ]  69% (75900/110000)
[Kchain 10 [====================>         ]  68% (74800/110000)
[Kchain 11 [====================>         ]  69% (75900/110000)
[13A[KRunning N=2 | per-chain progress
[Kchain  0 [=====================>        ]  70% (77000/110000)
[Kchain  1 [====================>         ]  69% (75900/110000)
[Kchain  2 [====================>         ]  68% (74800/110000)
[Kchain  3 [====================>         ]  69% (75900/110000)
[Kchain  4 [====================>         ]  69% (75900/110000)
[Kchain  5 [====================>         ]  69% (75900/110000)
[Kchain  6 [====================>         ]  69% (75900/110000)
[Kchain  7 [====================>         ]  69% (75900/110000)
[Kchain  8 [====================>         ]  69% (75900/110000)
[Kchain  9 [====================>         ]  69% (75900/110000)
[Kchain 10 [====================>         ]  69% (75900/110000)
[Kchain 11 [====================>         ]  69% (75900/110000)
[13A[KRunning N=2 | per-chain progress
[Kchain  0 [=====================>        ]  70% (77000/110000)
[Kchain  1 [====================>         ]  69% (75900/110000)
[Kchain  2 [====================>         ]  68% (74800/110000)
[Kchain  3 [====================>         ]  69% (75900/110000)
[Kchain  4 [====================>         ]  69% (75900/110000)
[Kchain  5 [====================>         ]  69% (75900/110000)
[Kchain  6 [====================>         ]  69% (75900/110000)
[Kchain  7 [====================>         ]  69% (75900/110000)
[Kchain  8 [====================>         ]  69% (75900/110000)
[Kchain  9 [====================>         ]  69% (75900/110000)
[Kchain 10 [====================>         ]  69% (75900/110000)
[Kchain 11 [====================>         ]  69% (75900/110000)
[13A[KRunning N=2 | per-chain progress
[Kchain  0 [=====================>        ]  70% (77000/110000)
[Kchain  1 [=====================>        ]  70% (77000/110000)
[Kchain  2 [====================>         ]  69% (75900/110000)
[Kchain  3 [====================>         ]  69% (75900/110000)
[Kchain  4 [====================>         ]  69% (75900/110000)
[Kchain  5 [====================>         ]  69% (75900/110000)
[Kchain  6 [====================>         ]  69% (75900/110000)
[Kchain  7 [====================>         ]  69% (75900/110000)
[Kchain  8 [====================>         ]  69% (75900/110000)
[Kchain  9 [====================>         ]  69% (75900/110000)
[Kchain 10 [====================>         ]  69% (75900/110000)
[Kchain 11 [====================>         ]  69% (75900/110000)
[13A[KRunning N=2 | per-chain progress
[Kchain  0 [=====================>        ]  70% (77000/110000)
[Kchain  1 [=====================>        ]  70% (77000/110000)
[Kchain  2 [====================>         ]  69% (75900/110000)
[Kchain  3 [====================>         ]  69% (75900/110000)
[Kchain  4 [====================>         ]  69% (75900/110000)
[Kchain  5 [====================>         ]  69% (75900/110000)
[Kchain  6 [====================>         ]  69% (75900/110000)
[Kchain  7 [====================>         ]  69% (75900/110000)
[Kchain  8 [=====================>        ]  70% (77000/110000)
[Kchain  9 [====================>         ]  69% (75900/110000)
[Kchain 10 [====================>         ]  69% (75900/110000)
[Kchain 11 [====================>         ]  69% (75900/110000)
[13A[KRunning N=2 | per-chain progress
[Kchain  0 [=====================>        ]  70% (77000/110000)
[Kchain  1 [=====================>        ]  70% (77000/110000)
[Kchain  2 [====================>         ]  69% (75900/110000)
[Kchain  3 [=====================>        ]  70% (77000/110000)
[Kchain  4 [====================>         ]  69% (75900/110000)
[Kchain  5 [====================>         ]  69% (75900/110000)
[Kchain  6 [====================>         ]  69% (75900/110000)
[Kchain  7 [====================>         ]  69% (75900/110000)
[Kchain  8 [=====================>        ]  70% (77000/110000)
[Kchain  9 [====================>         ]  69% (75900/110000)
[Kchain 10 [====================>         ]  69% (75900/110000)
[Kchain 11 [====================>         ]  69% (75900/110000)
[13A[KRunning N=2 | per-chain progress
[Kchain  0 [=====================>        ]  70% (77000/110000)
[Kchain  1 [=====================>        ]  70% (77000/110000)
[Kchain  2 [====================>         ]  69% (75900/110000)
[Kchain  3 [=====================>        ]  70% (77000/110000)
[Kchain  4 [====================>         ]  69% (75900/110000)
[Kchain  5 [====================>         ]  69% (75900/110000)
[Kchain  6 [====================>         ]  69% (75900/110000)
[Kchain  7 [====================>         ]  69% (75900/110000)
[Kchain  8 [=====================>        ]  70% (77000/110000)
[Kchain  9 [====================>         ]  69% (75900/110000)
[Kchain 10 [====================>         ]  69% (75900/110000)
[Kchain 11 [====================>         ]  69% (75900/110000)
[13A[KRunning N=2 | per-chain progress
[Kchain  0 [=====================>        ]  71% (78100/110000)
[Kchain  1 [=====================>        ]  70% (77000/110000)
[Kchain  2 [====================>         ]  69% (75900/110000)
[Kchain  3 [=====================>        ]  70% (77000/110000)
[Kchain  4 [====================>         ]  69% (75900/110000)
[Kchain  5 [====================>         ]  69% (75900/110000)
[Kchain  6 [=====================>        ]  70% (77000/110000)
[Kchain  7 [====================>         ]  69% (75900/110000)
[Kchain  8 [=====================>        ]  70% (77000/110000)
[Kchain  9 [====================>         ]  69% (75900/110000)
[Kchain 10 [====================>         ]  69% (75900/110000)
[Kchain 11 [====================>         ]  69% (75900/110000)
[13A[KRunning N=2 | per-chain progress
[Kchain  0 [=====================>        ]  71% (78100/110000)
[Kchain  1 [=====================>        ]  70% (77000/110000)
[Kchain  2 [====================>         ]  69% (75900/110000)
[Kchain  3 [=====================>        ]  70% (77000/110000)
[Kchain  4 [====================>         ]  69% (75900/110000)
[Kchain  5 [====================>         ]  69% (75900/110000)
[Kchain  6 [=====================>        ]  70% (77000/110000)
[Kchain  7 [=====================>        ]  70% (77000/110000)
[Kchain  8 [=====================>        ]  70% (77000/110000)
[Kchain  9 [====================>         ]  69% (75900/110000)
[Kchain 10 [====================>         ]  69% (75900/110000)
[Kchain 11 [====================>         ]  69% (75900/110000)
[13A[KRunning N=2 | per-chain progress
[Kchain  0 [=====================>        ]  71% (78100/110000)
[Kchain  1 [=====================>        ]  70% (77000/110000)
[Kchain  2 [====================>         ]  69% (75900/110000)
[Kchain  3 [=====================>        ]  70% (77000/110000)
[Kchain  4 [====================>         ]  69% (75900/110000)
[Kchain  5 [====================>         ]  69% (75900/110000)
[Kchain  6 [=====================>        ]  70% (77000/110000)
[Kchain  7 [=====================>        ]  70% (77000/110000)
[Kchain  8 [=====================>        ]  70% (77000/110000)
[Kchain  9 [=====================>        ]  70% (77000/110000)
[Kchain 10 [====================>         ]  69% (75900/110000)
[Kchain 11 [====================>         ]  69% (75900/110000)
[13A[KRunning N=2 | per-chain progress
[Kchain  0 [=====================>        ]  71% (78100/110000)
[Kchain  1 [=====================>        ]  70% (77000/110000)
[Kchain  2 [====================>         ]  69% (75900/110000)
[Kchain  3 [=====================>        ]  70% (77000/110000)
[Kchain  4 [====================>         ]  69% (75900/110000)
[Kchain  5 [====================>         ]  69% (75900/110000)
[Kchain  6 [=====================>        ]  70% (77000/110000)
[Kchain  7 [=====================>        ]  70% (77000/110000)
[Kchain  8 [=====================>        ]  70% (77000/110000)
[Kchain  9 [=====================>        ]  70% (77000/110000)
[Kchain 10 [====================>         ]  69% (75900/110000)
[Kchain 11 [=====================>        ]  70% (77000/110000)
[13A[KRunning N=2 | per-chain progress
[Kchain  0 [=====================>        ]  71% (78100/110000)
[Kchain  1 [=====================>        ]  70% (77000/110000)
[Kchain  2 [====================>         ]  69% (75900/110000)
[Kchain  3 [=====================>        ]  70% (77000/110000)
[Kchain  4 [====================>         ]  69% (75900/110000)
[Kchain  5 [====================>         ]  69% (75900/110000)
[Kchain  6 [=====================>        ]  70% (77000/110000)
[Kchain  7 [=====================>        ]  70% (77000/110000)
[Kchain  8 [=====================>        ]  70% (77000/110000)
[Kchain  9 [=====================>        ]  70% (77000/110000)
[Kchain 10 [====================>         ]  69% (75900/110000)
[Kchain 11 [=====================>        ]  70% (77000/110000)
[13A[KRunning N=2 | per-chain progress
[Kchain  0 [=====================>        ]  71% (78100/110000)
[Kchain  1 [=====================>        ]  70% (77000/110000)
[Kchain  2 [====================>         ]  69% (75900/110000)
[Kchain  3 [=====================>        ]  70% (77000/110000)
[Kchain  4 [====================>         ]  69% (75900/110000)
[Kchain  5 [=====================>        ]  70% (77000/110000)
[Kchain  6 [=====================>        ]  70% (77000/110000)
[Kchain  7 [=====================>        ]  70% (77000/110000)
[Kchain  8 [=====================>        ]  70% (77000/110000)
[Kchain  9 [=====================>        ]  70% (77000/110000)
[Kchain 10 [====================>         ]  69% (75900/110000)
[Kchain 11 [=====================>        ]  70% (77000/110000)
[13A[KRunning N=2 | per-chain progress
[Kchain  0 [=====================>        ]  71% (78100/110000)
[Kchain  1 [=====================>        ]  70% (77000/110000)
[Kchain  2 [====================>         ]  69% (75900/110000)
[Kchain  3 [=====================>        ]  70% (77000/110000)
[Kchain  4 [=====================>        ]  70% (77000/110000)
[Kchain  5 [=====================>        ]  70% (77000/110000)
[Kchain  6 [=====================>        ]  70% (77000/110000)
[Kchain  7 [=====================>        ]  70% (77000/110000)
[Kchain  8 [=====================>        ]  70% (77000/110000)
[Kchain  9 [=====================>        ]  70% (77000/110000)
[Kchain 10 [=====================>        ]  70% (77000/110000)
[Kchain 11 [=====================>        ]  70% (77000/110000)
[13A[KRunning N=2 | per-chain progress
[Kchain  0 [=====================>        ]  71% (78100/110000)
[Kchain  1 [=====================>        ]  70% (77000/110000)
[Kchain  2 [====================>         ]  69% (75900/110000)
[Kchain  3 [=====================>        ]  70% (77000/110000)
[Kchain  4 [=====================>        ]  70% (77000/110000)
[Kchain  5 [=====================>        ]  70% (77000/110000)
[Kchain  6 [=====================>        ]  70% (77000/110000)
[Kchain  7 [=====================>        ]  70% (77000/110000)
[Kchain  8 [=====================>        ]  70% (77000/110000)
[Kchain  9 [=====================>        ]  70% (77000/110000)
[Kchain 10 [=====================>        ]  70% (77000/110000)
[Kchain 11 [=====================>        ]  70% (77000/110000)
[13A[KRunning N=2 | per-chain progress
[Kchain  0 [=====================>        ]  71% (78100/110000)
[Kchain  1 [=====================>        ]  71% (78100/110000)
[Kchain  2 [====================>         ]  69% (75900/110000)
[Kchain  3 [=====================>        ]  70% (77000/110000)
[Kchain  4 [=====================>        ]  70% (77000/110000)
[Kchain  5 [=====================>        ]  70% (77000/110000)
[Kchain  6 [=====================>        ]  70% (77000/110000)
[Kchain  7 [=====================>        ]  70% (77000/110000)
[Kchain  8 [=====================>        ]  70% (77000/110000)
[Kchain  9 [=====================>        ]  70% (77000/110000)
[Kchain 10 [=====================>        ]  70% (77000/110000)
[Kchain 11 [=====================>        ]  70% (77000/110000)
[13A[KRunning N=2 | per-chain progress
[Kchain  0 [=====================>        ]  71% (78100/110000)
[Kchain  1 [=====================>        ]  71% (78100/110000)
[Kchain  2 [=====================>        ]  70% (77000/110000)
[Kchain  3 [=====================>        ]  70% (77000/110000)
[Kchain  4 [=====================>        ]  70% (77000/110000)
[Kchain  5 [=====================>        ]  70% (77000/110000)
[Kchain  6 [=====================>        ]  70% (77000/110000)
[Kchain  7 [=====================>        ]  70% (77000/110000)
[Kchain  8 [=====================>        ]  71% (78100/110000)
[Kchain  9 [=====================>        ]  70% (77000/110000)
[Kchain 10 [=====================>        ]  70% (77000/110000)
[Kchain 11 [=====================>        ]  70% (77000/110000)
[13A[KRunning N=2 | per-chain progress
[Kchain  0 [=====================>        ]  71% (78100/110000)
[Kchain  1 [=====================>        ]  71% (78100/110000)
[Kchain  2 [=====================>        ]  70% (77000/110000)
[Kchain  3 [=====================>        ]  70% (77000/110000)
[Kchain  4 [=====================>        ]  70% (77000/110000)
[Kchain  5 [=====================>        ]  70% (77000/110000)
[Kchain  6 [=====================>        ]  70% (77000/110000)
[Kchain  7 [=====================>        ]  70% (77000/110000)
[Kchain  8 [=====================>        ]  71% (78100/110000)
[Kchain  9 [=====================>        ]  70% (77000/110000)
[Kchain 10 [=====================>        ]  70% (77000/110000)
[Kchain 11 [=====================>        ]  70% (77000/110000)
[13A[KRunning N=2 | per-chain progress
[Kchain  0 [=====================>        ]  71% (78100/110000)
[Kchain  1 [=====================>        ]  71% (78100/110000)
[Kchain  2 [=====================>        ]  70% (77000/110000)
[Kchain  3 [=====================>        ]  71% (78100/110000)
[Kchain  4 [=====================>        ]  70% (77000/110000)
[Kchain  5 [=====================>        ]  70% (77000/110000)
[Kchain  6 [=====================>        ]  70% (77000/110000)
[Kchain  7 [=====================>        ]  70% (77000/110000)
[Kchain  8 [=====================>        ]  71% (78100/110000)
[Kchain  9 [=====================>        ]  70% (77000/110000)
[Kchain 10 [=====================>        ]  70% (77000/110000)
[Kchain 11 [=====================>        ]  70% (77000/110000)
[13A[KRunning N=2 | per-chain progress
[Kchain  0 [=====================>        ]  72% (79200/110000)
[Kchain  1 [=====================>        ]  71% (78100/110000)
[Kchain  2 [=====================>        ]  70% (77000/110000)
[Kchain  3 [=====================>        ]  71% (78100/110000)
[Kchain  4 [=====================>        ]  70% (77000/110000)
[Kchain  5 [=====================>        ]  70% (77000/110000)
[Kchain  6 [=====================>        ]  70% (77000/110000)
[Kchain  7 [=====================>        ]  70% (77000/110000)
[Kchain  8 [=====================>        ]  71% (78100/110000)
[Kchain  9 [=====================>        ]  70% (77000/110000)
[Kchain 10 [=====================>        ]  70% (77000/110000)
[Kchain 11 [=====================>        ]  70% (77000/110000)
[13A[KRunning N=2 | per-chain progress
[Kchain  0 [=====================>        ]  72% (79200/110000)
[Kchain  1 [=====================>        ]  71% (78100/110000)
[Kchain  2 [=====================>        ]  70% (77000/110000)
[Kchain  3 [=====================>        ]  71% (78100/110000)
[Kchain  4 [=====================>        ]  70% (77000/110000)
[Kchain  5 [=====================>        ]  70% (77000/110000)
[Kchain  6 [=====================>        ]  71% (78100/110000)
[Kchain  7 [=====================>        ]  71% (78100/110000)
[Kchain  8 [=====================>        ]  71% (78100/110000)
[Kchain  9 [=====================>        ]  70% (77000/110000)
[Kchain 10 [=====================>        ]  70% (77000/110000)
[Kchain 11 [=====================>        ]  70% (77000/110000)
[13A[KRunning N=2 | per-chain progress
[Kchain  0 [=====================>        ]  72% (79200/110000)
[Kchain  1 [=====================>        ]  71% (78100/110000)
[Kchain  2 [=====================>        ]  70% (77000/110000)
[Kchain  3 [=====================>        ]  71% (78100/110000)
[Kchain  4 [=====================>        ]  70% (77000/110000)
[Kchain  5 [=====================>        ]  70% (77000/110000)
[Kchain  6 [=====================>        ]  71% (78100/110000)
[Kchain  7 [=====================>        ]  71% (78100/110000)
[Kchain  8 [=====================>        ]  71% (78100/110000)
[Kchain  9 [=====================>        ]  71% (78100/110000)
[Kchain 10 [=====================>        ]  70% (77000/110000)
[Kchain 11 [=====================>        ]  70% (77000/110000)
[13A[KRunning N=2 | per-chain progress
[Kchain  0 [=====================>        ]  72% (79200/110000)
[Kchain  1 [=====================>        ]  71% (78100/110000)
[Kchain  2 [=====================>        ]  70% (77000/110000)
[Kchain  3 [=====================>        ]  71% (78100/110000)
[Kchain  4 [=====================>        ]  70% (77000/110000)
[Kchain  5 [=====================>        ]  70% (77000/110000)
[Kchain  6 [=====================>        ]  71% (78100/110000)
[Kchain  7 [=====================>        ]  71% (78100/110000)
[Kchain  8 [=====================>        ]  71% (78100/110000)
[Kchain  9 [=====================>        ]  71% (78100/110000)
[Kchain 10 [=====================>        ]  70% (77000/110000)
[Kchain 11 [=====================>        ]  71% (78100/110000)
[13A[KRunning N=2 | per-chain progress
[Kchain  0 [=====================>        ]  72% (79200/110000)
[Kchain  1 [=====================>        ]  71% (78100/110000)
[Kchain  2 [=====================>        ]  70% (77000/110000)
[Kchain  3 [=====================>        ]  71% (78100/110000)
[Kchain  4 [=====================>        ]  70% (77000/110000)
[Kchain  5 [=====================>        ]  70% (77000/110000)
[Kchain  6 [=====================>        ]  71% (78100/110000)
[Kchain  7 [=====================>        ]  71% (78100/110000)
[Kchain  8 [=====================>        ]  71% (78100/110000)
[Kchain  9 [=====================>        ]  71% (78100/110000)
[Kchain 10 [=====================>        ]  70% (77000/110000)
[Kchain 11 [=====================>        ]  71% (78100/110000)
[13A[KRunning N=2 | per-chain progress
[Kchain  0 [=====================>        ]  72% (79200/110000)
[Kchain  1 [=====================>        ]  71% (78100/110000)
[Kchain  2 [=====================>        ]  70% (77000/110000)
[Kchain  3 [=====================>        ]  71% (78100/110000)
[Kchain  4 [=====================>        ]  70% (77000/110000)
[Kchain  5 [=====================>        ]  71% (78100/110000)
[Kchain  6 [=====================>        ]  71% (78100/110000)
[Kchain  7 [=====================>        ]  71% (78100/110000)
[Kchain  8 [=====================>        ]  71% (78100/110000)
[Kchain  9 [=====================>        ]  71% (78100/110000)
[Kchain 10 [=====================>        ]  70% (77000/110000)
[Kchain 11 [=====================>        ]  71% (78100/110000)
[13A[KRunning N=2 | per-chain progress
[Kchain  0 [=====================>        ]  72% (79200/110000)
[Kchain  1 [=====================>        ]  71% (78100/110000)
[Kchain  2 [=====================>        ]  70% (77000/110000)
[Kchain  3 [=====================>        ]  71% (78100/110000)
[Kchain  4 [=====================>        ]  71% (78100/110000)
[Kchain  5 [=====================>        ]  71% (78100/110000)
[Kchain  6 [=====================>        ]  71% (78100/110000)
[Kchain  7 [=====================>        ]  71% (78100/110000)
[Kchain  8 [=====================>        ]  71% (78100/110000)
[Kchain  9 [=====================>        ]  71% (78100/110000)
[Kchain 10 [=====================>        ]  71% (78100/110000)
[Kchain 11 [=====================>        ]  71% (78100/110000)
[13A[KRunning N=2 | per-chain progress
[Kchain  0 [=====================>        ]  72% (79200/110000)
[Kchain  1 [=====================>        ]  71% (78100/110000)
[Kchain  2 [=====================>        ]  70% (77000/110000)
[Kchain  3 [=====================>        ]  71% (78100/110000)
[Kchain  4 [=====================>        ]  71% (78100/110000)
[Kchain  5 [=====================>        ]  71% (78100/110000)
[Kchain  6 [=====================>        ]  71% (78100/110000)
[Kchain  7 [=====================>        ]  71% (78100/110000)
[Kchain  8 [=====================>        ]  71% (78100/110000)
[Kchain  9 [=====================>        ]  71% (78100/110000)
[Kchain 10 [=====================>        ]  71% (78100/110000)
[Kchain 11 [=====================>        ]  71% (78100/110000)
[13A[KRunning N=2 | per-chain progress
[Kchain  0 [=====================>        ]  72% (79200/110000)
[Kchain  1 [=====================>        ]  72% (79200/110000)
[Kchain  2 [=====================>        ]  70% (77000/110000)
[Kchain  3 [=====================>        ]  71% (78100/110000)
[Kchain  4 [=====================>        ]  71% (78100/110000)
[Kchain  5 [=====================>        ]  71% (78100/110000)
[Kchain  6 [=====================>        ]  71% (78100/110000)
[Kchain  7 [=====================>        ]  71% (78100/110000)
[Kchain  8 [=====================>        ]  71% (78100/110000)
[Kchain  9 [=====================>        ]  71% (78100/110000)
[Kchain 10 [=====================>        ]  71% (78100/110000)
[Kchain 11 [=====================>        ]  71% (78100/110000)
[13A[KRunning N=2 | per-chain progress
[Kchain  0 [=====================>        ]  72% (79200/110000)
[Kchain  1 [=====================>        ]  72% (79200/110000)
[Kchain  2 [=====================>        ]  71% (78100/110000)
[Kchain  3 [=====================>        ]  71% (78100/110000)
[Kchain  4 [=====================>        ]  71% (78100/110000)
[Kchain  5 [=====================>        ]  71% (78100/110000)
[Kchain  6 [=====================>        ]  71% (78100/110000)
[Kchain  7 [=====================>        ]  71% (78100/110000)
[Kchain  8 [=====================>        ]  72% (79200/110000)
[Kchain  9 [=====================>        ]  71% (78100/110000)
[Kchain 10 [=====================>        ]  71% (78100/110000)
[Kchain 11 [=====================>        ]  71% (78100/110000)
[13A[KRunning N=2 | per-chain progress
[Kchain  0 [=====================>        ]  72% (79200/110000)
[Kchain  1 [=====================>        ]  72% (79200/110000)
[Kchain  2 [=====================>        ]  71% (78100/110000)
[Kchain  3 [=====================>        ]  71% (78100/110000)
[Kchain  4 [=====================>        ]  71% (78100/110000)
[Kchain  5 [=====================>        ]  71% (78100/110000)
[Kchain  6 [=====================>        ]  71% (78100/110000)
[Kchain  7 [=====================>        ]  71% (78100/110000)
[Kchain  8 [=====================>        ]  72% (79200/110000)
[Kchain  9 [=====================>        ]  71% (78100/110000)
[Kchain 10 [=====================>        ]  71% (78100/110000)
[Kchain 11 [=====================>        ]  71% (78100/110000)
[13A[KRunning N=2 | per-chain progress
[Kchain  0 [=====================>        ]  72% (79200/110000)
[Kchain  1 [=====================>        ]  72% (79200/110000)
[Kchain  2 [=====================>        ]  71% (78100/110000)
[Kchain  3 [=====================>        ]  72% (79200/110000)
[Kchain  4 [=====================>        ]  71% (78100/110000)
[Kchain  5 [=====================>        ]  71% (78100/110000)
[Kchain  6 [=====================>        ]  71% (78100/110000)
[Kchain  7 [=====================>        ]  71% (78100/110000)
[Kchain  8 [=====================>        ]  72% (79200/110000)
[Kchain  9 [=====================>        ]  71% (78100/110000)
[Kchain 10 [=====================>        ]  71% (78100/110000)
[Kchain 11 [=====================>        ]  71% (78100/110000)
[13A[KRunning N=2 | per-chain progress
[Kchain  0 [=====================>        ]  73% (80300/110000)
[Kchain  1 [=====================>        ]  72% (79200/110000)
[Kchain  2 [=====================>        ]  71% (78100/110000)
[Kchain  3 [=====================>        ]  72% (79200/110000)
[Kchain  4 [=====================>        ]  71% (78100/110000)
[Kchain  5 [=====================>        ]  71% (78100/110000)
[Kchain  6 [=====================>        ]  71% (78100/110000)
[Kchain  7 [=====================>        ]  71% (78100/110000)
[Kchain  8 [=====================>        ]  72% (79200/110000)
[Kchain  9 [=====================>        ]  71% (78100/110000)
[Kchain 10 [=====================>        ]  71% (78100/110000)
[Kchain 11 [=====================>        ]  71% (78100/110000)
[13A[KRunning N=2 | per-chain progress
[Kchain  0 [=====================>        ]  73% (80300/110000)
[Kchain  1 [=====================>        ]  72% (79200/110000)
[Kchain  2 [=====================>        ]  71% (78100/110000)
[Kchain  3 [=====================>        ]  72% (79200/110000)
[Kchain  4 [=====================>        ]  71% (78100/110000)
[Kchain  5 [=====================>        ]  71% (78100/110000)
[Kchain  6 [=====================>        ]  72% (79200/110000)
[Kchain  7 [=====================>        ]  72% (79200/110000)
[Kchain  8 [=====================>        ]  72% (79200/110000)
[Kchain  9 [=====================>        ]  71% (78100/110000)
[Kchain 10 [=====================>        ]  71% (78100/110000)
[Kchain 11 [=====================>        ]  71% (78100/110000)
[13A[KRunning N=2 | per-chain progress
[Kchain  0 [=====================>        ]  73% (80300/110000)
[Kchain  1 [=====================>        ]  72% (79200/110000)
[Kchain  2 [=====================>        ]  71% (78100/110000)
[Kchain  3 [=====================>        ]  72% (79200/110000)
[Kchain  4 [=====================>        ]  71% (78100/110000)
[Kchain  5 [=====================>        ]  71% (78100/110000)
[Kchain  6 [=====================>        ]  72% (79200/110000)
[Kchain  7 [=====================>        ]  72% (79200/110000)
[Kchain  8 [=====================>        ]  72% (79200/110000)
[Kchain  9 [=====================>        ]  72% (79200/110000)
[Kchain 10 [=====================>        ]  71% (78100/110000)
[Kchain 11 [=====================>        ]  71% (78100/110000)
[13A[KRunning N=2 | per-chain progress
[Kchain  0 [=====================>        ]  73% (80300/110000)
[Kchain  1 [=====================>        ]  72% (79200/110000)
[Kchain  2 [=====================>        ]  71% (78100/110000)
[Kchain  3 [=====================>        ]  72% (79200/110000)
[Kchain  4 [=====================>        ]  71% (78100/110000)
[Kchain  5 [=====================>        ]  71% (78100/110000)
[Kchain  6 [=====================>        ]  72% (79200/110000)
[Kchain  7 [=====================>        ]  72% (79200/110000)
[Kchain  8 [=====================>        ]  72% (79200/110000)
[Kchain  9 [=====================>        ]  72% (79200/110000)
[Kchain 10 [=====================>        ]  71% (78100/110000)
[Kchain 11 [=====================>        ]  72% (79200/110000)
[13A[KRunning N=2 | per-chain progress
[Kchain  0 [=====================>        ]  73% (80300/110000)
[Kchain  1 [=====================>        ]  72% (79200/110000)
[Kchain  2 [=====================>        ]  71% (78100/110000)
[Kchain  3 [=====================>        ]  72% (79200/110000)
[Kchain  4 [=====================>        ]  71% (78100/110000)
[Kchain  5 [=====================>        ]  71% (78100/110000)
[Kchain  6 [=====================>        ]  72% (79200/110000)
[Kchain  7 [=====================>        ]  72% (79200/110000)
[Kchain  8 [=====================>        ]  72% (79200/110000)
[Kchain  9 [=====================>        ]  72% (79200/110000)
[Kchain 10 [=====================>        ]  71% (78100/110000)
[Kchain 11 [=====================>        ]  72% (79200/110000)
[13A[KRunning N=2 | per-chain progress
[Kchain  0 [=====================>        ]  73% (80300/110000)
[Kchain  1 [=====================>        ]  72% (79200/110000)
[Kchain  2 [=====================>        ]  71% (78100/110000)
[Kchain  3 [=====================>        ]  72% (79200/110000)
[Kchain  4 [=====================>        ]  71% (78100/110000)
[Kchain  5 [=====================>        ]  72% (79200/110000)
[Kchain  6 [=====================>        ]  72% (79200/110000)
[Kchain  7 [=====================>        ]  72% (79200/110000)
[Kchain  8 [=====================>        ]  72% (79200/110000)
[Kchain  9 [=====================>        ]  72% (79200/110000)
[Kchain 10 [=====================>        ]  71% (78100/110000)
[Kchain 11 [=====================>        ]  72% (79200/110000)
[13A[KRunning N=2 | per-chain progress
[Kchain  0 [=====================>        ]  73% (80300/110000)
[Kchain  1 [=====================>        ]  72% (79200/110000)
[Kchain  2 [=====================>        ]  71% (78100/110000)
[Kchain  3 [=====================>        ]  72% (79200/110000)
[Kchain  4 [=====================>        ]  72% (79200/110000)
[Kchain  5 [=====================>        ]  72% (79200/110000)
[Kchain  6 [=====================>        ]  72% (79200/110000)
[Kchain  7 [=====================>        ]  72% (79200/110000)
[Kchain  8 [=====================>        ]  72% (79200/110000)
[Kchain  9 [=====================>        ]  72% (79200/110000)
[Kchain 10 [=====================>        ]  72% (79200/110000)
[Kchain 11 [=====================>        ]  72% (79200/110000)
[13A[KRunning N=2 | per-chain progress
[Kchain  0 [=====================>        ]  73% (80300/110000)
[Kchain  1 [=====================>        ]  72% (79200/110000)
[Kchain  2 [=====================>        ]  71% (78100/110000)
[Kchain  3 [=====================>        ]  72% (79200/110000)
[Kchain  4 [=====================>        ]  72% (79200/110000)
[Kchain  5 [=====================>        ]  72% (79200/110000)
[Kchain  6 [=====================>        ]  72% (79200/110000)
[Kchain  7 [=====================>        ]  72% (79200/110000)
[Kchain  8 [=====================>        ]  72% (79200/110000)
[Kchain  9 [=====================>        ]  72% (79200/110000)
[Kchain 10 [=====================>        ]  72% (79200/110000)
[Kchain 11 [=====================>        ]  72% (79200/110000)
[13A[KRunning N=2 | per-chain progress
[Kchain  0 [=====================>        ]  73% (80300/110000)
[Kchain  1 [=====================>        ]  73% (80300/110000)
[Kchain  2 [=====================>        ]  71% (78100/110000)
[Kchain  3 [=====================>        ]  72% (79200/110000)
[Kchain  4 [=====================>        ]  72% (79200/110000)
[Kchain  5 [=====================>        ]  72% (79200/110000)
[Kchain  6 [=====================>        ]  72% (79200/110000)
[Kchain  7 [=====================>        ]  72% (79200/110000)
[Kchain  8 [=====================>        ]  72% (79200/110000)
[Kchain  9 [=====================>        ]  72% (79200/110000)
[Kchain 10 [=====================>        ]  72% (79200/110000)
[Kchain 11 [=====================>        ]  72% (79200/110000)
[13A[KRunning N=2 | per-chain progress
[Kchain  0 [=====================>        ]  73% (80300/110000)
[Kchain  1 [=====================>        ]  73% (80300/110000)
[Kchain  2 [=====================>        ]  72% (79200/110000)
[Kchain  3 [=====================>        ]  72% (79200/110000)
[Kchain  4 [=====================>        ]  72% (79200/110000)
[Kchain  5 [=====================>        ]  72% (79200/110000)
[Kchain  6 [=====================>        ]  72% (79200/110000)
[Kchain  7 [=====================>        ]  72% (79200/110000)
[Kchain  8 [=====================>        ]  73% (80300/110000)
[Kchain  9 [=====================>        ]  72% (79200/110000)
[Kchain 10 [=====================>        ]  72% (79200/110000)
[Kchain 11 [=====================>        ]  72% (79200/110000)
[13A[KRunning N=2 | per-chain progress
[Kchain  0 [=====================>        ]  73% (80300/110000)
[Kchain  1 [=====================>        ]  73% (80300/110000)
[Kchain  2 [=====================>        ]  72% (79200/110000)
[Kchain  3 [=====================>        ]  72% (79200/110000)
[Kchain  4 [=====================>        ]  72% (79200/110000)
[Kchain  5 [=====================>        ]  72% (79200/110000)
[Kchain  6 [=====================>        ]  72% (79200/110000)
[Kchain  7 [=====================>        ]  72% (79200/110000)
[Kchain  8 [=====================>        ]  73% (80300/110000)
[Kchain  9 [=====================>        ]  72% (79200/110000)
[Kchain 10 [=====================>        ]  72% (79200/110000)
[Kchain 11 [=====================>        ]  72% (79200/110000)
[13A[KRunning N=2 | per-chain progress
[Kchain  0 [=====================>        ]  73% (80300/110000)
[Kchain  1 [=====================>        ]  73% (80300/110000)
[Kchain  2 [=====================>        ]  72% (79200/110000)
[Kchain  3 [=====================>        ]  73% (80300/110000)
[Kchain  4 [=====================>        ]  72% (79200/110000)
[Kchain  5 [=====================>        ]  72% (79200/110000)
[Kchain  6 [=====================>        ]  72% (79200/110000)
[Kchain  7 [=====================>        ]  72% (79200/110000)
[Kchain  8 [=====================>        ]  73% (80300/110000)
[Kchain  9 [=====================>        ]  72% (79200/110000)
[Kchain 10 [=====================>        ]  72% (79200/110000)
[Kchain 11 [=====================>        ]  72% (79200/110000)
[13A[KRunning N=2 | per-chain progress
[Kchain  0 [======================>       ]  74% (81400/110000)
[Kchain  1 [=====================>        ]  73% (80300/110000)
[Kchain  2 [=====================>        ]  72% (79200/110000)
[Kchain  3 [=====================>        ]  73% (80300/110000)
[Kchain  4 [=====================>        ]  72% (79200/110000)
[Kchain  5 [=====================>        ]  72% (79200/110000)
[Kchain  6 [=====================>        ]  72% (79200/110000)
[Kchain  7 [=====================>        ]  72% (79200/110000)
[Kchain  8 [=====================>        ]  73% (80300/110000)
[Kchain  9 [=====================>        ]  72% (79200/110000)
[Kchain 10 [=====================>        ]  72% (79200/110000)
[Kchain 11 [=====================>        ]  72% (79200/110000)
[13A[KRunning N=2 | per-chain progress
[Kchain  0 [======================>       ]  74% (81400/110000)
[Kchain  1 [=====================>        ]  73% (80300/110000)
[Kchain  2 [=====================>        ]  72% (79200/110000)
[Kchain  3 [=====================>        ]  73% (80300/110000)
[Kchain  4 [=====================>        ]  72% (79200/110000)
[Kchain  5 [=====================>        ]  72% (79200/110000)
[Kchain  6 [=====================>        ]  73% (80300/110000)
[Kchain  7 [=====================>        ]  73% (80300/110000)
[Kchain  8 [=====================>        ]  73% (80300/110000)
[Kchain  9 [=====================>        ]  72% (79200/110000)
[Kchain 10 [=====================>        ]  72% (79200/110000)
[Kchain 11 [=====================>        ]  72% (79200/110000)
[13A[KRunning N=2 | per-chain progress
[Kchain  0 [======================>       ]  74% (81400/110000)
[Kchain  1 [=====================>        ]  73% (80300/110000)
[Kchain  2 [=====================>        ]  72% (79200/110000)
[Kchain  3 [=====================>        ]  73% (80300/110000)
[Kchain  4 [=====================>        ]  72% (79200/110000)
[Kchain  5 [=====================>        ]  72% (79200/110000)
[Kchain  6 [=====================>        ]  73% (80300/110000)
[Kchain  7 [=====================>        ]  73% (80300/110000)
[Kchain  8 [=====================>        ]  73% (80300/110000)
[Kchain  9 [=====================>        ]  73% (80300/110000)
[Kchain 10 [=====================>        ]  72% (79200/110000)
[Kchain 11 [=====================>        ]  72% (79200/110000)
[13A[KRunning N=2 | per-chain progress
[Kchain  0 [======================>       ]  74% (81400/110000)
[Kchain  1 [=====================>        ]  73% (80300/110000)
[Kchain  2 [=====================>        ]  72% (79200/110000)
[Kchain  3 [=====================>        ]  73% (80300/110000)
[Kchain  4 [=====================>        ]  72% (79200/110000)
[Kchain  5 [=====================>        ]  72% (79200/110000)
[Kchain  6 [=====================>        ]  73% (80300/110000)
[Kchain  7 [=====================>        ]  73% (80300/110000)
[Kchain  8 [=====================>        ]  73% (80300/110000)
[Kchain  9 [=====================>        ]  73% (80300/110000)
[Kchain 10 [=====================>        ]  72% (79200/110000)
[Kchain 11 [=====================>        ]  73% (80300/110000)
[13A[KRunning N=2 | per-chain progress
[Kchain  0 [======================>       ]  74% (81400/110000)
[Kchain  1 [=====================>        ]  73% (80300/110000)
[Kchain  2 [=====================>        ]  72% (79200/110000)
[Kchain  3 [=====================>        ]  73% (80300/110000)
[Kchain  4 [=====================>        ]  72% (79200/110000)
[Kchain  5 [=====================>        ]  72% (79200/110000)
[Kchain  6 [=====================>        ]  73% (80300/110000)
[Kchain  7 [=====================>        ]  73% (80300/110000)
[Kchain  8 [=====================>        ]  73% (80300/110000)
[Kchain  9 [=====================>        ]  73% (80300/110000)
[Kchain 10 [=====================>        ]  72% (79200/110000)
[Kchain 11 [=====================>        ]  73% (80300/110000)
[13A[KRunning N=2 | per-chain progress
[Kchain  0 [======================>       ]  74% (81400/110000)
[Kchain  1 [=====================>        ]  73% (80300/110000)
[Kchain  2 [=====================>        ]  72% (79200/110000)
[Kchain  3 [=====================>        ]  73% (80300/110000)
[Kchain  4 [=====================>        ]  72% (79200/110000)
[Kchain  5 [=====================>        ]  73% (80300/110000)
[Kchain  6 [=====================>        ]  73% (80300/110000)
[Kchain  7 [=====================>        ]  73% (80300/110000)
[Kchain  8 [=====================>        ]  73% (80300/110000)
[Kchain  9 [=====================>        ]  73% (80300/110000)
[Kchain 10 [=====================>        ]  72% (79200/110000)
[Kchain 11 [=====================>        ]  73% (80300/110000)
[13A[KRunning N=2 | per-chain progress
[Kchain  0 [======================>       ]  74% (81400/110000)
[Kchain  1 [=====================>        ]  73% (80300/110000)
[Kchain  2 [=====================>        ]  72% (79200/110000)
[Kchain  3 [=====================>        ]  73% (80300/110000)
[Kchain  4 [=====================>        ]  73% (80300/110000)
[Kchain  5 [=====================>        ]  73% (80300/110000)
[Kchain  6 [=====================>        ]  73% (80300/110000)
[Kchain  7 [=====================>        ]  73% (80300/110000)
[Kchain  8 [=====================>        ]  73% (80300/110000)
[Kchain  9 [=====================>        ]  73% (80300/110000)
[Kchain 10 [=====================>        ]  73% (80300/110000)
[Kchain 11 [=====================>        ]  73% (80300/110000)
[13A[KRunning N=2 | per-chain progress
[Kchain  0 [======================>       ]  74% (81400/110000)
[Kchain  1 [=====================>        ]  73% (80300/110000)
[Kchain  2 [=====================>        ]  72% (79200/110000)
[Kchain  3 [=====================>        ]  73% (80300/110000)
[Kchain  4 [=====================>        ]  73% (80300/110000)
[Kchain  5 [=====================>        ]  73% (80300/110000)
[Kchain  6 [=====================>        ]  73% (80300/110000)
[Kchain  7 [=====================>        ]  73% (80300/110000)
[Kchain  8 [=====================>        ]  73% (80300/110000)
[Kchain  9 [=====================>        ]  73% (80300/110000)
[Kchain 10 [=====================>        ]  73% (80300/110000)
[Kchain 11 [=====================>        ]  73% (80300/110000)
[13A[KRunning N=2 | per-chain progress
[Kchain  0 [======================>       ]  74% (81400/110000)
[Kchain  1 [======================>       ]  74% (81400/110000)
[Kchain  2 [=====================>        ]  72% (79200/110000)
[Kchain  3 [=====================>        ]  73% (80300/110000)
[Kchain  4 [=====================>        ]  73% (80300/110000)
[Kchain  5 [=====================>        ]  73% (80300/110000)
[Kchain  6 [=====================>        ]  73% (80300/110000)
[Kchain  7 [=====================>        ]  73% (80300/110000)
[Kchain  8 [=====================>        ]  73% (80300/110000)
[Kchain  9 [=====================>        ]  73% (80300/110000)
[Kchain 10 [=====================>        ]  73% (80300/110000)
[Kchain 11 [=====================>        ]  73% (80300/110000)
[13A[KRunning N=2 | per-chain progress
[Kchain  0 [======================>       ]  74% (81400/110000)
[Kchain  1 [======================>       ]  74% (81400/110000)
[Kchain  2 [=====================>        ]  73% (80300/110000)
[Kchain  3 [=====================>        ]  73% (80300/110000)
[Kchain  4 [=====================>        ]  73% (80300/110000)
[Kchain  5 [=====================>        ]  73% (80300/110000)
[Kchain  6 [=====================>        ]  73% (80300/110000)
[Kchain  7 [=====================>        ]  73% (80300/110000)
[Kchain  8 [======================>       ]  74% (81400/110000)
[Kchain  9 [=====================>        ]  73% (80300/110000)
[Kchain 10 [=====================>        ]  73% (80300/110000)
[Kchain 11 [=====================>        ]  73% (80300/110000)
[13A[KRunning N=2 | per-chain progress
[Kchain  0 [======================>       ]  74% (81400/110000)
[Kchain  1 [======================>       ]  74% (81400/110000)
[Kchain  2 [=====================>        ]  73% (80300/110000)
[Kchain  3 [=====================>        ]  73% (80300/110000)
[Kchain  4 [=====================>        ]  73% (80300/110000)
[Kchain  5 [=====================>        ]  73% (80300/110000)
[Kchain  6 [=====================>        ]  73% (80300/110000)
[Kchain  7 [=====================>        ]  73% (80300/110000)
[Kchain  8 [======================>       ]  74% (81400/110000)
[Kchain  9 [=====================>        ]  73% (80300/110000)
[Kchain 10 [=====================>        ]  73% (80300/110000)
[Kchain 11 [=====================>        ]  73% (80300/110000)
[13A[KRunning N=2 | per-chain progress
[Kchain  0 [======================>       ]  74% (81400/110000)
[Kchain  1 [======================>       ]  74% (81400/110000)
[Kchain  2 [=====================>        ]  73% (80300/110000)
[Kchain  3 [======================>       ]  74% (81400/110000)
[Kchain  4 [=====================>        ]  73% (80300/110000)
[Kchain  5 [=====================>        ]  73% (80300/110000)
[Kchain  6 [=====================>        ]  73% (80300/110000)
[Kchain  7 [=====================>        ]  73% (80300/110000)
[Kchain  8 [======================>       ]  74% (81400/110000)
[Kchain  9 [=====================>        ]  73% (80300/110000)
[Kchain 10 [=====================>        ]  73% (80300/110000)
[Kchain 11 [=====================>        ]  73% (80300/110000)
[13A[KRunning N=2 | per-chain progress
[Kchain  0 [======================>       ]  75% (82500/110000)
[Kchain  1 [======================>       ]  74% (81400/110000)
[Kchain  2 [=====================>        ]  73% (80300/110000)
[Kchain  3 [======================>       ]  74% (81400/110000)
[Kchain  4 [=====================>        ]  73% (80300/110000)
[Kchain  5 [=====================>        ]  73% (80300/110000)
[Kchain  6 [======================>       ]  74% (81400/110000)
[Kchain  7 [=====================>        ]  73% (80300/110000)
[Kchain  8 [======================>       ]  74% (81400/110000)
[Kchain  9 [=====================>        ]  73% (80300/110000)
[Kchain 10 [=====================>        ]  73% (80300/110000)
[Kchain 11 [=====================>        ]  73% (80300/110000)
[13A[KRunning N=2 | per-chain progress
[Kchain  0 [======================>       ]  75% (82500/110000)
[Kchain  1 [======================>       ]  74% (81400/110000)
[Kchain  2 [=====================>        ]  73% (80300/110000)
[Kchain  3 [======================>       ]  74% (81400/110000)
[Kchain  4 [=====================>        ]  73% (80300/110000)
[Kchain  5 [=====================>        ]  73% (80300/110000)
[Kchain  6 [======================>       ]  74% (81400/110000)
[Kchain  7 [======================>       ]  74% (81400/110000)
[Kchain  8 [======================>       ]  74% (81400/110000)
[Kchain  9 [=====================>        ]  73% (80300/110000)
[Kchain 10 [=====================>        ]  73% (80300/110000)
[Kchain 11 [=====================>        ]  73% (80300/110000)
[13A[KRunning N=2 | per-chain progress
[Kchain  0 [======================>       ]  75% (82500/110000)
[Kchain  1 [======================>       ]  74% (81400/110000)
[Kchain  2 [=====================>        ]  73% (80300/110000)
[Kchain  3 [======================>       ]  74% (81400/110000)
[Kchain  4 [=====================>        ]  73% (80300/110000)
[Kchain  5 [=====================>        ]  73% (80300/110000)
[Kchain  6 [======================>       ]  74% (81400/110000)
[Kchain  7 [======================>       ]  74% (81400/110000)
[Kchain  8 [======================>       ]  74% (81400/110000)
[Kchain  9 [======================>       ]  74% (81400/110000)
[Kchain 10 [=====================>        ]  73% (80300/110000)
[Kchain 11 [=====================>        ]  73% (80300/110000)
[13A[KRunning N=2 | per-chain progress
[Kchain  0 [======================>       ]  75% (82500/110000)
[Kchain  1 [======================>       ]  74% (81400/110000)
[Kchain  2 [=====================>        ]  73% (80300/110000)
[Kchain  3 [======================>       ]  74% (81400/110000)
[Kchain  4 [=====================>        ]  73% (80300/110000)
[Kchain  5 [=====================>        ]  73% (80300/110000)
[Kchain  6 [======================>       ]  74% (81400/110000)
[Kchain  7 [======================>       ]  74% (81400/110000)
[Kchain  8 [======================>       ]  74% (81400/110000)
[Kchain  9 [======================>       ]  74% (81400/110000)
[Kchain 10 [=====================>        ]  73% (80300/110000)
[Kchain 11 [======================>       ]  74% (81400/110000)
[13A[KRunning N=2 | per-chain progress
[Kchain  0 [======================>       ]  75% (82500/110000)
[Kchain  1 [======================>       ]  74% (81400/110000)
[Kchain  2 [=====================>        ]  73% (80300/110000)
[Kchain  3 [======================>       ]  74% (81400/110000)
[Kchain  4 [=====================>        ]  73% (80300/110000)
[Kchain  5 [=====================>        ]  73% (80300/110000)
[Kchain  6 [======================>       ]  74% (81400/110000)
[Kchain  7 [======================>       ]  74% (81400/110000)
[Kchain  8 [======================>       ]  74% (81400/110000)
[Kchain  9 [======================>       ]  74% (81400/110000)
[Kchain 10 [=====================>        ]  73% (80300/110000)
[Kchain 11 [======================>       ]  74% (81400/110000)
[13A[KRunning N=2 | per-chain progress
[Kchain  0 [======================>       ]  75% (82500/110000)
[Kchain  1 [======================>       ]  74% (81400/110000)
[Kchain  2 [=====================>        ]  73% (80300/110000)
[Kchain  3 [======================>       ]  74% (81400/110000)
[Kchain  4 [=====================>        ]  73% (80300/110000)
[Kchain  5 [======================>       ]  74% (81400/110000)
[Kchain  6 [======================>       ]  74% (81400/110000)
[Kchain  7 [======================>       ]  74% (81400/110000)
[Kchain  8 [======================>       ]  74% (81400/110000)
[Kchain  9 [======================>       ]  74% (81400/110000)
[Kchain 10 [=====================>        ]  73% (80300/110000)
[Kchain 11 [======================>       ]  74% (81400/110000)
[13A[KRunning N=2 | per-chain progress
[Kchain  0 [======================>       ]  75% (82500/110000)
[Kchain  1 [======================>       ]  74% (81400/110000)
[Kchain  2 [=====================>        ]  73% (80300/110000)
[Kchain  3 [======================>       ]  74% (81400/110000)
[Kchain  4 [======================>       ]  74% (81400/110000)
[Kchain  5 [======================>       ]  74% (81400/110000)
[Kchain  6 [======================>       ]  74% (81400/110000)
[Kchain  7 [======================>       ]  74% (81400/110000)
[Kchain  8 [======================>       ]  74% (81400/110000)
[Kchain  9 [======================>       ]  74% (81400/110000)
[Kchain 10 [======================>       ]  74% (81400/110000)
[Kchain 11 [======================>       ]  74% (81400/110000)
[13A[KRunning N=2 | per-chain progress
[Kchain  0 [======================>       ]  75% (82500/110000)
[Kchain  1 [======================>       ]  74% (81400/110000)
[Kchain  2 [=====================>        ]  73% (80300/110000)
[Kchain  3 [======================>       ]  74% (81400/110000)
[Kchain  4 [======================>       ]  74% (81400/110000)
[Kchain  5 [======================>       ]  74% (81400/110000)
[Kchain  6 [======================>       ]  74% (81400/110000)
[Kchain  7 [======================>       ]  74% (81400/110000)
[Kchain  8 [======================>       ]  74% (81400/110000)
[Kchain  9 [======================>       ]  74% (81400/110000)
[Kchain 10 [======================>       ]  74% (81400/110000)
[Kchain 11 [======================>       ]  74% (81400/110000)
[13A[KRunning N=2 | per-chain progress
[Kchain  0 [======================>       ]  75% (82500/110000)
[Kchain  1 [======================>       ]  75% (82500/110000)
[Kchain  2 [=====================>        ]  73% (80300/110000)
[Kchain  3 [======================>       ]  74% (81400/110000)
[Kchain  4 [======================>       ]  74% (81400/110000)
[Kchain  5 [======================>       ]  74% (81400/110000)
[Kchain  6 [======================>       ]  74% (81400/110000)
[Kchain  7 [======================>       ]  74% (81400/110000)
[Kchain  8 [======================>       ]  74% (81400/110000)
[Kchain  9 [======================>       ]  74% (81400/110000)
[Kchain 10 [======================>       ]  74% (81400/110000)
[Kchain 11 [======================>       ]  74% (81400/110000)
[13A[KRunning N=2 | per-chain progress
[Kchain  0 [======================>       ]  75% (82500/110000)
[Kchain  1 [======================>       ]  75% (82500/110000)
[Kchain  2 [======================>       ]  74% (81400/110000)
[Kchain  3 [======================>       ]  74% (81400/110000)
[Kchain  4 [======================>       ]  74% (81400/110000)
[Kchain  5 [======================>       ]  74% (81400/110000)
[Kchain  6 [======================>       ]  74% (81400/110000)
[Kchain  7 [======================>       ]  74% (81400/110000)
[Kchain  8 [======================>       ]  75% (82500/110000)
[Kchain  9 [======================>       ]  74% (81400/110000)
[Kchain 10 [======================>       ]  74% (81400/110000)
[Kchain 11 [======================>       ]  74% (81400/110000)
[13A[KRunning N=2 | per-chain progress
[Kchain  0 [======================>       ]  75% (82500/110000)
[Kchain  1 [======================>       ]  75% (82500/110000)
[Kchain  2 [======================>       ]  74% (81400/110000)
[Kchain  3 [======================>       ]  74% (81400/110000)
[Kchain  4 [======================>       ]  74% (81400/110000)
[Kchain  5 [======================>       ]  74% (81400/110000)
[Kchain  6 [======================>       ]  74% (81400/110000)
[Kchain  7 [======================>       ]  74% (81400/110000)
[Kchain  8 [======================>       ]  75% (82500/110000)
[Kchain  9 [======================>       ]  74% (81400/110000)
[Kchain 10 [======================>       ]  74% (81400/110000)
[Kchain 11 [======================>       ]  74% (81400/110000)
[13A[KRunning N=2 | per-chain progress
[Kchain  0 [======================>       ]  75% (82500/110000)
[Kchain  1 [======================>       ]  75% (82500/110000)
[Kchain  2 [======================>       ]  74% (81400/110000)
[Kchain  3 [======================>       ]  75% (82500/110000)
[Kchain  4 [======================>       ]  74% (81400/110000)
[Kchain  5 [======================>       ]  74% (81400/110000)
[Kchain  6 [======================>       ]  74% (81400/110000)
[Kchain  7 [======================>       ]  74% (81400/110000)
[Kchain  8 [======================>       ]  75% (82500/110000)
[Kchain  9 [======================>       ]  74% (81400/110000)
[Kchain 10 [======================>       ]  74% (81400/110000)
[Kchain 11 [======================>       ]  74% (81400/110000)
[13A[KRunning N=2 | per-chain progress
[Kchain  0 [======================>       ]  76% (83600/110000)
[Kchain  1 [======================>       ]  75% (82500/110000)
[Kchain  2 [======================>       ]  74% (81400/110000)
[Kchain  3 [======================>       ]  75% (82500/110000)
[Kchain  4 [======================>       ]  74% (81400/110000)
[Kchain  5 [======================>       ]  74% (81400/110000)
[Kchain  6 [======================>       ]  74% (81400/110000)
[Kchain  7 [======================>       ]  74% (81400/110000)
[Kchain  8 [======================>       ]  75% (82500/110000)
[Kchain  9 [======================>       ]  74% (81400/110000)
[Kchain 10 [======================>       ]  74% (81400/110000)
[Kchain 11 [======================>       ]  74% (81400/110000)
[13A[KRunning N=2 | per-chain progress
[Kchain  0 [======================>       ]  76% (83600/110000)
[Kchain  1 [======================>       ]  75% (82500/110000)
[Kchain  2 [======================>       ]  74% (81400/110000)
[Kchain  3 [======================>       ]  75% (82500/110000)
[Kchain  4 [======================>       ]  74% (81400/110000)
[Kchain  5 [======================>       ]  74% (81400/110000)
[Kchain  6 [======================>       ]  75% (82500/110000)
[Kchain  7 [======================>       ]  75% (82500/110000)
[Kchain  8 [======================>       ]  75% (82500/110000)
[Kchain  9 [======================>       ]  74% (81400/110000)
[Kchain 10 [======================>       ]  74% (81400/110000)
[Kchain 11 [======================>       ]  74% (81400/110000)
[13A[KRunning N=2 | per-chain progress
[Kchain  0 [======================>       ]  76% (83600/110000)
[Kchain  1 [======================>       ]  75% (82500/110000)
[Kchain  2 [======================>       ]  74% (81400/110000)
[Kchain  3 [======================>       ]  75% (82500/110000)
[Kchain  4 [======================>       ]  74% (81400/110000)
[Kchain  5 [======================>       ]  74% (81400/110000)
[Kchain  6 [======================>       ]  75% (82500/110000)
[Kchain  7 [======================>       ]  75% (82500/110000)
[Kchain  8 [======================>       ]  75% (82500/110000)
[Kchain  9 [======================>       ]  75% (82500/110000)
[Kchain 10 [======================>       ]  74% (81400/110000)
[Kchain 11 [======================>       ]  74% (81400/110000)
[13A[KRunning N=2 | per-chain progress
[Kchain  0 [======================>       ]  76% (83600/110000)
[Kchain  1 [======================>       ]  75% (82500/110000)
[Kchain  2 [======================>       ]  74% (81400/110000)
[Kchain  3 [======================>       ]  75% (82500/110000)
[Kchain  4 [======================>       ]  74% (81400/110000)
[Kchain  5 [======================>       ]  74% (81400/110000)
[Kchain  6 [======================>       ]  75% (82500/110000)
[Kchain  7 [======================>       ]  75% (82500/110000)
[Kchain  8 [======================>       ]  75% (82500/110000)
[Kchain  9 [======================>       ]  75% (82500/110000)
[Kchain 10 [======================>       ]  74% (81400/110000)
[Kchain 11 [======================>       ]  75% (82500/110000)
[13A[KRunning N=2 | per-chain progress
[Kchain  0 [======================>       ]  76% (83600/110000)
[Kchain  1 [======================>       ]  75% (82500/110000)
[Kchain  2 [======================>       ]  74% (81400/110000)
[Kchain  3 [======================>       ]  75% (82500/110000)
[Kchain  4 [======================>       ]  74% (81400/110000)
[Kchain  5 [======================>       ]  74% (81400/110000)
[Kchain  6 [======================>       ]  75% (82500/110000)
[Kchain  7 [======================>       ]  75% (82500/110000)
[Kchain  8 [======================>       ]  75% (82500/110000)
[Kchain  9 [======================>       ]  75% (82500/110000)
[Kchain 10 [======================>       ]  74% (81400/110000)
[Kchain 11 [======================>       ]  75% (82500/110000)
[13A[KRunning N=2 | per-chain progress
[Kchain  0 [======================>       ]  76% (83600/110000)
[Kchain  1 [======================>       ]  75% (82500/110000)
[Kchain  2 [======================>       ]  74% (81400/110000)
[Kchain  3 [======================>       ]  75% (82500/110000)
[Kchain  4 [======================>       ]  74% (81400/110000)
[Kchain  5 [======================>       ]  75% (82500/110000)
[Kchain  6 [======================>       ]  75% (82500/110000)
[Kchain  7 [======================>       ]  75% (82500/110000)
[Kchain  8 [======================>       ]  75% (82500/110000)
[Kchain  9 [======================>       ]  75% (82500/110000)
[Kchain 10 [======================>       ]  74% (81400/110000)
[Kchain 11 [======================>       ]  75% (82500/110000)
[13A[KRunning N=2 | per-chain progress
[Kchain  0 [======================>       ]  76% (83600/110000)
[Kchain  1 [======================>       ]  75% (82500/110000)
[Kchain  2 [======================>       ]  74% (81400/110000)
[Kchain  3 [======================>       ]  75% (82500/110000)
[Kchain  4 [======================>       ]  75% (82500/110000)
[Kchain  5 [======================>       ]  75% (82500/110000)
[Kchain  6 [======================>       ]  75% (82500/110000)
[Kchain  7 [======================>       ]  75% (82500/110000)
[Kchain  8 [======================>       ]  75% (82500/110000)
[Kchain  9 [======================>       ]  75% (82500/110000)
[Kchain 10 [======================>       ]  75% (82500/110000)
[Kchain 11 [======================>       ]  75% (82500/110000)
[13A[KRunning N=2 | per-chain progress
[Kchain  0 [======================>       ]  76% (83600/110000)
[Kchain  1 [======================>       ]  75% (82500/110000)
[Kchain  2 [======================>       ]  74% (81400/110000)
[Kchain  3 [======================>       ]  75% (82500/110000)
[Kchain  4 [======================>       ]  75% (82500/110000)
[Kchain  5 [======================>       ]  75% (82500/110000)
[Kchain  6 [======================>       ]  75% (82500/110000)
[Kchain  7 [======================>       ]  75% (82500/110000)
[Kchain  8 [======================>       ]  75% (82500/110000)
[Kchain  9 [======================>       ]  75% (82500/110000)
[Kchain 10 [======================>       ]  75% (82500/110000)
[Kchain 11 [======================>       ]  75% (82500/110000)
[13A[KRunning N=2 | per-chain progress
[Kchain  0 [======================>       ]  76% (83600/110000)
[Kchain  1 [======================>       ]  76% (83600/110000)
[Kchain  2 [======================>       ]  74% (81400/110000)
[Kchain  3 [======================>       ]  75% (82500/110000)
[Kchain  4 [======================>       ]  75% (82500/110000)
[Kchain  5 [======================>       ]  75% (82500/110000)
[Kchain  6 [======================>       ]  75% (82500/110000)
[Kchain  7 [======================>       ]  75% (82500/110000)
[Kchain  8 [======================>       ]  75% (82500/110000)
[Kchain  9 [======================>       ]  75% (82500/110000)
[Kchain 10 [======================>       ]  75% (82500/110000)
[Kchain 11 [======================>       ]  75% (82500/110000)
[13A[KRunning N=2 | per-chain progress
[Kchain  0 [======================>       ]  76% (83600/110000)
[Kchain  1 [======================>       ]  76% (83600/110000)
[Kchain  2 [======================>       ]  75% (82500/110000)
[Kchain  3 [======================>       ]  75% (82500/110000)
[Kchain  4 [======================>       ]  75% (82500/110000)
[Kchain  5 [======================>       ]  75% (82500/110000)
[Kchain  6 [======================>       ]  75% (82500/110000)
[Kchain  7 [======================>       ]  75% (82500/110000)
[Kchain  8 [======================>       ]  76% (83600/110000)
[Kchain  9 [======================>       ]  75% (82500/110000)
[Kchain 10 [======================>       ]  75% (82500/110000)
[Kchain 11 [======================>       ]  75% (82500/110000)
[13A[KRunning N=2 | per-chain progress
[Kchain  0 [======================>       ]  76% (83600/110000)
[Kchain  1 [======================>       ]  76% (83600/110000)
[Kchain  2 [======================>       ]  75% (82500/110000)
[Kchain  3 [======================>       ]  75% (82500/110000)
[Kchain  4 [======================>       ]  75% (82500/110000)
[Kchain  5 [======================>       ]  75% (82500/110000)
[Kchain  6 [======================>       ]  75% (82500/110000)
[Kchain  7 [======================>       ]  75% (82500/110000)
[Kchain  8 [======================>       ]  76% (83600/110000)
[Kchain  9 [======================>       ]  75% (82500/110000)
[Kchain 10 [======================>       ]  75% (82500/110000)
[Kchain 11 [======================>       ]  75% (82500/110000)
[13A[KRunning N=2 | per-chain progress
[Kchain  0 [======================>       ]  76% (83600/110000)
[Kchain  1 [======================>       ]  76% (83600/110000)
[Kchain  2 [======================>       ]  75% (82500/110000)
[Kchain  3 [======================>       ]  76% (83600/110000)
[Kchain  4 [======================>       ]  75% (82500/110000)
[Kchain  5 [======================>       ]  75% (82500/110000)
[Kchain  6 [======================>       ]  75% (82500/110000)
[Kchain  7 [======================>       ]  75% (82500/110000)
[Kchain  8 [======================>       ]  76% (83600/110000)
[Kchain  9 [======================>       ]  75% (82500/110000)
[Kchain 10 [======================>       ]  75% (82500/110000)
[Kchain 11 [======================>       ]  75% (82500/110000)
[13A[KRunning N=2 | per-chain progress
[Kchain  0 [=======================>      ]  77% (84700/110000)
[Kchain  1 [======================>       ]  76% (83600/110000)
[Kchain  2 [======================>       ]  75% (82500/110000)
[Kchain  3 [======================>       ]  76% (83600/110000)
[Kchain  4 [======================>       ]  75% (82500/110000)
[Kchain  5 [======================>       ]  75% (82500/110000)
[Kchain  6 [======================>       ]  75% (82500/110000)
[Kchain  7 [======================>       ]  75% (82500/110000)
[Kchain  8 [======================>       ]  76% (83600/110000)
[Kchain  9 [======================>       ]  75% (82500/110000)
[Kchain 10 [======================>       ]  75% (82500/110000)
[Kchain 11 [======================>       ]  75% (82500/110000)
[13A[KRunning N=2 | per-chain progress
[Kchain  0 [=======================>      ]  77% (84700/110000)
[Kchain  1 [======================>       ]  76% (83600/110000)
[Kchain  2 [======================>       ]  75% (82500/110000)
[Kchain  3 [======================>       ]  76% (83600/110000)
[Kchain  4 [======================>       ]  75% (82500/110000)
[Kchain  5 [======================>       ]  75% (82500/110000)
[Kchain  6 [======================>       ]  76% (83600/110000)
[Kchain  7 [======================>       ]  76% (83600/110000)
[Kchain  8 [======================>       ]  76% (83600/110000)
[Kchain  9 [======================>       ]  75% (82500/110000)
[Kchain 10 [======================>       ]  75% (82500/110000)
[Kchain 11 [======================>       ]  75% (82500/110000)
[13A[KRunning N=2 | per-chain progress
[Kchain  0 [=======================>      ]  77% (84700/110000)
[Kchain  1 [======================>       ]  76% (83600/110000)
[Kchain  2 [======================>       ]  75% (82500/110000)
[Kchain  3 [======================>       ]  76% (83600/110000)
[Kchain  4 [======================>       ]  75% (82500/110000)
[Kchain  5 [======================>       ]  75% (82500/110000)
[Kchain  6 [======================>       ]  76% (83600/110000)
[Kchain  7 [======================>       ]  76% (83600/110000)
[Kchain  8 [======================>       ]  76% (83600/110000)
[Kchain  9 [======================>       ]  76% (83600/110000)
[Kchain 10 [======================>       ]  75% (82500/110000)
[Kchain 11 [======================>       ]  75% (82500/110000)
[13A[KRunning N=2 | per-chain progress
[Kchain  0 [=======================>      ]  77% (84700/110000)
[Kchain  1 [======================>       ]  76% (83600/110000)
[Kchain  2 [======================>       ]  75% (82500/110000)
[Kchain  3 [======================>       ]  76% (83600/110000)
[Kchain  4 [======================>       ]  75% (82500/110000)
[Kchain  5 [======================>       ]  75% (82500/110000)
[Kchain  6 [======================>       ]  76% (83600/110000)
[Kchain  7 [======================>       ]  76% (83600/110000)
[Kchain  8 [======================>       ]  76% (83600/110000)
[Kchain  9 [======================>       ]  76% (83600/110000)
[Kchain 10 [======================>       ]  75% (82500/110000)
[Kchain 11 [======================>       ]  76% (83600/110000)
[13A[KRunning N=2 | per-chain progress
[Kchain  0 [=======================>      ]  77% (84700/110000)
[Kchain  1 [======================>       ]  76% (83600/110000)
[Kchain  2 [======================>       ]  75% (82500/110000)
[Kchain  3 [======================>       ]  76% (83600/110000)
[Kchain  4 [======================>       ]  75% (82500/110000)
[Kchain  5 [======================>       ]  76% (83600/110000)
[Kchain  6 [======================>       ]  76% (83600/110000)
[Kchain  7 [======================>       ]  76% (83600/110000)
[Kchain  8 [======================>       ]  76% (83600/110000)
[Kchain  9 [======================>       ]  76% (83600/110000)
[Kchain 10 [======================>       ]  75% (82500/110000)
[Kchain 11 [======================>       ]  76% (83600/110000)
[13A[KRunning N=2 | per-chain progress
[Kchain  0 [=======================>      ]  77% (84700/110000)
[Kchain  1 [======================>       ]  76% (83600/110000)
[Kchain  2 [======================>       ]  75% (82500/110000)
[Kchain  3 [======================>       ]  76% (83600/110000)
[Kchain  4 [======================>       ]  75% (82500/110000)
[Kchain  5 [======================>       ]  76% (83600/110000)
[Kchain  6 [======================>       ]  76% (83600/110000)
[Kchain  7 [======================>       ]  76% (83600/110000)
[Kchain  8 [======================>       ]  76% (83600/110000)
[Kchain  9 [======================>       ]  76% (83600/110000)
[Kchain 10 [======================>       ]  75% (82500/110000)
[Kchain 11 [======================>       ]  76% (83600/110000)
[13A[KRunning N=2 | per-chain progress
[Kchain  0 [=======================>      ]  77% (84700/110000)
[Kchain  1 [======================>       ]  76% (83600/110000)
[Kchain  2 [======================>       ]  75% (82500/110000)
[Kchain  3 [======================>       ]  76% (83600/110000)
[Kchain  4 [======================>       ]  76% (83600/110000)
[Kchain  5 [======================>       ]  76% (83600/110000)
[Kchain  6 [======================>       ]  76% (83600/110000)
[Kchain  7 [======================>       ]  76% (83600/110000)
[Kchain  8 [======================>       ]  76% (83600/110000)
[Kchain  9 [======================>       ]  76% (83600/110000)
[Kchain 10 [======================>       ]  76% (83600/110000)
[Kchain 11 [======================>       ]  76% (83600/110000)
[13A[KRunning N=2 | per-chain progress
[Kchain  0 [=======================>      ]  77% (84700/110000)
[Kchain  1 [======================>       ]  76% (83600/110000)
[Kchain  2 [======================>       ]  75% (82500/110000)
[Kchain  3 [======================>       ]  76% (83600/110000)
[Kchain  4 [======================>       ]  76% (83600/110000)
[Kchain  5 [======================>       ]  76% (83600/110000)
[Kchain  6 [======================>       ]  76% (83600/110000)
[Kchain  7 [======================>       ]  76% (83600/110000)
[Kchain  8 [======================>       ]  76% (83600/110000)
[Kchain  9 [======================>       ]  76% (83600/110000)
[Kchain 10 [======================>       ]  76% (83600/110000)
[Kchain 11 [======================>       ]  76% (83600/110000)
[13A[KRunning N=2 | per-chain progress
[Kchain  0 [=======================>      ]  77% (84700/110000)
[Kchain  1 [=======================>      ]  77% (84700/110000)
[Kchain  2 [======================>       ]  75% (82500/110000)
[Kchain  3 [======================>       ]  76% (83600/110000)
[Kchain  4 [======================>       ]  76% (83600/110000)
[Kchain  5 [======================>       ]  76% (83600/110000)
[Kchain  6 [======================>       ]  76% (83600/110000)
[Kchain  7 [======================>       ]  76% (83600/110000)
[Kchain  8 [======================>       ]  76% (83600/110000)
[Kchain  9 [======================>       ]  76% (83600/110000)
[Kchain 10 [======================>       ]  76% (83600/110000)
[Kchain 11 [======================>       ]  76% (83600/110000)
[13A[KRunning N=2 | per-chain progress
[Kchain  0 [=======================>      ]  77% (84700/110000)
[Kchain  1 [=======================>      ]  77% (84700/110000)
[Kchain  2 [======================>       ]  76% (83600/110000)
[Kchain  3 [======================>       ]  76% (83600/110000)
[Kchain  4 [======================>       ]  76% (83600/110000)
[Kchain  5 [======================>       ]  76% (83600/110000)
[Kchain  6 [======================>       ]  76% (83600/110000)
[Kchain  7 [======================>       ]  76% (83600/110000)
[Kchain  8 [=======================>      ]  77% (84700/110000)
[Kchain  9 [======================>       ]  76% (83600/110000)
[Kchain 10 [======================>       ]  76% (83600/110000)
[Kchain 11 [======================>       ]  76% (83600/110000)
[13A[KRunning N=2 | per-chain progress
[Kchain  0 [=======================>      ]  77% (84700/110000)
[Kchain  1 [=======================>      ]  77% (84700/110000)
[Kchain  2 [======================>       ]  76% (83600/110000)
[Kchain  3 [======================>       ]  76% (83600/110000)
[Kchain  4 [======================>       ]  76% (83600/110000)
[Kchain  5 [======================>       ]  76% (83600/110000)
[Kchain  6 [======================>       ]  76% (83600/110000)
[Kchain  7 [======================>       ]  76% (83600/110000)
[Kchain  8 [=======================>      ]  77% (84700/110000)
[Kchain  9 [======================>       ]  76% (83600/110000)
[Kchain 10 [======================>       ]  76% (83600/110000)
[Kchain 11 [======================>       ]  76% (83600/110000)
[13A[KRunning N=2 | per-chain progress
[Kchain  0 [=======================>      ]  77% (84700/110000)
[Kchain  1 [=======================>      ]  77% (84700/110000)
[Kchain  2 [======================>       ]  76% (83600/110000)
[Kchain  3 [=======================>      ]  77% (84700/110000)
[Kchain  4 [======================>       ]  76% (83600/110000)
[Kchain  5 [======================>       ]  76% (83600/110000)
[Kchain  6 [======================>       ]  76% (83600/110000)
[Kchain  7 [======================>       ]  76% (83600/110000)
[Kchain  8 [=======================>      ]  77% (84700/110000)
[Kchain  9 [======================>       ]  76% (83600/110000)
[Kchain 10 [======================>       ]  76% (83600/110000)
[Kchain 11 [======================>       ]  76% (83600/110000)
[13A[KRunning N=2 | per-chain progress
[Kchain  0 [=======================>      ]  78% (85800/110000)
[Kchain  1 [=======================>      ]  77% (84700/110000)
[Kchain  2 [======================>       ]  76% (83600/110000)
[Kchain  3 [=======================>      ]  77% (84700/110000)
[Kchain  4 [======================>       ]  76% (83600/110000)
[Kchain  5 [======================>       ]  76% (83600/110000)
[Kchain  6 [======================>       ]  76% (83600/110000)
[Kchain  7 [======================>       ]  76% (83600/110000)
[Kchain  8 [=======================>      ]  77% (84700/110000)
[Kchain  9 [======================>       ]  76% (83600/110000)
[Kchain 10 [======================>       ]  76% (83600/110000)
[Kchain 11 [======================>       ]  76% (83600/110000)
[13A[KRunning N=2 | per-chain progress
[Kchain  0 [=======================>      ]  78% (85800/110000)
[Kchain  1 [=======================>      ]  77% (84700/110000)
[Kchain  2 [======================>       ]  76% (83600/110000)
[Kchain  3 [=======================>      ]  77% (84700/110000)
[Kchain  4 [======================>       ]  76% (83600/110000)
[Kchain  5 [======================>       ]  76% (83600/110000)
[Kchain  6 [=======================>      ]  77% (84700/110000)
[Kchain  7 [=======================>      ]  77% (84700/110000)
[Kchain  8 [=======================>      ]  77% (84700/110000)
[Kchain  9 [======================>       ]  76% (83600/110000)
[Kchain 10 [======================>       ]  76% (83600/110000)
[Kchain 11 [======================>       ]  76% (83600/110000)
[13A[KRunning N=2 | per-chain progress
[Kchain  0 [=======================>      ]  78% (85800/110000)
[Kchain  1 [=======================>      ]  77% (84700/110000)
[Kchain  2 [======================>       ]  76% (83600/110000)
[Kchain  3 [=======================>      ]  77% (84700/110000)
[Kchain  4 [======================>       ]  76% (83600/110000)
[Kchain  5 [======================>       ]  76% (83600/110000)
[Kchain  6 [=======================>      ]  77% (84700/110000)
[Kchain  7 [=======================>      ]  77% (84700/110000)
[Kchain  8 [=======================>      ]  77% (84700/110000)
[Kchain  9 [=======================>      ]  77% (84700/110000)
[Kchain 10 [======================>       ]  76% (83600/110000)
[Kchain 11 [======================>       ]  76% (83600/110000)
[13A[KRunning N=2 | per-chain progress
[Kchain  0 [=======================>      ]  78% (85800/110000)
[Kchain  1 [=======================>      ]  77% (84700/110000)
[Kchain  2 [======================>       ]  76% (83600/110000)
[Kchain  3 [=======================>      ]  77% (84700/110000)
[Kchain  4 [======================>       ]  76% (83600/110000)
[Kchain  5 [======================>       ]  76% (83600/110000)
[Kchain  6 [=======================>      ]  77% (84700/110000)
[Kchain  7 [=======================>      ]  77% (84700/110000)
[Kchain  8 [=======================>      ]  77% (84700/110000)
[Kchain  9 [=======================>      ]  77% (84700/110000)
[Kchain 10 [======================>       ]  76% (83600/110000)
[Kchain 11 [=======================>      ]  77% (84700/110000)
[13A[KRunning N=2 | per-chain progress
[Kchain  0 [=======================>      ]  78% (85800/110000)
[Kchain  1 [=======================>      ]  77% (84700/110000)
[Kchain  2 [======================>       ]  76% (83600/110000)
[Kchain  3 [=======================>      ]  77% (84700/110000)
[Kchain  4 [======================>       ]  76% (83600/110000)
[Kchain  5 [=======================>      ]  77% (84700/110000)
[Kchain  6 [=======================>      ]  77% (84700/110000)
[Kchain  7 [=======================>      ]  77% (84700/110000)
[Kchain  8 [=======================>      ]  77% (84700/110000)
[Kchain  9 [=======================>      ]  77% (84700/110000)
[Kchain 10 [======================>       ]  76% (83600/110000)
[Kchain 11 [=======================>      ]  77% (84700/110000)
[13A[KRunning N=2 | per-chain progress
[Kchain  0 [=======================>      ]  78% (85800/110000)
[Kchain  1 [=======================>      ]  77% (84700/110000)
[Kchain  2 [======================>       ]  76% (83600/110000)
[Kchain  3 [=======================>      ]  77% (84700/110000)
[Kchain  4 [=======================>      ]  77% (84700/110000)
[Kchain  5 [=======================>      ]  77% (84700/110000)
[Kchain  6 [=======================>      ]  77% (84700/110000)
[Kchain  7 [=======================>      ]  77% (84700/110000)
[Kchain  8 [=======================>      ]  77% (84700/110000)
[Kchain  9 [=======================>      ]  77% (84700/110000)
[Kchain 10 [======================>       ]  76% (83600/110000)
[Kchain 11 [=======================>      ]  77% (84700/110000)
[13A[KRunning N=2 | per-chain progress
[Kchain  0 [=======================>      ]  78% (85800/110000)
[Kchain  1 [=======================>      ]  77% (84700/110000)
[Kchain  2 [======================>       ]  76% (83600/110000)
[Kchain  3 [=======================>      ]  77% (84700/110000)
[Kchain  4 [=======================>      ]  77% (84700/110000)
[Kchain  5 [=======================>      ]  77% (84700/110000)
[Kchain  6 [=======================>      ]  77% (84700/110000)
[Kchain  7 [=======================>      ]  77% (84700/110000)
[Kchain  8 [=======================>      ]  77% (84700/110000)
[Kchain  9 [=======================>      ]  77% (84700/110000)
[Kchain 10 [=======================>      ]  77% (84700/110000)
[Kchain 11 [=======================>      ]  77% (84700/110000)
[13A[KRunning N=2 | per-chain progress
[Kchain  0 [=======================>      ]  78% (85800/110000)
[Kchain  1 [=======================>      ]  77% (84700/110000)
[Kchain  2 [======================>       ]  76% (83600/110000)
[Kchain  3 [=======================>      ]  77% (84700/110000)
[Kchain  4 [=======================>      ]  77% (84700/110000)
[Kchain  5 [=======================>      ]  77% (84700/110000)
[Kchain  6 [=======================>      ]  77% (84700/110000)
[Kchain  7 [=======================>      ]  77% (84700/110000)
[Kchain  8 [=======================>      ]  77% (84700/110000)
[Kchain  9 [=======================>      ]  77% (84700/110000)
[Kchain 10 [=======================>      ]  77% (84700/110000)
[Kchain 11 [=======================>      ]  77% (84700/110000)
[13A[KRunning N=2 | per-chain progress
[Kchain  0 [=======================>      ]  78% (85800/110000)
[Kchain  1 [=======================>      ]  78% (85800/110000)
[Kchain  2 [======================>       ]  76% (83600/110000)
[Kchain  3 [=======================>      ]  77% (84700/110000)
[Kchain  4 [=======================>      ]  77% (84700/110000)
[Kchain  5 [=======================>      ]  77% (84700/110000)
[Kchain  6 [=======================>      ]  77% (84700/110000)
[Kchain  7 [=======================>      ]  77% (84700/110000)
[Kchain  8 [=======================>      ]  77% (84700/110000)
[Kchain  9 [=======================>      ]  77% (84700/110000)
[Kchain 10 [=======================>      ]  77% (84700/110000)
[Kchain 11 [=======================>      ]  77% (84700/110000)
[13A[KRunning N=2 | per-chain progress
[Kchain  0 [=======================>      ]  78% (85800/110000)
[Kchain  1 [=======================>      ]  78% (85800/110000)
[Kchain  2 [=======================>      ]  77% (84700/110000)
[Kchain  3 [=======================>      ]  77% (84700/110000)
[Kchain  4 [=======================>      ]  77% (84700/110000)
[Kchain  5 [=======================>      ]  77% (84700/110000)
[Kchain  6 [=======================>      ]  77% (84700/110000)
[Kchain  7 [=======================>      ]  77% (84700/110000)
[Kchain  8 [=======================>      ]  78% (85800/110000)
[Kchain  9 [=======================>      ]  77% (84700/110000)
[Kchain 10 [=======================>      ]  77% (84700/110000)
[Kchain 11 [=======================>      ]  77% (84700/110000)
[13A[KRunning N=2 | per-chain progress
[Kchain  0 [=======================>      ]  78% (85800/110000)
[Kchain  1 [=======================>      ]  78% (85800/110000)
[Kchain  2 [=======================>      ]  77% (84700/110000)
[Kchain  3 [=======================>      ]  77% (84700/110000)
[Kchain  4 [=======================>      ]  77% (84700/110000)
[Kchain  5 [=======================>      ]  77% (84700/110000)
[Kchain  6 [=======================>      ]  77% (84700/110000)
[Kchain  7 [=======================>      ]  77% (84700/110000)
[Kchain  8 [=======================>      ]  78% (85800/110000)
[Kchain  9 [=======================>      ]  77% (84700/110000)
[Kchain 10 [=======================>      ]  77% (84700/110000)
[Kchain 11 [=======================>      ]  77% (84700/110000)
[13A[KRunning N=2 | per-chain progress
[Kchain  0 [=======================>      ]  78% (85800/110000)
[Kchain  1 [=======================>      ]  78% (85800/110000)
[Kchain  2 [=======================>      ]  77% (84700/110000)
[Kchain  3 [=======================>      ]  78% (85800/110000)
[Kchain  4 [=======================>      ]  77% (84700/110000)
[Kchain  5 [=======================>      ]  77% (84700/110000)
[Kchain  6 [=======================>      ]  77% (84700/110000)
[Kchain  7 [=======================>      ]  77% (84700/110000)
[Kchain  8 [=======================>      ]  78% (85800/110000)
[Kchain  9 [=======================>      ]  77% (84700/110000)
[Kchain 10 [=======================>      ]  77% (84700/110000)
[Kchain 11 [=======================>      ]  77% (84700/110000)
[13A[KRunning N=2 | per-chain progress
[Kchain  0 [=======================>      ]  79% (86900/110000)
[Kchain  1 [=======================>      ]  78% (85800/110000)
[Kchain  2 [=======================>      ]  77% (84700/110000)
[Kchain  3 [=======================>      ]  78% (85800/110000)
[Kchain  4 [=======================>      ]  77% (84700/110000)
[Kchain  5 [=======================>      ]  77% (84700/110000)
[Kchain  6 [=======================>      ]  77% (84700/110000)
[Kchain  7 [=======================>      ]  77% (84700/110000)
[Kchain  8 [=======================>      ]  78% (85800/110000)
[Kchain  9 [=======================>      ]  77% (84700/110000)
[Kchain 10 [=======================>      ]  77% (84700/110000)
[Kchain 11 [=======================>      ]  77% (84700/110000)
[13A[KRunning N=2 | per-chain progress
[Kchain  0 [=======================>      ]  79% (86900/110000)
[Kchain  1 [=======================>      ]  78% (85800/110000)
[Kchain  2 [=======================>      ]  77% (84700/110000)
[Kchain  3 [=======================>      ]  78% (85800/110000)
[Kchain  4 [=======================>      ]  77% (84700/110000)
[Kchain  5 [=======================>      ]  77% (84700/110000)
[Kchain  6 [=======================>      ]  78% (85800/110000)
[Kchain  7 [=======================>      ]  78% (85800/110000)
[Kchain  8 [=======================>      ]  78% (85800/110000)
[Kchain  9 [=======================>      ]  77% (84700/110000)
[Kchain 10 [=======================>      ]  77% (84700/110000)
[Kchain 11 [=======================>      ]  77% (84700/110000)
[13A[KRunning N=2 | per-chain progress
[Kchain  0 [=======================>      ]  79% (86900/110000)
[Kchain  1 [=======================>      ]  78% (85800/110000)
[Kchain  2 [=======================>      ]  77% (84700/110000)
[Kchain  3 [=======================>      ]  78% (85800/110000)
[Kchain  4 [=======================>      ]  77% (84700/110000)
[Kchain  5 [=======================>      ]  77% (84700/110000)
[Kchain  6 [=======================>      ]  78% (85800/110000)
[Kchain  7 [=======================>      ]  78% (85800/110000)
[Kchain  8 [=======================>      ]  78% (85800/110000)
[Kchain  9 [=======================>      ]  78% (85800/110000)
[Kchain 10 [=======================>      ]  77% (84700/110000)
[Kchain 11 [=======================>      ]  77% (84700/110000)
[13A[KRunning N=2 | per-chain progress
[Kchain  0 [=======================>      ]  79% (86900/110000)
[Kchain  1 [=======================>      ]  78% (85800/110000)
[Kchain  2 [=======================>      ]  77% (84700/110000)
[Kchain  3 [=======================>      ]  78% (85800/110000)
[Kchain  4 [=======================>      ]  77% (84700/110000)
[Kchain  5 [=======================>      ]  77% (84700/110000)
[Kchain  6 [=======================>      ]  78% (85800/110000)
[Kchain  7 [=======================>      ]  78% (85800/110000)
[Kchain  8 [=======================>      ]  78% (85800/110000)
[Kchain  9 [=======================>      ]  78% (85800/110000)
[Kchain 10 [=======================>      ]  77% (84700/110000)
[Kchain 11 [=======================>      ]  78% (85800/110000)
[13A[KRunning N=2 | per-chain progress
[Kchain  0 [=======================>      ]  79% (86900/110000)
[Kchain  1 [=======================>      ]  78% (85800/110000)
[Kchain  2 [=======================>      ]  77% (84700/110000)
[Kchain  3 [=======================>      ]  78% (85800/110000)
[Kchain  4 [=======================>      ]  77% (84700/110000)
[Kchain  5 [=======================>      ]  78% (85800/110000)
[Kchain  6 [=======================>      ]  78% (85800/110000)
[Kchain  7 [=======================>      ]  78% (85800/110000)
[Kchain  8 [=======================>      ]  78% (85800/110000)
[Kchain  9 [=======================>      ]  78% (85800/110000)
[Kchain 10 [=======================>      ]  77% (84700/110000)
[Kchain 11 [=======================>      ]  78% (85800/110000)
[13A[KRunning N=2 | per-chain progress
[Kchain  0 [=======================>      ]  79% (86900/110000)
[Kchain  1 [=======================>      ]  78% (85800/110000)
[Kchain  2 [=======================>      ]  77% (84700/110000)
[Kchain  3 [=======================>      ]  78% (85800/110000)
[Kchain  4 [=======================>      ]  77% (84700/110000)
[Kchain  5 [=======================>      ]  78% (85800/110000)
[Kchain  6 [=======================>      ]  78% (85800/110000)
[Kchain  7 [=======================>      ]  78% (85800/110000)
[Kchain  8 [=======================>      ]  78% (85800/110000)
[Kchain  9 [=======================>      ]  78% (85800/110000)
[Kchain 10 [=======================>      ]  77% (84700/110000)
[Kchain 11 [=======================>      ]  78% (85800/110000)
[13A[KRunning N=2 | per-chain progress
[Kchain  0 [=======================>      ]  79% (86900/110000)
[Kchain  1 [=======================>      ]  78% (85800/110000)
[Kchain  2 [=======================>      ]  77% (84700/110000)
[Kchain  3 [=======================>      ]  78% (85800/110000)
[Kchain  4 [=======================>      ]  78% (85800/110000)
[Kchain  5 [=======================>      ]  78% (85800/110000)
[Kchain  6 [=======================>      ]  78% (85800/110000)
[Kchain  7 [=======================>      ]  78% (85800/110000)
[Kchain  8 [=======================>      ]  78% (85800/110000)
[Kchain  9 [=======================>      ]  78% (85800/110000)
[Kchain 10 [=======================>      ]  78% (85800/110000)
[Kchain 11 [=======================>      ]  78% (85800/110000)
[13A[KRunning N=2 | per-chain progress
[Kchain  0 [=======================>      ]  79% (86900/110000)
[Kchain  1 [=======================>      ]  78% (85800/110000)
[Kchain  2 [=======================>      ]  77% (84700/110000)
[Kchain  3 [=======================>      ]  78% (85800/110000)
[Kchain  4 [=======================>      ]  78% (85800/110000)
[Kchain  5 [=======================>      ]  78% (85800/110000)
[Kchain  6 [=======================>      ]  78% (85800/110000)
[Kchain  7 [=======================>      ]  78% (85800/110000)
[Kchain  8 [=======================>      ]  78% (85800/110000)
[Kchain  9 [=======================>      ]  78% (85800/110000)
[Kchain 10 [=======================>      ]  78% (85800/110000)
[Kchain 11 [=======================>      ]  78% (85800/110000)
[13A[KRunning N=2 | per-chain progress
[Kchain  0 [=======================>      ]  79% (86900/110000)
[Kchain  1 [=======================>      ]  79% (86900/110000)
[Kchain  2 [=======================>      ]  77% (84700/110000)
[Kchain  3 [=======================>      ]  78% (85800/110000)
[Kchain  4 [=======================>      ]  78% (85800/110000)
[Kchain  5 [=======================>      ]  78% (85800/110000)
[Kchain  6 [=======================>      ]  78% (85800/110000)
[Kchain  7 [=======================>      ]  78% (85800/110000)
[Kchain  8 [=======================>      ]  78% (85800/110000)
[Kchain  9 [=======================>      ]  78% (85800/110000)
[Kchain 10 [=======================>      ]  78% (85800/110000)
[Kchain 11 [=======================>      ]  78% (85800/110000)
[13A[KRunning N=2 | per-chain progress
[Kchain  0 [=======================>      ]  79% (86900/110000)
[Kchain  1 [=======================>      ]  79% (86900/110000)
[Kchain  2 [=======================>      ]  78% (85800/110000)
[Kchain  3 [=======================>      ]  78% (85800/110000)
[Kchain  4 [=======================>      ]  78% (85800/110000)
[Kchain  5 [=======================>      ]  78% (85800/110000)
[Kchain  6 [=======================>      ]  78% (85800/110000)
[Kchain  7 [=======================>      ]  78% (85800/110000)
[Kchain  8 [=======================>      ]  79% (86900/110000)
[Kchain  9 [=======================>      ]  78% (85800/110000)
[Kchain 10 [=======================>      ]  78% (85800/110000)
[Kchain 11 [=======================>      ]  78% (85800/110000)
[13A[KRunning N=2 | per-chain progress
[Kchain  0 [=======================>      ]  79% (86900/110000)
[Kchain  1 [=======================>      ]  79% (86900/110000)
[Kchain  2 [=======================>      ]  78% (85800/110000)
[Kchain  3 [=======================>      ]  78% (85800/110000)
[Kchain  4 [=======================>      ]  78% (85800/110000)
[Kchain  5 [=======================>      ]  78% (85800/110000)
[Kchain  6 [=======================>      ]  78% (85800/110000)
[Kchain  7 [=======================>      ]  78% (85800/110000)
[Kchain  8 [=======================>      ]  79% (86900/110000)
[Kchain  9 [=======================>      ]  78% (85800/110000)
[Kchain 10 [=======================>      ]  78% (85800/110000)
[Kchain 11 [=======================>      ]  78% (85800/110000)
[13A[KRunning N=2 | per-chain progress
[Kchain  0 [=======================>      ]  79% (86900/110000)
[Kchain  1 [=======================>      ]  79% (86900/110000)
[Kchain  2 [=======================>      ]  78% (85800/110000)
[Kchain  3 [=======================>      ]  79% (86900/110000)
[Kchain  4 [=======================>      ]  78% (85800/110000)
[Kchain  5 [=======================>      ]  78% (85800/110000)
[Kchain  6 [=======================>      ]  78% (85800/110000)
[Kchain  7 [=======================>      ]  78% (85800/110000)
[Kchain  8 [=======================>      ]  79% (86900/110000)
[Kchain  9 [=======================>      ]  78% (85800/110000)
[Kchain 10 [=======================>      ]  78% (85800/110000)
[Kchain 11 [=======================>      ]  78% (85800/110000)
[13A[KRunning N=2 | per-chain progress
[Kchain  0 [========================>     ]  80% (88000/110000)
[Kchain  1 [=======================>      ]  79% (86900/110000)
[Kchain  2 [=======================>      ]  78% (85800/110000)
[Kchain  3 [=======================>      ]  79% (86900/110000)
[Kchain  4 [=======================>      ]  78% (85800/110000)
[Kchain  5 [=======================>      ]  78% (85800/110000)
[Kchain  6 [=======================>      ]  78% (85800/110000)
[Kchain  7 [=======================>      ]  78% (85800/110000)
[Kchain  8 [=======================>      ]  79% (86900/110000)
[Kchain  9 [=======================>      ]  78% (85800/110000)
[Kchain 10 [=======================>      ]  78% (85800/110000)
[Kchain 11 [=======================>      ]  78% (85800/110000)
[13A[KRunning N=2 | per-chain progress
[Kchain  0 [========================>     ]  80% (88000/110000)
[Kchain  1 [=======================>      ]  79% (86900/110000)
[Kchain  2 [=======================>      ]  78% (85800/110000)
[Kchain  3 [=======================>      ]  79% (86900/110000)
[Kchain  4 [=======================>      ]  78% (85800/110000)
[Kchain  5 [=======================>      ]  78% (85800/110000)
[Kchain  6 [=======================>      ]  79% (86900/110000)
[Kchain  7 [=======================>      ]  79% (86900/110000)
[Kchain  8 [=======================>      ]  79% (86900/110000)
[Kchain  9 [=======================>      ]  78% (85800/110000)
[Kchain 10 [=======================>      ]  78% (85800/110000)
[Kchain 11 [=======================>      ]  78% (85800/110000)
[13A[KRunning N=2 | per-chain progress
[Kchain  0 [========================>     ]  80% (88000/110000)
[Kchain  1 [=======================>      ]  79% (86900/110000)
[Kchain  2 [=======================>      ]  78% (85800/110000)
[Kchain  3 [=======================>      ]  79% (86900/110000)
[Kchain  4 [=======================>      ]  78% (85800/110000)
[Kchain  5 [=======================>      ]  78% (85800/110000)
[Kchain  6 [=======================>      ]  79% (86900/110000)
[Kchain  7 [=======================>      ]  79% (86900/110000)
[Kchain  8 [=======================>      ]  79% (86900/110000)
[Kchain  9 [=======================>      ]  79% (86900/110000)
[Kchain 10 [=======================>      ]  78% (85800/110000)
[Kchain 11 [=======================>      ]  78% (85800/110000)
[13A[KRunning N=2 | per-chain progress
[Kchain  0 [========================>     ]  80% (88000/110000)
[Kchain  1 [=======================>      ]  79% (86900/110000)
[Kchain  2 [=======================>      ]  78% (85800/110000)
[Kchain  3 [=======================>      ]  79% (86900/110000)
[Kchain  4 [=======================>      ]  78% (85800/110000)
[Kchain  5 [=======================>      ]  78% (85800/110000)
[Kchain  6 [=======================>      ]  79% (86900/110000)
[Kchain  7 [=======================>      ]  79% (86900/110000)
[Kchain  8 [=======================>      ]  79% (86900/110000)
[Kchain  9 [=======================>      ]  79% (86900/110000)
[Kchain 10 [=======================>      ]  78% (85800/110000)
[Kchain 11 [=======================>      ]  79% (86900/110000)
[13A[KRunning N=2 | per-chain progress
[Kchain  0 [========================>     ]  80% (88000/110000)
[Kchain  1 [=======================>      ]  79% (86900/110000)
[Kchain  2 [=======================>      ]  78% (85800/110000)
[Kchain  3 [=======================>      ]  79% (86900/110000)
[Kchain  4 [=======================>      ]  78% (85800/110000)
[Kchain  5 [=======================>      ]  79% (86900/110000)
[Kchain  6 [=======================>      ]  79% (86900/110000)
[Kchain  7 [=======================>      ]  79% (86900/110000)
[Kchain  8 [=======================>      ]  79% (86900/110000)
[Kchain  9 [=======================>      ]  79% (86900/110000)
[Kchain 10 [=======================>      ]  78% (85800/110000)
[Kchain 11 [=======================>      ]  79% (86900/110000)
[13A[KRunning N=2 | per-chain progress
[Kchain  0 [========================>     ]  80% (88000/110000)
[Kchain  1 [=======================>      ]  79% (86900/110000)
[Kchain  2 [=======================>      ]  78% (85800/110000)
[Kchain  3 [=======================>      ]  79% (86900/110000)
[Kchain  4 [=======================>      ]  78% (85800/110000)
[Kchain  5 [=======================>      ]  79% (86900/110000)
[Kchain  6 [=======================>      ]  79% (86900/110000)
[Kchain  7 [=======================>      ]  79% (86900/110000)
[Kchain  8 [=======================>      ]  79% (86900/110000)
[Kchain  9 [=======================>      ]  79% (86900/110000)
[Kchain 10 [=======================>      ]  78% (85800/110000)
[Kchain 11 [=======================>      ]  79% (86900/110000)
[13A[KRunning N=2 | per-chain progress
[Kchain  0 [========================>     ]  80% (88000/110000)
[Kchain  1 [=======================>      ]  79% (86900/110000)
[Kchain  2 [=======================>      ]  78% (85800/110000)
[Kchain  3 [=======================>      ]  79% (86900/110000)
[Kchain  4 [=======================>      ]  79% (86900/110000)
[Kchain  5 [=======================>      ]  79% (86900/110000)
[Kchain  6 [=======================>      ]  79% (86900/110000)
[Kchain  7 [=======================>      ]  79% (86900/110000)
[Kchain  8 [=======================>      ]  79% (86900/110000)
[Kchain  9 [=======================>      ]  79% (86900/110000)
[Kchain 10 [=======================>      ]  79% (86900/110000)
[Kchain 11 [=======================>      ]  79% (86900/110000)
[13A[KRunning N=2 | per-chain progress
[Kchain  0 [========================>     ]  80% (88000/110000)
[Kchain  1 [=======================>      ]  79% (86900/110000)
[Kchain  2 [=======================>      ]  78% (85800/110000)
[Kchain  3 [=======================>      ]  79% (86900/110000)
[Kchain  4 [=======================>      ]  79% (86900/110000)
[Kchain  5 [=======================>      ]  79% (86900/110000)
[Kchain  6 [=======================>      ]  79% (86900/110000)
[Kchain  7 [=======================>      ]  79% (86900/110000)
[Kchain  8 [=======================>      ]  79% (86900/110000)
[Kchain  9 [=======================>      ]  79% (86900/110000)
[Kchain 10 [=======================>      ]  79% (86900/110000)
[Kchain 11 [=======================>      ]  79% (86900/110000)
[13A[KRunning N=2 | per-chain progress
[Kchain  0 [========================>     ]  80% (88000/110000)
[Kchain  1 [========================>     ]  80% (88000/110000)
[Kchain  2 [=======================>      ]  78% (85800/110000)
[Kchain  3 [=======================>      ]  79% (86900/110000)
[Kchain  4 [=======================>      ]  79% (86900/110000)
[Kchain  5 [=======================>      ]  79% (86900/110000)
[Kchain  6 [=======================>      ]  79% (86900/110000)
[Kchain  7 [=======================>      ]  79% (86900/110000)
[Kchain  8 [=======================>      ]  79% (86900/110000)
[Kchain  9 [=======================>      ]  79% (86900/110000)
[Kchain 10 [=======================>      ]  79% (86900/110000)
[Kchain 11 [=======================>      ]  79% (86900/110000)
[13A[KRunning N=2 | per-chain progress
[Kchain  0 [========================>     ]  80% (88000/110000)
[Kchain  1 [========================>     ]  80% (88000/110000)
[Kchain  2 [=======================>      ]  79% (86900/110000)
[Kchain  3 [=======================>      ]  79% (86900/110000)
[Kchain  4 [=======================>      ]  79% (86900/110000)
[Kchain  5 [=======================>      ]  79% (86900/110000)
[Kchain  6 [=======================>      ]  79% (86900/110000)
[Kchain  7 [=======================>      ]  79% (86900/110000)
[Kchain  8 [========================>     ]  80% (88000/110000)
[Kchain  9 [=======================>      ]  79% (86900/110000)
[Kchain 10 [=======================>      ]  79% (86900/110000)
[Kchain 11 [=======================>      ]  79% (86900/110000)
[13A[KRunning N=2 | per-chain progress
[Kchain  0 [========================>     ]  80% (88000/110000)
[Kchain  1 [========================>     ]  80% (88000/110000)
[Kchain  2 [=======================>      ]  79% (86900/110000)
[Kchain  3 [=======================>      ]  79% (86900/110000)
[Kchain  4 [=======================>      ]  79% (86900/110000)
[Kchain  5 [=======================>      ]  79% (86900/110000)
[Kchain  6 [=======================>      ]  79% (86900/110000)
[Kchain  7 [=======================>      ]  79% (86900/110000)
[Kchain  8 [========================>     ]  80% (88000/110000)
[Kchain  9 [=======================>      ]  79% (86900/110000)
[Kchain 10 [=======================>      ]  79% (86900/110000)
[Kchain 11 [=======================>      ]  79% (86900/110000)
[13A[KRunning N=2 | per-chain progress
[Kchain  0 [========================>     ]  80% (88000/110000)
[Kchain  1 [========================>     ]  80% (88000/110000)
[Kchain  2 [=======================>      ]  79% (86900/110000)
[Kchain  3 [========================>     ]  80% (88000/110000)
[Kchain  4 [=======================>      ]  79% (86900/110000)
[Kchain  5 [=======================>      ]  79% (86900/110000)
[Kchain  6 [=======================>      ]  79% (86900/110000)
[Kchain  7 [=======================>      ]  79% (86900/110000)
[Kchain  8 [========================>     ]  80% (88000/110000)
[Kchain  9 [=======================>      ]  79% (86900/110000)
[Kchain 10 [=======================>      ]  79% (86900/110000)
[Kchain 11 [=======================>      ]  79% (86900/110000)
[13A[KRunning N=2 | per-chain progress
[Kchain  0 [========================>     ]  81% (89100/110000)
[Kchain  1 [========================>     ]  80% (88000/110000)
[Kchain  2 [=======================>      ]  79% (86900/110000)
[Kchain  3 [========================>     ]  80% (88000/110000)
[Kchain  4 [=======================>      ]  79% (86900/110000)
[Kchain  5 [=======================>      ]  79% (86900/110000)
[Kchain  6 [=======================>      ]  79% (86900/110000)
[Kchain  7 [=======================>      ]  79% (86900/110000)
[Kchain  8 [========================>     ]  80% (88000/110000)
[Kchain  9 [=======================>      ]  79% (86900/110000)
[Kchain 10 [=======================>      ]  79% (86900/110000)
[Kchain 11 [=======================>      ]  79% (86900/110000)
[13A[KRunning N=2 | per-chain progress
[Kchain  0 [========================>     ]  81% (89100/110000)
[Kchain  1 [========================>     ]  80% (88000/110000)
[Kchain  2 [=======================>      ]  79% (86900/110000)
[Kchain  3 [========================>     ]  80% (88000/110000)
[Kchain  4 [=======================>      ]  79% (86900/110000)
[Kchain  5 [=======================>      ]  79% (86900/110000)
[Kchain  6 [========================>     ]  80% (88000/110000)
[Kchain  7 [========================>     ]  80% (88000/110000)
[Kchain  8 [========================>     ]  80% (88000/110000)
[Kchain  9 [=======================>      ]  79% (86900/110000)
[Kchain 10 [=======================>      ]  79% (86900/110000)
[Kchain 11 [=======================>      ]  79% (86900/110000)
[13A[KRunning N=2 | per-chain progress
[Kchain  0 [========================>     ]  81% (89100/110000)
[Kchain  1 [========================>     ]  80% (88000/110000)
[Kchain  2 [=======================>      ]  79% (86900/110000)
[Kchain  3 [========================>     ]  80% (88000/110000)
[Kchain  4 [=======================>      ]  79% (86900/110000)
[Kchain  5 [=======================>      ]  79% (86900/110000)
[Kchain  6 [========================>     ]  80% (88000/110000)
[Kchain  7 [========================>     ]  80% (88000/110000)
[Kchain  8 [========================>     ]  80% (88000/110000)
[Kchain  9 [========================>     ]  80% (88000/110000)
[Kchain 10 [=======================>      ]  79% (86900/110000)
[Kchain 11 [=======================>      ]  79% (86900/110000)
[13A[KRunning N=2 | per-chain progress
[Kchain  0 [========================>     ]  81% (89100/110000)
[Kchain  1 [========================>     ]  80% (88000/110000)
[Kchain  2 [=======================>      ]  79% (86900/110000)
[Kchain  3 [========================>     ]  80% (88000/110000)
[Kchain  4 [=======================>      ]  79% (86900/110000)
[Kchain  5 [=======================>      ]  79% (86900/110000)
[Kchain  6 [========================>     ]  80% (88000/110000)
[Kchain  7 [========================>     ]  80% (88000/110000)
[Kchain  8 [========================>     ]  80% (88000/110000)
[Kchain  9 [========================>     ]  80% (88000/110000)
[Kchain 10 [=======================>      ]  79% (86900/110000)
[Kchain 11 [========================>     ]  80% (88000/110000)
[13A[KRunning N=2 | per-chain progress
[Kchain  0 [========================>     ]  81% (89100/110000)
[Kchain  1 [========================>     ]  80% (88000/110000)
[Kchain  2 [=======================>      ]  79% (86900/110000)
[Kchain  3 [========================>     ]  80% (88000/110000)
[Kchain  4 [=======================>      ]  79% (86900/110000)
[Kchain  5 [========================>     ]  80% (88000/110000)
[Kchain  6 [========================>     ]  80% (88000/110000)
[Kchain  7 [========================>     ]  80% (88000/110000)
[Kchain  8 [========================>     ]  80% (88000/110000)
[Kchain  9 [========================>     ]  80% (88000/110000)
[Kchain 10 [=======================>      ]  79% (86900/110000)
[Kchain 11 [========================>     ]  80% (88000/110000)
[13A[KRunning N=2 | per-chain progress
[Kchain  0 [========================>     ]  81% (89100/110000)
[Kchain  1 [========================>     ]  80% (88000/110000)
[Kchain  2 [=======================>      ]  79% (86900/110000)
[Kchain  3 [========================>     ]  80% (88000/110000)
[Kchain  4 [=======================>      ]  79% (86900/110000)
[Kchain  5 [========================>     ]  80% (88000/110000)
[Kchain  6 [========================>     ]  80% (88000/110000)
[Kchain  7 [========================>     ]  80% (88000/110000)
[Kchain  8 [========================>     ]  80% (88000/110000)
[Kchain  9 [========================>     ]  80% (88000/110000)
[Kchain 10 [=======================>      ]  79% (86900/110000)
[Kchain 11 [========================>     ]  80% (88000/110000)
[13A[KRunning N=2 | per-chain progress
[Kchain  0 [========================>     ]  81% (89100/110000)
[Kchain  1 [========================>     ]  80% (88000/110000)
[Kchain  2 [=======================>      ]  79% (86900/110000)
[Kchain  3 [========================>     ]  80% (88000/110000)
[Kchain  4 [========================>     ]  80% (88000/110000)
[Kchain  5 [========================>     ]  80% (88000/110000)
[Kchain  6 [========================>     ]  80% (88000/110000)
[Kchain  7 [========================>     ]  80% (88000/110000)
[Kchain  8 [========================>     ]  80% (88000/110000)
[Kchain  9 [========================>     ]  80% (88000/110000)
[Kchain 10 [========================>     ]  80% (88000/110000)
[Kchain 11 [========================>     ]  80% (88000/110000)
[13A[KRunning N=2 | per-chain progress
[Kchain  0 [========================>     ]  81% (89100/110000)
[Kchain  1 [========================>     ]  80% (88000/110000)
[Kchain  2 [=======================>      ]  79% (86900/110000)
[Kchain  3 [========================>     ]  80% (88000/110000)
[Kchain  4 [========================>     ]  80% (88000/110000)
[Kchain  5 [========================>     ]  80% (88000/110000)
[Kchain  6 [========================>     ]  80% (88000/110000)
[Kchain  7 [========================>     ]  80% (88000/110000)
[Kchain  8 [========================>     ]  80% (88000/110000)
[Kchain  9 [========================>     ]  80% (88000/110000)
[Kchain 10 [========================>     ]  80% (88000/110000)
[Kchain 11 [========================>     ]  80% (88000/110000)
[13A[KRunning N=2 | per-chain progress
[Kchain  0 [========================>     ]  81% (89100/110000)
[Kchain  1 [========================>     ]  81% (89100/110000)
[Kchain  2 [=======================>      ]  79% (86900/110000)
[Kchain  3 [========================>     ]  80% (88000/110000)
[Kchain  4 [========================>     ]  80% (88000/110000)
[Kchain  5 [========================>     ]  80% (88000/110000)
[Kchain  6 [========================>     ]  80% (88000/110000)
[Kchain  7 [========================>     ]  80% (88000/110000)
[Kchain  8 [========================>     ]  80% (88000/110000)
[Kchain  9 [========================>     ]  80% (88000/110000)
[Kchain 10 [========================>     ]  80% (88000/110000)
[Kchain 11 [========================>     ]  80% (88000/110000)
[13A[KRunning N=2 | per-chain progress
[Kchain  0 [========================>     ]  81% (89100/110000)
[Kchain  1 [========================>     ]  81% (89100/110000)
[Kchain  2 [========================>     ]  80% (88000/110000)
[Kchain  3 [========================>     ]  80% (88000/110000)
[Kchain  4 [========================>     ]  80% (88000/110000)
[Kchain  5 [========================>     ]  80% (88000/110000)
[Kchain  6 [========================>     ]  80% (88000/110000)
[Kchain  7 [========================>     ]  80% (88000/110000)
[Kchain  8 [========================>     ]  81% (89100/110000)
[Kchain  9 [========================>     ]  80% (88000/110000)
[Kchain 10 [========================>     ]  80% (88000/110000)
[Kchain 11 [========================>     ]  80% (88000/110000)
[13A[KRunning N=2 | per-chain progress
[Kchain  0 [========================>     ]  81% (89100/110000)
[Kchain  1 [========================>     ]  81% (89100/110000)
[Kchain  2 [========================>     ]  80% (88000/110000)
[Kchain  3 [========================>     ]  80% (88000/110000)
[Kchain  4 [========================>     ]  80% (88000/110000)
[Kchain  5 [========================>     ]  80% (88000/110000)
[Kchain  6 [========================>     ]  80% (88000/110000)
[Kchain  7 [========================>     ]  80% (88000/110000)
[Kchain  8 [========================>     ]  81% (89100/110000)
[Kchain  9 [========================>     ]  80% (88000/110000)
[Kchain 10 [========================>     ]  80% (88000/110000)
[Kchain 11 [========================>     ]  80% (88000/110000)
[13A[KRunning N=2 | per-chain progress
[Kchain  0 [========================>     ]  81% (89100/110000)
[Kchain  1 [========================>     ]  81% (89100/110000)
[Kchain  2 [========================>     ]  80% (88000/110000)
[Kchain  3 [========================>     ]  81% (89100/110000)
[Kchain  4 [========================>     ]  80% (88000/110000)
[Kchain  5 [========================>     ]  80% (88000/110000)
[Kchain  6 [========================>     ]  80% (88000/110000)
[Kchain  7 [========================>     ]  80% (88000/110000)
[Kchain  8 [========================>     ]  81% (89100/110000)
[Kchain  9 [========================>     ]  80% (88000/110000)
[Kchain 10 [========================>     ]  80% (88000/110000)
[Kchain 11 [========================>     ]  80% (88000/110000)
[13A[KRunning N=2 | per-chain progress
[Kchain  0 [========================>     ]  82% (90200/110000)
[Kchain  1 [========================>     ]  81% (89100/110000)
[Kchain  2 [========================>     ]  80% (88000/110000)
[Kchain  3 [========================>     ]  81% (89100/110000)
[Kchain  4 [========================>     ]  80% (88000/110000)
[Kchain  5 [========================>     ]  80% (88000/110000)
[Kchain  6 [========================>     ]  80% (88000/110000)
[Kchain  7 [========================>     ]  80% (88000/110000)
[Kchain  8 [========================>     ]  81% (89100/110000)
[Kchain  9 [========================>     ]  80% (88000/110000)
[Kchain 10 [========================>     ]  80% (88000/110000)
[Kchain 11 [========================>     ]  80% (88000/110000)
[13A[KRunning N=2 | per-chain progress
[Kchain  0 [========================>     ]  82% (90200/110000)
[Kchain  1 [========================>     ]  81% (89100/110000)
[Kchain  2 [========================>     ]  80% (88000/110000)
[Kchain  3 [========================>     ]  81% (89100/110000)
[Kchain  4 [========================>     ]  80% (88000/110000)
[Kchain  5 [========================>     ]  80% (88000/110000)
[Kchain  6 [========================>     ]  81% (89100/110000)
[Kchain  7 [========================>     ]  81% (89100/110000)
[Kchain  8 [========================>     ]  81% (89100/110000)
[Kchain  9 [========================>     ]  80% (88000/110000)
[Kchain 10 [========================>     ]  80% (88000/110000)
[Kchain 11 [========================>     ]  80% (88000/110000)
[13A[KRunning N=2 | per-chain progress
[Kchain  0 [========================>     ]  82% (90200/110000)
[Kchain  1 [========================>     ]  81% (89100/110000)
[Kchain  2 [========================>     ]  80% (88000/110000)
[Kchain  3 [========================>     ]  81% (89100/110000)
[Kchain  4 [========================>     ]  80% (88000/110000)
[Kchain  5 [========================>     ]  80% (88000/110000)
[Kchain  6 [========================>     ]  81% (89100/110000)
[Kchain  7 [========================>     ]  81% (89100/110000)
[Kchain  8 [========================>     ]  81% (89100/110000)
[Kchain  9 [========================>     ]  81% (89100/110000)
[Kchain 10 [========================>     ]  80% (88000/110000)
[Kchain 11 [========================>     ]  80% (88000/110000)
[13A[KRunning N=2 | per-chain progress
[Kchain  0 [========================>     ]  82% (90200/110000)
[Kchain  1 [========================>     ]  81% (89100/110000)
[Kchain  2 [========================>     ]  80% (88000/110000)
[Kchain  3 [========================>     ]  81% (89100/110000)
[Kchain  4 [========================>     ]  80% (88000/110000)
[Kchain  5 [========================>     ]  80% (88000/110000)
[Kchain  6 [========================>     ]  81% (89100/110000)
[Kchain  7 [========================>     ]  81% (89100/110000)
[Kchain  8 [========================>     ]  81% (89100/110000)
[Kchain  9 [========================>     ]  81% (89100/110000)
[Kchain 10 [========================>     ]  80% (88000/110000)
[Kchain 11 [========================>     ]  81% (89100/110000)
[13A[KRunning N=2 | per-chain progress
[Kchain  0 [========================>     ]  82% (90200/110000)
[Kchain  1 [========================>     ]  81% (89100/110000)
[Kchain  2 [========================>     ]  80% (88000/110000)
[Kchain  3 [========================>     ]  81% (89100/110000)
[Kchain  4 [========================>     ]  80% (88000/110000)
[Kchain  5 [========================>     ]  80% (88000/110000)
[Kchain  6 [========================>     ]  81% (89100/110000)
[Kchain  7 [========================>     ]  81% (89100/110000)
[Kchain  8 [========================>     ]  81% (89100/110000)
[Kchain  9 [========================>     ]  81% (89100/110000)
[Kchain 10 [========================>     ]  80% (88000/110000)
[Kchain 11 [========================>     ]  81% (89100/110000)
[13A[KRunning N=2 | per-chain progress
[Kchain  0 [========================>     ]  82% (90200/110000)
[Kchain  1 [========================>     ]  81% (89100/110000)
[Kchain  2 [========================>     ]  80% (88000/110000)
[Kchain  3 [========================>     ]  81% (89100/110000)
[Kchain  4 [========================>     ]  80% (88000/110000)
[Kchain  5 [========================>     ]  81% (89100/110000)
[Kchain  6 [========================>     ]  81% (89100/110000)
[Kchain  7 [========================>     ]  81% (89100/110000)
[Kchain  8 [========================>     ]  81% (89100/110000)
[Kchain  9 [========================>     ]  81% (89100/110000)
[Kchain 10 [========================>     ]  80% (88000/110000)
[Kchain 11 [========================>     ]  81% (89100/110000)
[13A[KRunning N=2 | per-chain progress
[Kchain  0 [========================>     ]  82% (90200/110000)
[Kchain  1 [========================>     ]  81% (89100/110000)
[Kchain  2 [========================>     ]  80% (88000/110000)
[Kchain  3 [========================>     ]  81% (89100/110000)
[Kchain  4 [========================>     ]  81% (89100/110000)
[Kchain  5 [========================>     ]  81% (89100/110000)
[Kchain  6 [========================>     ]  81% (89100/110000)
[Kchain  7 [========================>     ]  81% (89100/110000)
[Kchain  8 [========================>     ]  81% (89100/110000)
[Kchain  9 [========================>     ]  81% (89100/110000)
[Kchain 10 [========================>     ]  81% (89100/110000)
[Kchain 11 [========================>     ]  81% (89100/110000)
[13A[KRunning N=2 | per-chain progress
[Kchain  0 [========================>     ]  82% (90200/110000)
[Kchain  1 [========================>     ]  81% (89100/110000)
[Kchain  2 [========================>     ]  80% (88000/110000)
[Kchain  3 [========================>     ]  81% (89100/110000)
[Kchain  4 [========================>     ]  81% (89100/110000)
[Kchain  5 [========================>     ]  81% (89100/110000)
[Kchain  6 [========================>     ]  81% (89100/110000)
[Kchain  7 [========================>     ]  81% (89100/110000)
[Kchain  8 [========================>     ]  81% (89100/110000)
[Kchain  9 [========================>     ]  81% (89100/110000)
[Kchain 10 [========================>     ]  81% (89100/110000)
[Kchain 11 [========================>     ]  81% (89100/110000)
[13A[KRunning N=2 | per-chain progress
[Kchain  0 [========================>     ]  82% (90200/110000)
[Kchain  1 [========================>     ]  82% (90200/110000)
[Kchain  2 [========================>     ]  80% (88000/110000)
[Kchain  3 [========================>     ]  81% (89100/110000)
[Kchain  4 [========================>     ]  81% (89100/110000)
[Kchain  5 [========================>     ]  81% (89100/110000)
[Kchain  6 [========================>     ]  81% (89100/110000)
[Kchain  7 [========================>     ]  81% (89100/110000)
[Kchain  8 [========================>     ]  81% (89100/110000)
[Kchain  9 [========================>     ]  81% (89100/110000)
[Kchain 10 [========================>     ]  81% (89100/110000)
[Kchain 11 [========================>     ]  81% (89100/110000)
[13A[KRunning N=2 | per-chain progress
[Kchain  0 [========================>     ]  82% (90200/110000)
[Kchain  1 [========================>     ]  82% (90200/110000)
[Kchain  2 [========================>     ]  81% (89100/110000)
[Kchain  3 [========================>     ]  81% (89100/110000)
[Kchain  4 [========================>     ]  81% (89100/110000)
[Kchain  5 [========================>     ]  81% (89100/110000)
[Kchain  6 [========================>     ]  81% (89100/110000)
[Kchain  7 [========================>     ]  81% (89100/110000)
[Kchain  8 [========================>     ]  82% (90200/110000)
[Kchain  9 [========================>     ]  81% (89100/110000)
[Kchain 10 [========================>     ]  81% (89100/110000)
[Kchain 11 [========================>     ]  81% (89100/110000)
[13A[KRunning N=2 | per-chain progress
[Kchain  0 [========================>     ]  82% (90200/110000)
[Kchain  1 [========================>     ]  82% (90200/110000)
[Kchain  2 [========================>     ]  81% (89100/110000)
[Kchain  3 [========================>     ]  81% (89100/110000)
[Kchain  4 [========================>     ]  81% (89100/110000)
[Kchain  5 [========================>     ]  81% (89100/110000)
[Kchain  6 [========================>     ]  81% (89100/110000)
[Kchain  7 [========================>     ]  81% (89100/110000)
[Kchain  8 [========================>     ]  82% (90200/110000)
[Kchain  9 [========================>     ]  81% (89100/110000)
[Kchain 10 [========================>     ]  81% (89100/110000)
[Kchain 11 [========================>     ]  81% (89100/110000)
[13A[KRunning N=2 | per-chain progress
[Kchain  0 [========================>     ]  82% (90200/110000)
[Kchain  1 [========================>     ]  82% (90200/110000)
[Kchain  2 [========================>     ]  81% (89100/110000)
[Kchain  3 [========================>     ]  82% (90200/110000)
[Kchain  4 [========================>     ]  81% (89100/110000)
[Kchain  5 [========================>     ]  81% (89100/110000)
[Kchain  6 [========================>     ]  81% (89100/110000)
[Kchain  7 [========================>     ]  81% (89100/110000)
[Kchain  8 [========================>     ]  82% (90200/110000)
[Kchain  9 [========================>     ]  81% (89100/110000)
[Kchain 10 [========================>     ]  81% (89100/110000)
[Kchain 11 [========================>     ]  81% (89100/110000)
[13A[KRunning N=2 | per-chain progress
[Kchain  0 [========================>     ]  83% (91300/110000)
[Kchain  1 [========================>     ]  82% (90200/110000)
[Kchain  2 [========================>     ]  81% (89100/110000)
[Kchain  3 [========================>     ]  82% (90200/110000)
[Kchain  4 [========================>     ]  81% (89100/110000)
[Kchain  5 [========================>     ]  81% (89100/110000)
[Kchain  6 [========================>     ]  82% (90200/110000)
[Kchain  7 [========================>     ]  81% (89100/110000)
[Kchain  8 [========================>     ]  82% (90200/110000)
[Kchain  9 [========================>     ]  81% (89100/110000)
[Kchain 10 [========================>     ]  81% (89100/110000)
[Kchain 11 [========================>     ]  81% (89100/110000)
[13A[KRunning N=2 | per-chain progress
[Kchain  0 [========================>     ]  83% (91300/110000)
[Kchain  1 [========================>     ]  82% (90200/110000)
[Kchain  2 [========================>     ]  81% (89100/110000)
[Kchain  3 [========================>     ]  82% (90200/110000)
[Kchain  4 [========================>     ]  81% (89100/110000)
[Kchain  5 [========================>     ]  81% (89100/110000)
[Kchain  6 [========================>     ]  82% (90200/110000)
[Kchain  7 [========================>     ]  82% (90200/110000)
[Kchain  8 [========================>     ]  82% (90200/110000)
[Kchain  9 [========================>     ]  81% (89100/110000)
[Kchain 10 [========================>     ]  81% (89100/110000)
[Kchain 11 [========================>     ]  81% (89100/110000)
[13A[KRunning N=2 | per-chain progress
[Kchain  0 [========================>     ]  83% (91300/110000)
[Kchain  1 [========================>     ]  82% (90200/110000)
[Kchain  2 [========================>     ]  81% (89100/110000)
[Kchain  3 [========================>     ]  82% (90200/110000)
[Kchain  4 [========================>     ]  81% (89100/110000)
[Kchain  5 [========================>     ]  81% (89100/110000)
[Kchain  6 [========================>     ]  82% (90200/110000)
[Kchain  7 [========================>     ]  82% (90200/110000)
[Kchain  8 [========================>     ]  82% (90200/110000)
[Kchain  9 [========================>     ]  82% (90200/110000)
[Kchain 10 [========================>     ]  81% (89100/110000)
[Kchain 11 [========================>     ]  81% (89100/110000)
[13A[KRunning N=2 | per-chain progress
[Kchain  0 [========================>     ]  83% (91300/110000)
[Kchain  1 [========================>     ]  82% (90200/110000)
[Kchain  2 [========================>     ]  81% (89100/110000)
[Kchain  3 [========================>     ]  82% (90200/110000)
[Kchain  4 [========================>     ]  81% (89100/110000)
[Kchain  5 [========================>     ]  81% (89100/110000)
[Kchain  6 [========================>     ]  82% (90200/110000)
[Kchain  7 [========================>     ]  82% (90200/110000)
[Kchain  8 [========================>     ]  82% (90200/110000)
[Kchain  9 [========================>     ]  82% (90200/110000)
[Kchain 10 [========================>     ]  81% (89100/110000)
[Kchain 11 [========================>     ]  82% (90200/110000)
[13A[KRunning N=2 | per-chain progress
[Kchain  0 [========================>     ]  83% (91300/110000)
[Kchain  1 [========================>     ]  82% (90200/110000)
[Kchain  2 [========================>     ]  81% (89100/110000)
[Kchain  3 [========================>     ]  82% (90200/110000)
[Kchain  4 [========================>     ]  81% (89100/110000)
[Kchain  5 [========================>     ]  81% (89100/110000)
[Kchain  6 [========================>     ]  82% (90200/110000)
[Kchain  7 [========================>     ]  82% (90200/110000)
[Kchain  8 [========================>     ]  82% (90200/110000)
[Kchain  9 [========================>     ]  82% (90200/110000)
[Kchain 10 [========================>     ]  81% (89100/110000)
[Kchain 11 [========================>     ]  82% (90200/110000)
[13A[KRunning N=2 | per-chain progress
[Kchain  0 [========================>     ]  83% (91300/110000)
[Kchain  1 [========================>     ]  82% (90200/110000)
[Kchain  2 [========================>     ]  81% (89100/110000)
[Kchain  3 [========================>     ]  82% (90200/110000)
[Kchain  4 [========================>     ]  81% (89100/110000)
[Kchain  5 [========================>     ]  82% (90200/110000)
[Kchain  6 [========================>     ]  82% (90200/110000)
[Kchain  7 [========================>     ]  82% (90200/110000)
[Kchain  8 [========================>     ]  82% (90200/110000)
[Kchain  9 [========================>     ]  82% (90200/110000)
[Kchain 10 [========================>     ]  81% (89100/110000)
[Kchain 11 [========================>     ]  82% (90200/110000)
[13A[KRunning N=2 | per-chain progress
[Kchain  0 [========================>     ]  83% (91300/110000)
[Kchain  1 [========================>     ]  82% (90200/110000)
[Kchain  2 [========================>     ]  81% (89100/110000)
[Kchain  3 [========================>     ]  82% (90200/110000)
[Kchain  4 [========================>     ]  82% (90200/110000)
[Kchain  5 [========================>     ]  82% (90200/110000)
[Kchain  6 [========================>     ]  82% (90200/110000)
[Kchain  7 [========================>     ]  82% (90200/110000)
[Kchain  8 [========================>     ]  82% (90200/110000)
[Kchain  9 [========================>     ]  82% (90200/110000)
[Kchain 10 [========================>     ]  82% (90200/110000)
[Kchain 11 [========================>     ]  82% (90200/110000)
[13A[KRunning N=2 | per-chain progress
[Kchain  0 [========================>     ]  83% (91300/110000)
[Kchain  1 [========================>     ]  82% (90200/110000)
[Kchain  2 [========================>     ]  81% (89100/110000)
[Kchain  3 [========================>     ]  82% (90200/110000)
[Kchain  4 [========================>     ]  82% (90200/110000)
[Kchain  5 [========================>     ]  82% (90200/110000)
[Kchain  6 [========================>     ]  82% (90200/110000)
[Kchain  7 [========================>     ]  82% (90200/110000)
[Kchain  8 [========================>     ]  82% (90200/110000)
[Kchain  9 [========================>     ]  82% (90200/110000)
[Kchain 10 [========================>     ]  82% (90200/110000)
[Kchain 11 [========================>     ]  82% (90200/110000)
[13A[KRunning N=2 | per-chain progress
[Kchain  0 [========================>     ]  83% (91300/110000)
[Kchain  1 [========================>     ]  83% (91300/110000)
[Kchain  2 [========================>     ]  81% (89100/110000)
[Kchain  3 [========================>     ]  82% (90200/110000)
[Kchain  4 [========================>     ]  82% (90200/110000)
[Kchain  5 [========================>     ]  82% (90200/110000)
[Kchain  6 [========================>     ]  82% (90200/110000)
[Kchain  7 [========================>     ]  82% (90200/110000)
[Kchain  8 [========================>     ]  82% (90200/110000)
[Kchain  9 [========================>     ]  82% (90200/110000)
[Kchain 10 [========================>     ]  82% (90200/110000)
[Kchain 11 [========================>     ]  82% (90200/110000)
[13A[KRunning N=2 | per-chain progress
[Kchain  0 [========================>     ]  83% (91300/110000)
[Kchain  1 [========================>     ]  83% (91300/110000)
[Kchain  2 [========================>     ]  82% (90200/110000)
[Kchain  3 [========================>     ]  82% (90200/110000)
[Kchain  4 [========================>     ]  82% (90200/110000)
[Kchain  5 [========================>     ]  82% (90200/110000)
[Kchain  6 [========================>     ]  82% (90200/110000)
[Kchain  7 [========================>     ]  82% (90200/110000)
[Kchain  8 [========================>     ]  83% (91300/110000)
[Kchain  9 [========================>     ]  82% (90200/110000)
[Kchain 10 [========================>     ]  82% (90200/110000)
[Kchain 11 [========================>     ]  82% (90200/110000)
[13A[KRunning N=2 | per-chain progress
[Kchain  0 [========================>     ]  83% (91300/110000)
[Kchain  1 [========================>     ]  83% (91300/110000)
[Kchain  2 [========================>     ]  82% (90200/110000)
[Kchain  3 [========================>     ]  82% (90200/110000)
[Kchain  4 [========================>     ]  82% (90200/110000)
[Kchain  5 [========================>     ]  82% (90200/110000)
[Kchain  6 [========================>     ]  82% (90200/110000)
[Kchain  7 [========================>     ]  82% (90200/110000)
[Kchain  8 [========================>     ]  83% (91300/110000)
[Kchain  9 [========================>     ]  82% (90200/110000)
[Kchain 10 [========================>     ]  82% (90200/110000)
[Kchain 11 [========================>     ]  82% (90200/110000)
[13A[KRunning N=2 | per-chain progress
[Kchain  0 [========================>     ]  83% (91300/110000)
[Kchain  1 [========================>     ]  83% (91300/110000)
[Kchain  2 [========================>     ]  82% (90200/110000)
[Kchain  3 [========================>     ]  83% (91300/110000)
[Kchain  4 [========================>     ]  82% (90200/110000)
[Kchain  5 [========================>     ]  82% (90200/110000)
[Kchain  6 [========================>     ]  82% (90200/110000)
[Kchain  7 [========================>     ]  82% (90200/110000)
[Kchain  8 [========================>     ]  83% (91300/110000)
[Kchain  9 [========================>     ]  82% (90200/110000)
[Kchain 10 [========================>     ]  82% (90200/110000)
[Kchain 11 [========================>     ]  82% (90200/110000)
[13A[KRunning N=2 | per-chain progress
[Kchain  0 [=========================>    ]  84% (92400/110000)
[Kchain  1 [========================>     ]  83% (91300/110000)
[Kchain  2 [========================>     ]  82% (90200/110000)
[Kchain  3 [========================>     ]  83% (91300/110000)
[Kchain  4 [========================>     ]  82% (90200/110000)
[Kchain  5 [========================>     ]  82% (90200/110000)
[Kchain  6 [========================>     ]  83% (91300/110000)
[Kchain  7 [========================>     ]  82% (90200/110000)
[Kchain  8 [========================>     ]  83% (91300/110000)
[Kchain  9 [========================>     ]  82% (90200/110000)
[Kchain 10 [========================>     ]  82% (90200/110000)
[Kchain 11 [========================>     ]  82% (90200/110000)
[13A[KRunning N=2 | per-chain progress
[Kchain  0 [=========================>    ]  84% (92400/110000)
[Kchain  1 [========================>     ]  83% (91300/110000)
[Kchain  2 [========================>     ]  82% (90200/110000)
[Kchain  3 [========================>     ]  83% (91300/110000)
[Kchain  4 [========================>     ]  82% (90200/110000)
[Kchain  5 [========================>     ]  82% (90200/110000)
[Kchain  6 [========================>     ]  83% (91300/110000)
[Kchain  7 [========================>     ]  83% (91300/110000)
[Kchain  8 [========================>     ]  83% (91300/110000)
[Kchain  9 [========================>     ]  82% (90200/110000)
[Kchain 10 [========================>     ]  82% (90200/110000)
[Kchain 11 [========================>     ]  82% (90200/110000)
[13A[KRunning N=2 | per-chain progress
[Kchain  0 [=========================>    ]  84% (92400/110000)
[Kchain  1 [========================>     ]  83% (91300/110000)
[Kchain  2 [========================>     ]  82% (90200/110000)
[Kchain  3 [========================>     ]  83% (91300/110000)
[Kchain  4 [========================>     ]  82% (90200/110000)
[Kchain  5 [========================>     ]  82% (90200/110000)
[Kchain  6 [========================>     ]  83% (91300/110000)
[Kchain  7 [========================>     ]  83% (91300/110000)
[Kchain  8 [========================>     ]  83% (91300/110000)
[Kchain  9 [========================>     ]  83% (91300/110000)
[Kchain 10 [========================>     ]  82% (90200/110000)
[Kchain 11 [========================>     ]  82% (90200/110000)
[13A[KRunning N=2 | per-chain progress
[Kchain  0 [=========================>    ]  84% (92400/110000)
[Kchain  1 [========================>     ]  83% (91300/110000)
[Kchain  2 [========================>     ]  82% (90200/110000)
[Kchain  3 [========================>     ]  83% (91300/110000)
[Kchain  4 [========================>     ]  82% (90200/110000)
[Kchain  5 [========================>     ]  82% (90200/110000)
[Kchain  6 [========================>     ]  83% (91300/110000)
[Kchain  7 [========================>     ]  83% (91300/110000)
[Kchain  8 [========================>     ]  83% (91300/110000)
[Kchain  9 [========================>     ]  83% (91300/110000)
[Kchain 10 [========================>     ]  82% (90200/110000)
[Kchain 11 [========================>     ]  83% (91300/110000)
[13A[KRunning N=2 | per-chain progress
[Kchain  0 [=========================>    ]  84% (92400/110000)
[Kchain  1 [========================>     ]  83% (91300/110000)
[Kchain  2 [========================>     ]  82% (90200/110000)
[Kchain  3 [========================>     ]  83% (91300/110000)
[Kchain  4 [========================>     ]  82% (90200/110000)
[Kchain  5 [========================>     ]  82% (90200/110000)
[Kchain  6 [========================>     ]  83% (91300/110000)
[Kchain  7 [========================>     ]  83% (91300/110000)
[Kchain  8 [========================>     ]  83% (91300/110000)
[Kchain  9 [========================>     ]  83% (91300/110000)
[Kchain 10 [========================>     ]  82% (90200/110000)
[Kchain 11 [========================>     ]  83% (91300/110000)
[13A[KRunning N=2 | per-chain progress
[Kchain  0 [=========================>    ]  84% (92400/110000)
[Kchain  1 [========================>     ]  83% (91300/110000)
[Kchain  2 [========================>     ]  82% (90200/110000)
[Kchain  3 [========================>     ]  83% (91300/110000)
[Kchain  4 [========================>     ]  82% (90200/110000)
[Kchain  5 [========================>     ]  83% (91300/110000)
[Kchain  6 [========================>     ]  83% (91300/110000)
[Kchain  7 [========================>     ]  83% (91300/110000)
[Kchain  8 [========================>     ]  83% (91300/110000)
[Kchain  9 [========================>     ]  83% (91300/110000)
[Kchain 10 [========================>     ]  82% (90200/110000)
[Kchain 11 [========================>     ]  83% (91300/110000)
[13A[KRunning N=2 | per-chain progress
[Kchain  0 [=========================>    ]  84% (92400/110000)
[Kchain  1 [========================>     ]  83% (91300/110000)
[Kchain  2 [========================>     ]  82% (90200/110000)
[Kchain  3 [========================>     ]  83% (91300/110000)
[Kchain  4 [========================>     ]  83% (91300/110000)
[Kchain  5 [========================>     ]  83% (91300/110000)
[Kchain  6 [========================>     ]  83% (91300/110000)
[Kchain  7 [========================>     ]  83% (91300/110000)
[Kchain  8 [========================>     ]  83% (91300/110000)
[Kchain  9 [========================>     ]  83% (91300/110000)
[Kchain 10 [========================>     ]  83% (91300/110000)
[Kchain 11 [========================>     ]  83% (91300/110000)
[13A[KRunning N=2 | per-chain progress
[Kchain  0 [=========================>    ]  84% (92400/110000)
[Kchain  1 [========================>     ]  83% (91300/110000)
[Kchain  2 [========================>     ]  82% (90200/110000)
[Kchain  3 [========================>     ]  83% (91300/110000)
[Kchain  4 [========================>     ]  83% (91300/110000)
[Kchain  5 [========================>     ]  83% (91300/110000)
[Kchain  6 [========================>     ]  83% (91300/110000)
[Kchain  7 [========================>     ]  83% (91300/110000)
[Kchain  8 [========================>     ]  83% (91300/110000)
[Kchain  9 [========================>     ]  83% (91300/110000)
[Kchain 10 [========================>     ]  83% (91300/110000)
[Kchain 11 [========================>     ]  83% (91300/110000)
[13A[KRunning N=2 | per-chain progress
[Kchain  0 [=========================>    ]  84% (92400/110000)
[Kchain  1 [=========================>    ]  84% (92400/110000)
[Kchain  2 [========================>     ]  82% (90200/110000)
[Kchain  3 [========================>     ]  83% (91300/110000)
[Kchain  4 [========================>     ]  83% (91300/110000)
[Kchain  5 [========================>     ]  83% (91300/110000)
[Kchain  6 [========================>     ]  83% (91300/110000)
[Kchain  7 [========================>     ]  83% (91300/110000)
[Kchain  8 [========================>     ]  83% (91300/110000)
[Kchain  9 [========================>     ]  83% (91300/110000)
[Kchain 10 [========================>     ]  83% (91300/110000)
[Kchain 11 [========================>     ]  83% (91300/110000)
[13A[KRunning N=2 | per-chain progress
[Kchain  0 [=========================>    ]  84% (92400/110000)
[Kchain  1 [=========================>    ]  84% (92400/110000)
[Kchain  2 [========================>     ]  83% (91300/110000)
[Kchain  3 [========================>     ]  83% (91300/110000)
[Kchain  4 [========================>     ]  83% (91300/110000)
[Kchain  5 [========================>     ]  83% (91300/110000)
[Kchain  6 [========================>     ]  83% (91300/110000)
[Kchain  7 [========================>     ]  83% (91300/110000)
[Kchain  8 [=========================>    ]  84% (92400/110000)
[Kchain  9 [========================>     ]  83% (91300/110000)
[Kchain 10 [========================>     ]  83% (91300/110000)
[Kchain 11 [========================>     ]  83% (91300/110000)
[13A[KRunning N=2 | per-chain progress
[Kchain  0 [=========================>    ]  84% (92400/110000)
[Kchain  1 [=========================>    ]  84% (92400/110000)
[Kchain  2 [========================>     ]  83% (91300/110000)
[Kchain  3 [========================>     ]  83% (91300/110000)
[Kchain  4 [========================>     ]  83% (91300/110000)
[Kchain  5 [========================>     ]  83% (91300/110000)
[Kchain  6 [========================>     ]  83% (91300/110000)
[Kchain  7 [========================>     ]  83% (91300/110000)
[Kchain  8 [=========================>    ]  84% (92400/110000)
[Kchain  9 [========================>     ]  83% (91300/110000)
[Kchain 10 [========================>     ]  83% (91300/110000)
[Kchain 11 [========================>     ]  83% (91300/110000)
[13A[KRunning N=2 | per-chain progress
[Kchain  0 [=========================>    ]  84% (92400/110000)
[Kchain  1 [=========================>    ]  84% (92400/110000)
[Kchain  2 [========================>     ]  83% (91300/110000)
[Kchain  3 [=========================>    ]  84% (92400/110000)
[Kchain  4 [========================>     ]  83% (91300/110000)
[Kchain  5 [========================>     ]  83% (91300/110000)
[Kchain  6 [========================>     ]  83% (91300/110000)
[Kchain  7 [========================>     ]  83% (91300/110000)
[Kchain  8 [=========================>    ]  84% (92400/110000)
[Kchain  9 [========================>     ]  83% (91300/110000)
[Kchain 10 [========================>     ]  83% (91300/110000)
[Kchain 11 [========================>     ]  83% (91300/110000)
[13A[KRunning N=2 | per-chain progress
[Kchain  0 [=========================>    ]  85% (93500/110000)
[Kchain  1 [=========================>    ]  84% (92400/110000)
[Kchain  2 [========================>     ]  83% (91300/110000)
[Kchain  3 [=========================>    ]  84% (92400/110000)
[Kchain  4 [========================>     ]  83% (91300/110000)
[Kchain  5 [========================>     ]  83% (91300/110000)
[Kchain  6 [========================>     ]  83% (91300/110000)
[Kchain  7 [========================>     ]  83% (91300/110000)
[Kchain  8 [=========================>    ]  84% (92400/110000)
[Kchain  9 [========================>     ]  83% (91300/110000)
[Kchain 10 [========================>     ]  83% (91300/110000)
[Kchain 11 [========================>     ]  83% (91300/110000)
[13A[KRunning N=2 | per-chain progress
[Kchain  0 [=========================>    ]  85% (93500/110000)
[Kchain  1 [=========================>    ]  84% (92400/110000)
[Kchain  2 [========================>     ]  83% (91300/110000)
[Kchain  3 [=========================>    ]  84% (92400/110000)
[Kchain  4 [========================>     ]  83% (91300/110000)
[Kchain  5 [========================>     ]  83% (91300/110000)
[Kchain  6 [=========================>    ]  84% (92400/110000)
[Kchain  7 [=========================>    ]  84% (92400/110000)
[Kchain  8 [=========================>    ]  84% (92400/110000)
[Kchain  9 [========================>     ]  83% (91300/110000)
[Kchain 10 [========================>     ]  83% (91300/110000)
[Kchain 11 [========================>     ]  83% (91300/110000)
[13A[KRunning N=2 | per-chain progress
[Kchain  0 [=========================>    ]  85% (93500/110000)
[Kchain  1 [=========================>    ]  84% (92400/110000)
[Kchain  2 [========================>     ]  83% (91300/110000)
[Kchain  3 [=========================>    ]  84% (92400/110000)
[Kchain  4 [========================>     ]  83% (91300/110000)
[Kchain  5 [========================>     ]  83% (91300/110000)
[Kchain  6 [=========================>    ]  84% (92400/110000)
[Kchain  7 [=========================>    ]  84% (92400/110000)
[Kchain  8 [=========================>    ]  84% (92400/110000)
[Kchain  9 [=========================>    ]  84% (92400/110000)
[Kchain 10 [========================>     ]  83% (91300/110000)
[Kchain 11 [========================>     ]  83% (91300/110000)
[13A[KRunning N=2 | per-chain progress
[Kchain  0 [=========================>    ]  85% (93500/110000)
[Kchain  1 [=========================>    ]  84% (92400/110000)
[Kchain  2 [========================>     ]  83% (91300/110000)
[Kchain  3 [=========================>    ]  84% (92400/110000)
[Kchain  4 [========================>     ]  83% (91300/110000)
[Kchain  5 [========================>     ]  83% (91300/110000)
[Kchain  6 [=========================>    ]  84% (92400/110000)
[Kchain  7 [=========================>    ]  84% (92400/110000)
[Kchain  8 [=========================>    ]  84% (92400/110000)
[Kchain  9 [=========================>    ]  84% (92400/110000)
[Kchain 10 [========================>     ]  83% (91300/110000)
[Kchain 11 [=========================>    ]  84% (92400/110000)
[13A[KRunning N=2 | per-chain progress
[Kchain  0 [=========================>    ]  85% (93500/110000)
[Kchain  1 [=========================>    ]  84% (92400/110000)
[Kchain  2 [========================>     ]  83% (91300/110000)
[Kchain  3 [=========================>    ]  84% (92400/110000)
[Kchain  4 [========================>     ]  83% (91300/110000)
[Kchain  5 [========================>     ]  83% (91300/110000)
[Kchain  6 [=========================>    ]  84% (92400/110000)
[Kchain  7 [=========================>    ]  84% (92400/110000)
[Kchain  8 [=========================>    ]  84% (92400/110000)
[Kchain  9 [=========================>    ]  84% (92400/110000)
[Kchain 10 [========================>     ]  83% (91300/110000)
[Kchain 11 [=========================>    ]  84% (92400/110000)
[13A[KRunning N=2 | per-chain progress
[Kchain  0 [=========================>    ]  85% (93500/110000)
[Kchain  1 [=========================>    ]  84% (92400/110000)
[Kchain  2 [========================>     ]  83% (91300/110000)
[Kchain  3 [=========================>    ]  84% (92400/110000)
[Kchain  4 [========================>     ]  83% (91300/110000)
[Kchain  5 [=========================>    ]  84% (92400/110000)
[Kchain  6 [=========================>    ]  84% (92400/110000)
[Kchain  7 [=========================>    ]  84% (92400/110000)
[Kchain  8 [=========================>    ]  84% (92400/110000)
[Kchain  9 [=========================>    ]  84% (92400/110000)
[Kchain 10 [========================>     ]  83% (91300/110000)
[Kchain 11 [=========================>    ]  84% (92400/110000)
[13A[KRunning N=2 | per-chain progress
[Kchain  0 [=========================>    ]  85% (93500/110000)
[Kchain  1 [=========================>    ]  84% (92400/110000)
[Kchain  2 [========================>     ]  83% (91300/110000)
[Kchain  3 [=========================>    ]  84% (92400/110000)
[Kchain  4 [=========================>    ]  84% (92400/110000)
[Kchain  5 [=========================>    ]  84% (92400/110000)
[Kchain  6 [=========================>    ]  84% (92400/110000)
[Kchain  7 [=========================>    ]  84% (92400/110000)
[Kchain  8 [=========================>    ]  84% (92400/110000)
[Kchain  9 [=========================>    ]  84% (92400/110000)
[Kchain 10 [=========================>    ]  84% (92400/110000)
[Kchain 11 [=========================>    ]  84% (92400/110000)
[13A[KRunning N=2 | per-chain progress
[Kchain  0 [=========================>    ]  85% (93500/110000)
[Kchain  1 [=========================>    ]  84% (92400/110000)
[Kchain  2 [========================>     ]  83% (91300/110000)
[Kchain  3 [=========================>    ]  84% (92400/110000)
[Kchain  4 [=========================>    ]  84% (92400/110000)
[Kchain  5 [=========================>    ]  84% (92400/110000)
[Kchain  6 [=========================>    ]  84% (92400/110000)
[Kchain  7 [=========================>    ]  84% (92400/110000)
[Kchain  8 [=========================>    ]  84% (92400/110000)
[Kchain  9 [=========================>    ]  84% (92400/110000)
[Kchain 10 [=========================>    ]  84% (92400/110000)
[Kchain 11 [=========================>    ]  84% (92400/110000)
[13A[KRunning N=2 | per-chain progress
[Kchain  0 [=========================>    ]  85% (93500/110000)
[Kchain  1 [=========================>    ]  85% (93500/110000)
[Kchain  2 [========================>     ]  83% (91300/110000)
[Kchain  3 [=========================>    ]  84% (92400/110000)
[Kchain  4 [=========================>    ]  84% (92400/110000)
[Kchain  5 [=========================>    ]  84% (92400/110000)
[Kchain  6 [=========================>    ]  84% (92400/110000)
[Kchain  7 [=========================>    ]  84% (92400/110000)
[Kchain  8 [=========================>    ]  84% (92400/110000)
[Kchain  9 [=========================>    ]  84% (92400/110000)
[Kchain 10 [=========================>    ]  84% (92400/110000)
[Kchain 11 [=========================>    ]  84% (92400/110000)
[13A[KRunning N=2 | per-chain progress
[Kchain  0 [=========================>    ]  85% (93500/110000)
[Kchain  1 [=========================>    ]  85% (93500/110000)
[Kchain  2 [=========================>    ]  84% (92400/110000)
[Kchain  3 [=========================>    ]  84% (92400/110000)
[Kchain  4 [=========================>    ]  84% (92400/110000)
[Kchain  5 [=========================>    ]  84% (92400/110000)
[Kchain  6 [=========================>    ]  84% (92400/110000)
[Kchain  7 [=========================>    ]  84% (92400/110000)
[Kchain  8 [=========================>    ]  85% (93500/110000)
[Kchain  9 [=========================>    ]  84% (92400/110000)
[Kchain 10 [=========================>    ]  84% (92400/110000)
[Kchain 11 [=========================>    ]  84% (92400/110000)
[13A[KRunning N=2 | per-chain progress
[Kchain  0 [=========================>    ]  85% (93500/110000)
[Kchain  1 [=========================>    ]  85% (93500/110000)
[Kchain  2 [=========================>    ]  84% (92400/110000)
[Kchain  3 [=========================>    ]  84% (92400/110000)
[Kchain  4 [=========================>    ]  84% (92400/110000)
[Kchain  5 [=========================>    ]  84% (92400/110000)
[Kchain  6 [=========================>    ]  84% (92400/110000)
[Kchain  7 [=========================>    ]  84% (92400/110000)
[Kchain  8 [=========================>    ]  85% (93500/110000)
[Kchain  9 [=========================>    ]  84% (92400/110000)
[Kchain 10 [=========================>    ]  84% (92400/110000)
[Kchain 11 [=========================>    ]  84% (92400/110000)
[13A[KRunning N=2 | per-chain progress
[Kchain  0 [=========================>    ]  85% (93500/110000)
[Kchain  1 [=========================>    ]  85% (93500/110000)
[Kchain  2 [=========================>    ]  84% (92400/110000)
[Kchain  3 [=========================>    ]  85% (93500/110000)
[Kchain  4 [=========================>    ]  84% (92400/110000)
[Kchain  5 [=========================>    ]  84% (92400/110000)
[Kchain  6 [=========================>    ]  84% (92400/110000)
[Kchain  7 [=========================>    ]  84% (92400/110000)
[Kchain  8 [=========================>    ]  85% (93500/110000)
[Kchain  9 [=========================>    ]  84% (92400/110000)
[Kchain 10 [=========================>    ]  84% (92400/110000)
[Kchain 11 [=========================>    ]  84% (92400/110000)
[13A[KRunning N=2 | per-chain progress
[Kchain  0 [=========================>    ]  86% (94600/110000)
[Kchain  1 [=========================>    ]  85% (93500/110000)
[Kchain  2 [=========================>    ]  84% (92400/110000)
[Kchain  3 [=========================>    ]  85% (93500/110000)
[Kchain  4 [=========================>    ]  84% (92400/110000)
[Kchain  5 [=========================>    ]  84% (92400/110000)
[Kchain  6 [=========================>    ]  85% (93500/110000)
[Kchain  7 [=========================>    ]  84% (92400/110000)
[Kchain  8 [=========================>    ]  85% (93500/110000)
[Kchain  9 [=========================>    ]  84% (92400/110000)
[Kchain 10 [=========================>    ]  84% (92400/110000)
[Kchain 11 [=========================>    ]  84% (92400/110000)
[13A[KRunning N=2 | per-chain progress
[Kchain  0 [=========================>    ]  86% (94600/110000)
[Kchain  1 [=========================>    ]  85% (93500/110000)
[Kchain  2 [=========================>    ]  84% (92400/110000)
[Kchain  3 [=========================>    ]  85% (93500/110000)
[Kchain  4 [=========================>    ]  84% (92400/110000)
[Kchain  5 [=========================>    ]  84% (92400/110000)
[Kchain  6 [=========================>    ]  85% (93500/110000)
[Kchain  7 [=========================>    ]  85% (93500/110000)
[Kchain  8 [=========================>    ]  85% (93500/110000)
[Kchain  9 [=========================>    ]  84% (92400/110000)
[Kchain 10 [=========================>    ]  84% (92400/110000)
[Kchain 11 [=========================>    ]  84% (92400/110000)
[13A[KRunning N=2 | per-chain progress
[Kchain  0 [=========================>    ]  86% (94600/110000)
[Kchain  1 [=========================>    ]  85% (93500/110000)
[Kchain  2 [=========================>    ]  84% (92400/110000)
[Kchain  3 [=========================>    ]  85% (93500/110000)
[Kchain  4 [=========================>    ]  84% (92400/110000)
[Kchain  5 [=========================>    ]  84% (92400/110000)
[Kchain  6 [=========================>    ]  85% (93500/110000)
[Kchain  7 [=========================>    ]  85% (93500/110000)
[Kchain  8 [=========================>    ]  85% (93500/110000)
[Kchain  9 [=========================>    ]  85% (93500/110000)
[Kchain 10 [=========================>    ]  84% (92400/110000)
[Kchain 11 [=========================>    ]  84% (92400/110000)
[13A[KRunning N=2 | per-chain progress
[Kchain  0 [=========================>    ]  86% (94600/110000)
[Kchain  1 [=========================>    ]  85% (93500/110000)
[Kchain  2 [=========================>    ]  84% (92400/110000)
[Kchain  3 [=========================>    ]  85% (93500/110000)
[Kchain  4 [=========================>    ]  84% (92400/110000)
[Kchain  5 [=========================>    ]  84% (92400/110000)
[Kchain  6 [=========================>    ]  85% (93500/110000)
[Kchain  7 [=========================>    ]  85% (93500/110000)
[Kchain  8 [=========================>    ]  85% (93500/110000)
[Kchain  9 [=========================>    ]  85% (93500/110000)
[Kchain 10 [=========================>    ]  84% (92400/110000)
[Kchain 11 [=========================>    ]  85% (93500/110000)
[13A[KRunning N=2 | per-chain progress
[Kchain  0 [=========================>    ]  86% (94600/110000)
[Kchain  1 [=========================>    ]  85% (93500/110000)
[Kchain  2 [=========================>    ]  84% (92400/110000)
[Kchain  3 [=========================>    ]  85% (93500/110000)
[Kchain  4 [=========================>    ]  84% (92400/110000)
[Kchain  5 [=========================>    ]  85% (93500/110000)
[Kchain  6 [=========================>    ]  85% (93500/110000)
[Kchain  7 [=========================>    ]  85% (93500/110000)
[Kchain  8 [=========================>    ]  85% (93500/110000)
[Kchain  9 [=========================>    ]  85% (93500/110000)
[Kchain 10 [=========================>    ]  84% (92400/110000)
[Kchain 11 [=========================>    ]  85% (93500/110000)
[13A[KRunning N=2 | per-chain progress
[Kchain  0 [=========================>    ]  86% (94600/110000)
[Kchain  1 [=========================>    ]  85% (93500/110000)
[Kchain  2 [=========================>    ]  84% (92400/110000)
[Kchain  3 [=========================>    ]  85% (93500/110000)
[Kchain  4 [=========================>    ]  84% (92400/110000)
[Kchain  5 [=========================>    ]  85% (93500/110000)
[Kchain  6 [=========================>    ]  85% (93500/110000)
[Kchain  7 [=========================>    ]  85% (93500/110000)
[Kchain  8 [=========================>    ]  85% (93500/110000)
[Kchain  9 [=========================>    ]  85% (93500/110000)
[Kchain 10 [=========================>    ]  84% (92400/110000)
[Kchain 11 [=========================>    ]  85% (93500/110000)
[13A[KRunning N=2 | per-chain progress
[Kchain  0 [=========================>    ]  86% (94600/110000)
[Kchain  1 [=========================>    ]  85% (93500/110000)
[Kchain  2 [=========================>    ]  84% (92400/110000)
[Kchain  3 [=========================>    ]  85% (93500/110000)
[Kchain  4 [=========================>    ]  85% (93500/110000)
[Kchain  5 [=========================>    ]  85% (93500/110000)
[Kchain  6 [=========================>    ]  85% (93500/110000)
[Kchain  7 [=========================>    ]  85% (93500/110000)
[Kchain  8 [=========================>    ]  85% (93500/110000)
[Kchain  9 [=========================>    ]  85% (93500/110000)
[Kchain 10 [=========================>    ]  85% (93500/110000)
[Kchain 11 [=========================>    ]  85% (93500/110000)
[13A[KRunning N=2 | per-chain progress
[Kchain  0 [=========================>    ]  86% (94600/110000)
[Kchain  1 [=========================>    ]  85% (93500/110000)
[Kchain  2 [=========================>    ]  84% (92400/110000)
[Kchain  3 [=========================>    ]  85% (93500/110000)
[Kchain  4 [=========================>    ]  85% (93500/110000)
[Kchain  5 [=========================>    ]  85% (93500/110000)
[Kchain  6 [=========================>    ]  85% (93500/110000)
[Kchain  7 [=========================>    ]  85% (93500/110000)
[Kchain  8 [=========================>    ]  85% (93500/110000)
[Kchain  9 [=========================>    ]  85% (93500/110000)
[Kchain 10 [=========================>    ]  85% (93500/110000)
[Kchain 11 [=========================>    ]  85% (93500/110000)
[13A[KRunning N=2 | per-chain progress
[Kchain  0 [=========================>    ]  86% (94600/110000)
[Kchain  1 [=========================>    ]  86% (94600/110000)
[Kchain  2 [=========================>    ]  84% (92400/110000)
[Kchain  3 [=========================>    ]  85% (93500/110000)
[Kchain  4 [=========================>    ]  85% (93500/110000)
[Kchain  5 [=========================>    ]  85% (93500/110000)
[Kchain  6 [=========================>    ]  85% (93500/110000)
[Kchain  7 [=========================>    ]  85% (93500/110000)
[Kchain  8 [=========================>    ]  85% (93500/110000)
[Kchain  9 [=========================>    ]  85% (93500/110000)
[Kchain 10 [=========================>    ]  85% (93500/110000)
[Kchain 11 [=========================>    ]  85% (93500/110000)
[13A[KRunning N=2 | per-chain progress
[Kchain  0 [=========================>    ]  86% (94600/110000)
[Kchain  1 [=========================>    ]  86% (94600/110000)
[Kchain  2 [=========================>    ]  85% (93500/110000)
[Kchain  3 [=========================>    ]  85% (93500/110000)
[Kchain  4 [=========================>    ]  85% (93500/110000)
[Kchain  5 [=========================>    ]  85% (93500/110000)
[Kchain  6 [=========================>    ]  85% (93500/110000)
[Kchain  7 [=========================>    ]  85% (93500/110000)
[Kchain  8 [=========================>    ]  86% (94600/110000)
[Kchain  9 [=========================>    ]  85% (93500/110000)
[Kchain 10 [=========================>    ]  85% (93500/110000)
[Kchain 11 [=========================>    ]  85% (93500/110000)
[13A[KRunning N=2 | per-chain progress
[Kchain  0 [=========================>    ]  86% (94600/110000)
[Kchain  1 [=========================>    ]  86% (94600/110000)
[Kchain  2 [=========================>    ]  85% (93500/110000)
[Kchain  3 [=========================>    ]  85% (93500/110000)
[Kchain  4 [=========================>    ]  85% (93500/110000)
[Kchain  5 [=========================>    ]  85% (93500/110000)
[Kchain  6 [=========================>    ]  85% (93500/110000)
[Kchain  7 [=========================>    ]  85% (93500/110000)
[Kchain  8 [=========================>    ]  86% (94600/110000)
[Kchain  9 [=========================>    ]  85% (93500/110000)
[Kchain 10 [=========================>    ]  85% (93500/110000)
[Kchain 11 [=========================>    ]  85% (93500/110000)
[13A[KRunning N=2 | per-chain progress
[Kchain  0 [=========================>    ]  86% (94600/110000)
[Kchain  1 [=========================>    ]  86% (94600/110000)
[Kchain  2 [=========================>    ]  85% (93500/110000)
[Kchain  3 [=========================>    ]  86% (94600/110000)
[Kchain  4 [=========================>    ]  85% (93500/110000)
[Kchain  5 [=========================>    ]  85% (93500/110000)
[Kchain  6 [=========================>    ]  85% (93500/110000)
[Kchain  7 [=========================>    ]  85% (93500/110000)
[Kchain  8 [=========================>    ]  86% (94600/110000)
[Kchain  9 [=========================>    ]  85% (93500/110000)
[Kchain 10 [=========================>    ]  85% (93500/110000)
[Kchain 11 [=========================>    ]  85% (93500/110000)
[13A[KRunning N=2 | per-chain progress
[Kchain  0 [==========================>   ]  87% (95700/110000)
[Kchain  1 [=========================>    ]  86% (94600/110000)
[Kchain  2 [=========================>    ]  85% (93500/110000)
[Kchain  3 [=========================>    ]  86% (94600/110000)
[Kchain  4 [=========================>    ]  85% (93500/110000)
[Kchain  5 [=========================>    ]  85% (93500/110000)
[Kchain  6 [=========================>    ]  85% (93500/110000)
[Kchain  7 [=========================>    ]  85% (93500/110000)
[Kchain  8 [=========================>    ]  86% (94600/110000)
[Kchain  9 [=========================>    ]  85% (93500/110000)
[Kchain 10 [=========================>    ]  85% (93500/110000)
[Kchain 11 [=========================>    ]  85% (93500/110000)
[13A[KRunning N=2 | per-chain progress
[Kchain  0 [==========================>   ]  87% (95700/110000)
[Kchain  1 [=========================>    ]  86% (94600/110000)
[Kchain  2 [=========================>    ]  85% (93500/110000)
[Kchain  3 [=========================>    ]  86% (94600/110000)
[Kchain  4 [=========================>    ]  85% (93500/110000)
[Kchain  5 [=========================>    ]  85% (93500/110000)
[Kchain  6 [=========================>    ]  86% (94600/110000)
[Kchain  7 [=========================>    ]  86% (94600/110000)
[Kchain  8 [=========================>    ]  86% (94600/110000)
[Kchain  9 [=========================>    ]  85% (93500/110000)
[Kchain 10 [=========================>    ]  85% (93500/110000)
[Kchain 11 [=========================>    ]  85% (93500/110000)
[13A[KRunning N=2 | per-chain progress
[Kchain  0 [==========================>   ]  87% (95700/110000)
[Kchain  1 [=========================>    ]  86% (94600/110000)
[Kchain  2 [=========================>    ]  85% (93500/110000)
[Kchain  3 [=========================>    ]  86% (94600/110000)
[Kchain  4 [=========================>    ]  85% (93500/110000)
[Kchain  5 [=========================>    ]  85% (93500/110000)
[Kchain  6 [=========================>    ]  86% (94600/110000)
[Kchain  7 [=========================>    ]  86% (94600/110000)
[Kchain  8 [=========================>    ]  86% (94600/110000)
[Kchain  9 [=========================>    ]  86% (94600/110000)
[Kchain 10 [=========================>    ]  85% (93500/110000)
[Kchain 11 [=========================>    ]  85% (93500/110000)
[13A[KRunning N=2 | per-chain progress
[Kchain  0 [==========================>   ]  87% (95700/110000)
[Kchain  1 [=========================>    ]  86% (94600/110000)
[Kchain  2 [=========================>    ]  85% (93500/110000)
[Kchain  3 [=========================>    ]  86% (94600/110000)
[Kchain  4 [=========================>    ]  85% (93500/110000)
[Kchain  5 [=========================>    ]  85% (93500/110000)
[Kchain  6 [=========================>    ]  86% (94600/110000)
[Kchain  7 [=========================>    ]  86% (94600/110000)
[Kchain  8 [=========================>    ]  86% (94600/110000)
[Kchain  9 [=========================>    ]  86% (94600/110000)
[Kchain 10 [=========================>    ]  85% (93500/110000)
[Kchain 11 [=========================>    ]  86% (94600/110000)
[13A[KRunning N=2 | per-chain progress
[Kchain  0 [==========================>   ]  87% (95700/110000)
[Kchain  1 [=========================>    ]  86% (94600/110000)
[Kchain  2 [=========================>    ]  85% (93500/110000)
[Kchain  3 [=========================>    ]  86% (94600/110000)
[Kchain  4 [=========================>    ]  85% (93500/110000)
[Kchain  5 [=========================>    ]  85% (93500/110000)
[Kchain  6 [=========================>    ]  86% (94600/110000)
[Kchain  7 [=========================>    ]  86% (94600/110000)
[Kchain  8 [=========================>    ]  86% (94600/110000)
[Kchain  9 [=========================>    ]  86% (94600/110000)
[Kchain 10 [=========================>    ]  85% (93500/110000)
[Kchain 11 [=========================>    ]  86% (94600/110000)
[13A[KRunning N=2 | per-chain progress
[Kchain  0 [==========================>   ]  87% (95700/110000)
[Kchain  1 [=========================>    ]  86% (94600/110000)
[Kchain  2 [=========================>    ]  85% (93500/110000)
[Kchain  3 [=========================>    ]  86% (94600/110000)
[Kchain  4 [=========================>    ]  85% (93500/110000)
[Kchain  5 [=========================>    ]  86% (94600/110000)
[Kchain  6 [=========================>    ]  86% (94600/110000)
[Kchain  7 [=========================>    ]  86% (94600/110000)
[Kchain  8 [=========================>    ]  86% (94600/110000)
[Kchain  9 [=========================>    ]  86% (94600/110000)
[Kchain 10 [=========================>    ]  85% (93500/110000)
[Kchain 11 [=========================>    ]  86% (94600/110000)
[13A[KRunning N=2 | per-chain progress
[Kchain  0 [==========================>   ]  87% (95700/110000)
[Kchain  1 [=========================>    ]  86% (94600/110000)
[Kchain  2 [=========================>    ]  85% (93500/110000)
[Kchain  3 [=========================>    ]  86% (94600/110000)
[Kchain  4 [=========================>    ]  86% (94600/110000)
[Kchain  5 [=========================>    ]  86% (94600/110000)
[Kchain  6 [=========================>    ]  86% (94600/110000)
[Kchain  7 [=========================>    ]  86% (94600/110000)
[Kchain  8 [=========================>    ]  86% (94600/110000)
[Kchain  9 [=========================>    ]  86% (94600/110000)
[Kchain 10 [=========================>    ]  86% (94600/110000)
[Kchain 11 [=========================>    ]  86% (94600/110000)
[13A[KRunning N=2 | per-chain progress
[Kchain  0 [==========================>   ]  87% (95700/110000)
[Kchain  1 [=========================>    ]  86% (94600/110000)
[Kchain  2 [=========================>    ]  85% (93500/110000)
[Kchain  3 [=========================>    ]  86% (94600/110000)
[Kchain  4 [=========================>    ]  86% (94600/110000)
[Kchain  5 [=========================>    ]  86% (94600/110000)
[Kchain  6 [=========================>    ]  86% (94600/110000)
[Kchain  7 [=========================>    ]  86% (94600/110000)
[Kchain  8 [=========================>    ]  86% (94600/110000)
[Kchain  9 [=========================>    ]  86% (94600/110000)
[Kchain 10 [=========================>    ]  86% (94600/110000)
[Kchain 11 [=========================>    ]  86% (94600/110000)
[13A[KRunning N=2 | per-chain progress
[Kchain  0 [==========================>   ]  87% (95700/110000)
[Kchain  1 [==========================>   ]  87% (95700/110000)
[Kchain  2 [=========================>    ]  85% (93500/110000)
[Kchain  3 [=========================>    ]  86% (94600/110000)
[Kchain  4 [=========================>    ]  86% (94600/110000)
[Kchain  5 [=========================>    ]  86% (94600/110000)
[Kchain  6 [=========================>    ]  86% (94600/110000)
[Kchain  7 [=========================>    ]  86% (94600/110000)
[Kchain  8 [=========================>    ]  86% (94600/110000)
[Kchain  9 [=========================>    ]  86% (94600/110000)
[Kchain 10 [=========================>    ]  86% (94600/110000)
[Kchain 11 [=========================>    ]  86% (94600/110000)
[13A[KRunning N=2 | per-chain progress
[Kchain  0 [==========================>   ]  87% (95700/110000)
[Kchain  1 [==========================>   ]  87% (95700/110000)
[Kchain  2 [=========================>    ]  86% (94600/110000)
[Kchain  3 [=========================>    ]  86% (94600/110000)
[Kchain  4 [=========================>    ]  86% (94600/110000)
[Kchain  5 [=========================>    ]  86% (94600/110000)
[Kchain  6 [=========================>    ]  86% (94600/110000)
[Kchain  7 [=========================>    ]  86% (94600/110000)
[Kchain  8 [==========================>   ]  87% (95700/110000)
[Kchain  9 [=========================>    ]  86% (94600/110000)
[Kchain 10 [=========================>    ]  86% (94600/110000)
[Kchain 11 [=========================>    ]  86% (94600/110000)
[13A[KRunning N=2 | per-chain progress
[Kchain  0 [==========================>   ]  87% (95700/110000)
[Kchain  1 [==========================>   ]  87% (95700/110000)
[Kchain  2 [=========================>    ]  86% (94600/110000)
[Kchain  3 [=========================>    ]  86% (94600/110000)
[Kchain  4 [=========================>    ]  86% (94600/110000)
[Kchain  5 [=========================>    ]  86% (94600/110000)
[Kchain  6 [=========================>    ]  86% (94600/110000)
[Kchain  7 [=========================>    ]  86% (94600/110000)
[Kchain  8 [==========================>   ]  87% (95700/110000)
[Kchain  9 [=========================>    ]  86% (94600/110000)
[Kchain 10 [=========================>    ]  86% (94600/110000)
[Kchain 11 [=========================>    ]  86% (94600/110000)
[13A[KRunning N=2 | per-chain progress
[Kchain  0 [==========================>   ]  87% (95700/110000)
[Kchain  1 [==========================>   ]  87% (95700/110000)
[Kchain  2 [=========================>    ]  86% (94600/110000)
[Kchain  3 [==========================>   ]  87% (95700/110000)
[Kchain  4 [=========================>    ]  86% (94600/110000)
[Kchain  5 [=========================>    ]  86% (94600/110000)
[Kchain  6 [=========================>    ]  86% (94600/110000)
[Kchain  7 [=========================>    ]  86% (94600/110000)
[Kchain  8 [==========================>   ]  87% (95700/110000)
[Kchain  9 [=========================>    ]  86% (94600/110000)
[Kchain 10 [=========================>    ]  86% (94600/110000)
[Kchain 11 [=========================>    ]  86% (94600/110000)
[13A[KRunning N=2 | per-chain progress
[Kchain  0 [==========================>   ]  88% (96800/110000)
[Kchain  1 [==========================>   ]  87% (95700/110000)
[Kchain  2 [=========================>    ]  86% (94600/110000)
[Kchain  3 [==========================>   ]  87% (95700/110000)
[Kchain  4 [=========================>    ]  86% (94600/110000)
[Kchain  5 [=========================>    ]  86% (94600/110000)
[Kchain  6 [=========================>    ]  86% (94600/110000)
[Kchain  7 [=========================>    ]  86% (94600/110000)
[Kchain  8 [==========================>   ]  87% (95700/110000)
[Kchain  9 [=========================>    ]  86% (94600/110000)
[Kchain 10 [=========================>    ]  86% (94600/110000)
[Kchain 11 [=========================>    ]  86% (94600/110000)
[13A[KRunning N=2 | per-chain progress
[Kchain  0 [==========================>   ]  88% (96800/110000)
[Kchain  1 [==========================>   ]  87% (95700/110000)
[Kchain  2 [=========================>    ]  86% (94600/110000)
[Kchain  3 [==========================>   ]  87% (95700/110000)
[Kchain  4 [=========================>    ]  86% (94600/110000)
[Kchain  5 [=========================>    ]  86% (94600/110000)
[Kchain  6 [==========================>   ]  87% (95700/110000)
[Kchain  7 [==========================>   ]  87% (95700/110000)
[Kchain  8 [==========================>   ]  87% (95700/110000)
[Kchain  9 [=========================>    ]  86% (94600/110000)
[Kchain 10 [=========================>    ]  86% (94600/110000)
[Kchain 11 [=========================>    ]  86% (94600/110000)
[13A[KRunning N=2 | per-chain progress
[Kchain  0 [==========================>   ]  88% (96800/110000)
[Kchain  1 [==========================>   ]  87% (95700/110000)
[Kchain  2 [=========================>    ]  86% (94600/110000)
[Kchain  3 [==========================>   ]  87% (95700/110000)
[Kchain  4 [=========================>    ]  86% (94600/110000)
[Kchain  5 [=========================>    ]  86% (94600/110000)
[Kchain  6 [==========================>   ]  87% (95700/110000)
[Kchain  7 [==========================>   ]  87% (95700/110000)
[Kchain  8 [==========================>   ]  87% (95700/110000)
[Kchain  9 [==========================>   ]  87% (95700/110000)
[Kchain 10 [=========================>    ]  86% (94600/110000)
[Kchain 11 [=========================>    ]  86% (94600/110000)
[13A[KRunning N=2 | per-chain progress
[Kchain  0 [==========================>   ]  88% (96800/110000)
[Kchain  1 [==========================>   ]  87% (95700/110000)
[Kchain  2 [=========================>    ]  86% (94600/110000)
[Kchain  3 [==========================>   ]  87% (95700/110000)
[Kchain  4 [=========================>    ]  86% (94600/110000)
[Kchain  5 [=========================>    ]  86% (94600/110000)
[Kchain  6 [==========================>   ]  87% (95700/110000)
[Kchain  7 [==========================>   ]  87% (95700/110000)
[Kchain  8 [==========================>   ]  87% (95700/110000)
[Kchain  9 [==========================>   ]  87% (95700/110000)
[Kchain 10 [=========================>    ]  86% (94600/110000)
[Kchain 11 [==========================>   ]  87% (95700/110000)
[13A[KRunning N=2 | per-chain progress
[Kchain  0 [==========================>   ]  88% (96800/110000)
[Kchain  1 [==========================>   ]  87% (95700/110000)
[Kchain  2 [=========================>    ]  86% (94600/110000)
[Kchain  3 [==========================>   ]  87% (95700/110000)
[Kchain  4 [=========================>    ]  86% (94600/110000)
[Kchain  5 [=========================>    ]  86% (94600/110000)
[Kchain  6 [==========================>   ]  87% (95700/110000)
[Kchain  7 [==========================>   ]  87% (95700/110000)
[Kchain  8 [==========================>   ]  87% (95700/110000)
[Kchain  9 [==========================>   ]  87% (95700/110000)
[Kchain 10 [=========================>    ]  86% (94600/110000)
[Kchain 11 [==========================>   ]  87% (95700/110000)
[13A[KRunning N=2 | per-chain progress
[Kchain  0 [==========================>   ]  88% (96800/110000)
[Kchain  1 [==========================>   ]  87% (95700/110000)
[Kchain  2 [=========================>    ]  86% (94600/110000)
[Kchain  3 [==========================>   ]  87% (95700/110000)
[Kchain  4 [=========================>    ]  86% (94600/110000)
[Kchain  5 [==========================>   ]  87% (95700/110000)
[Kchain  6 [==========================>   ]  87% (95700/110000)
[Kchain  7 [==========================>   ]  87% (95700/110000)
[Kchain  8 [==========================>   ]  87% (95700/110000)
[Kchain  9 [==========================>   ]  87% (95700/110000)
[Kchain 10 [=========================>    ]  86% (94600/110000)
[Kchain 11 [==========================>   ]  87% (95700/110000)
[13A[KRunning N=2 | per-chain progress
[Kchain  0 [==========================>   ]  88% (96800/110000)
[Kchain  1 [==========================>   ]  87% (95700/110000)
[Kchain  2 [=========================>    ]  86% (94600/110000)
[Kchain  3 [==========================>   ]  87% (95700/110000)
[Kchain  4 [==========================>   ]  87% (95700/110000)
[Kchain  5 [==========================>   ]  87% (95700/110000)
[Kchain  6 [==========================>   ]  87% (95700/110000)
[Kchain  7 [==========================>   ]  87% (95700/110000)
[Kchain  8 [==========================>   ]  87% (95700/110000)
[Kchain  9 [==========================>   ]  87% (95700/110000)
[Kchain 10 [==========================>   ]  87% (95700/110000)
[Kchain 11 [==========================>   ]  87% (95700/110000)
[13A[KRunning N=2 | per-chain progress
[Kchain  0 [==========================>   ]  88% (96800/110000)
[Kchain  1 [==========================>   ]  87% (95700/110000)
[Kchain  2 [=========================>    ]  86% (94600/110000)
[Kchain  3 [==========================>   ]  87% (95700/110000)
[Kchain  4 [==========================>   ]  87% (95700/110000)
[Kchain  5 [==========================>   ]  87% (95700/110000)
[Kchain  6 [==========================>   ]  87% (95700/110000)
[Kchain  7 [==========================>   ]  87% (95700/110000)
[Kchain  8 [==========================>   ]  87% (95700/110000)
[Kchain  9 [==========================>   ]  87% (95700/110000)
[Kchain 10 [==========================>   ]  87% (95700/110000)
[Kchain 11 [==========================>   ]  87% (95700/110000)
[13A[KRunning N=2 | per-chain progress
[Kchain  0 [==========================>   ]  88% (96800/110000)
[Kchain  1 [==========================>   ]  88% (96800/110000)
[Kchain  2 [=========================>    ]  86% (94600/110000)
[Kchain  3 [==========================>   ]  87% (95700/110000)
[Kchain  4 [==========================>   ]  87% (95700/110000)
[Kchain  5 [==========================>   ]  87% (95700/110000)
[Kchain  6 [==========================>   ]  87% (95700/110000)
[Kchain  7 [==========================>   ]  87% (95700/110000)
[Kchain  8 [==========================>   ]  87% (95700/110000)
[Kchain  9 [==========================>   ]  87% (95700/110000)
[Kchain 10 [==========================>   ]  87% (95700/110000)
[Kchain 11 [==========================>   ]  87% (95700/110000)
[13A[KRunning N=2 | per-chain progress
[Kchain  0 [==========================>   ]  88% (96800/110000)
[Kchain  1 [==========================>   ]  88% (96800/110000)
[Kchain  2 [==========================>   ]  87% (95700/110000)
[Kchain  3 [==========================>   ]  87% (95700/110000)
[Kchain  4 [==========================>   ]  87% (95700/110000)
[Kchain  5 [==========================>   ]  87% (95700/110000)
[Kchain  6 [==========================>   ]  87% (95700/110000)
[Kchain  7 [==========================>   ]  87% (95700/110000)
[Kchain  8 [==========================>   ]  88% (96800/110000)
[Kchain  9 [==========================>   ]  87% (95700/110000)
[Kchain 10 [==========================>   ]  87% (95700/110000)
[Kchain 11 [==========================>   ]  87% (95700/110000)
[13A[KRunning N=2 | per-chain progress
[Kchain  0 [==========================>   ]  88% (96800/110000)
[Kchain  1 [==========================>   ]  88% (96800/110000)
[Kchain  2 [==========================>   ]  87% (95700/110000)
[Kchain  3 [==========================>   ]  87% (95700/110000)
[Kchain  4 [==========================>   ]  87% (95700/110000)
[Kchain  5 [==========================>   ]  87% (95700/110000)
[Kchain  6 [==========================>   ]  87% (95700/110000)
[Kchain  7 [==========================>   ]  87% (95700/110000)
[Kchain  8 [==========================>   ]  88% (96800/110000)
[Kchain  9 [==========================>   ]  87% (95700/110000)
[Kchain 10 [==========================>   ]  87% (95700/110000)
[Kchain 11 [==========================>   ]  87% (95700/110000)
[13A[KRunning N=2 | per-chain progress
[Kchain  0 [==========================>   ]  88% (96800/110000)
[Kchain  1 [==========================>   ]  88% (96800/110000)
[Kchain  2 [==========================>   ]  87% (95700/110000)
[Kchain  3 [==========================>   ]  88% (96800/110000)
[Kchain  4 [==========================>   ]  87% (95700/110000)
[Kchain  5 [==========================>   ]  87% (95700/110000)
[Kchain  6 [==========================>   ]  87% (95700/110000)
[Kchain  7 [==========================>   ]  87% (95700/110000)
[Kchain  8 [==========================>   ]  88% (96800/110000)
[Kchain  9 [==========================>   ]  87% (95700/110000)
[Kchain 10 [==========================>   ]  87% (95700/110000)
[Kchain 11 [==========================>   ]  87% (95700/110000)
[13A[KRunning N=2 | per-chain progress
[Kchain  0 [==========================>   ]  89% (97900/110000)
[Kchain  1 [==========================>   ]  88% (96800/110000)
[Kchain  2 [==========================>   ]  87% (95700/110000)
[Kchain  3 [==========================>   ]  88% (96800/110000)
[Kchain  4 [==========================>   ]  87% (95700/110000)
[Kchain  5 [==========================>   ]  87% (95700/110000)
[Kchain  6 [==========================>   ]  88% (96800/110000)
[Kchain  7 [==========================>   ]  87% (95700/110000)
[Kchain  8 [==========================>   ]  88% (96800/110000)
[Kchain  9 [==========================>   ]  87% (95700/110000)
[Kchain 10 [==========================>   ]  87% (95700/110000)
[Kchain 11 [==========================>   ]  87% (95700/110000)
[13A[KRunning N=2 | per-chain progress
[Kchain  0 [==========================>   ]  89% (97900/110000)
[Kchain  1 [==========================>   ]  88% (96800/110000)
[Kchain  2 [==========================>   ]  87% (95700/110000)
[Kchain  3 [==========================>   ]  88% (96800/110000)
[Kchain  4 [==========================>   ]  87% (95700/110000)
[Kchain  5 [==========================>   ]  87% (95700/110000)
[Kchain  6 [==========================>   ]  88% (96800/110000)
[Kchain  7 [==========================>   ]  88% (96800/110000)
[Kchain  8 [==========================>   ]  88% (96800/110000)
[Kchain  9 [==========================>   ]  87% (95700/110000)
[Kchain 10 [==========================>   ]  87% (95700/110000)
[Kchain 11 [==========================>   ]  87% (95700/110000)
[13A[KRunning N=2 | per-chain progress
[Kchain  0 [==========================>   ]  89% (97900/110000)
[Kchain  1 [==========================>   ]  88% (96800/110000)
[Kchain  2 [==========================>   ]  87% (95700/110000)
[Kchain  3 [==========================>   ]  88% (96800/110000)
[Kchain  4 [==========================>   ]  87% (95700/110000)
[Kchain  5 [==========================>   ]  87% (95700/110000)
[Kchain  6 [==========================>   ]  88% (96800/110000)
[Kchain  7 [==========================>   ]  88% (96800/110000)
[Kchain  8 [==========================>   ]  88% (96800/110000)
[Kchain  9 [==========================>   ]  88% (96800/110000)
[Kchain 10 [==========================>   ]  87% (95700/110000)
[Kchain 11 [==========================>   ]  87% (95700/110000)
[13A[KRunning N=2 | per-chain progress
[Kchain  0 [==========================>   ]  89% (97900/110000)
[Kchain  1 [==========================>   ]  88% (96800/110000)
[Kchain  2 [==========================>   ]  87% (95700/110000)
[Kchain  3 [==========================>   ]  88% (96800/110000)
[Kchain  4 [==========================>   ]  87% (95700/110000)
[Kchain  5 [==========================>   ]  87% (95700/110000)
[Kchain  6 [==========================>   ]  88% (96800/110000)
[Kchain  7 [==========================>   ]  88% (96800/110000)
[Kchain  8 [==========================>   ]  88% (96800/110000)
[Kchain  9 [==========================>   ]  88% (96800/110000)
[Kchain 10 [==========================>   ]  87% (95700/110000)
[Kchain 11 [==========================>   ]  88% (96800/110000)
[13A[KRunning N=2 | per-chain progress
[Kchain  0 [==========================>   ]  89% (97900/110000)
[Kchain  1 [==========================>   ]  88% (96800/110000)
[Kchain  2 [==========================>   ]  87% (95700/110000)
[Kchain  3 [==========================>   ]  88% (96800/110000)
[Kchain  4 [==========================>   ]  87% (95700/110000)
[Kchain  5 [==========================>   ]  87% (95700/110000)
[Kchain  6 [==========================>   ]  88% (96800/110000)
[Kchain  7 [==========================>   ]  88% (96800/110000)
[Kchain  8 [==========================>   ]  88% (96800/110000)
[Kchain  9 [==========================>   ]  88% (96800/110000)
[Kchain 10 [==========================>   ]  87% (95700/110000)
[Kchain 11 [==========================>   ]  88% (96800/110000)
[13A[KRunning N=2 | per-chain progress
[Kchain  0 [==========================>   ]  89% (97900/110000)
[Kchain  1 [==========================>   ]  88% (96800/110000)
[Kchain  2 [==========================>   ]  87% (95700/110000)
[Kchain  3 [==========================>   ]  88% (96800/110000)
[Kchain  4 [==========================>   ]  87% (95700/110000)
[Kchain  5 [==========================>   ]  88% (96800/110000)
[Kchain  6 [==========================>   ]  88% (96800/110000)
[Kchain  7 [==========================>   ]  88% (96800/110000)
[Kchain  8 [==========================>   ]  88% (96800/110000)
[Kchain  9 [==========================>   ]  88% (96800/110000)
[Kchain 10 [==========================>   ]  87% (95700/110000)
[Kchain 11 [==========================>   ]  88% (96800/110000)
[13A[KRunning N=2 | per-chain progress
[Kchain  0 [==========================>   ]  89% (97900/110000)
[Kchain  1 [==========================>   ]  88% (96800/110000)
[Kchain  2 [==========================>   ]  87% (95700/110000)
[Kchain  3 [==========================>   ]  88% (96800/110000)
[Kchain  4 [==========================>   ]  88% (96800/110000)
[Kchain  5 [==========================>   ]  88% (96800/110000)
[Kchain  6 [==========================>   ]  88% (96800/110000)
[Kchain  7 [==========================>   ]  88% (96800/110000)
[Kchain  8 [==========================>   ]  88% (96800/110000)
[Kchain  9 [==========================>   ]  88% (96800/110000)
[Kchain 10 [==========================>   ]  88% (96800/110000)
[Kchain 11 [==========================>   ]  88% (96800/110000)
[13A[KRunning N=2 | per-chain progress
[Kchain  0 [==========================>   ]  89% (97900/110000)
[Kchain  1 [==========================>   ]  88% (96800/110000)
[Kchain  2 [==========================>   ]  87% (95700/110000)
[Kchain  3 [==========================>   ]  88% (96800/110000)
[Kchain  4 [==========================>   ]  88% (96800/110000)
[Kchain  5 [==========================>   ]  88% (96800/110000)
[Kchain  6 [==========================>   ]  88% (96800/110000)
[Kchain  7 [==========================>   ]  88% (96800/110000)
[Kchain  8 [==========================>   ]  88% (96800/110000)
[Kchain  9 [==========================>   ]  88% (96800/110000)
[Kchain 10 [==========================>   ]  88% (96800/110000)
[Kchain 11 [==========================>   ]  88% (96800/110000)
[13A[KRunning N=2 | per-chain progress
[Kchain  0 [==========================>   ]  89% (97900/110000)
[Kchain  1 [==========================>   ]  89% (97900/110000)
[Kchain  2 [==========================>   ]  87% (95700/110000)
[Kchain  3 [==========================>   ]  88% (96800/110000)
[Kchain  4 [==========================>   ]  88% (96800/110000)
[Kchain  5 [==========================>   ]  88% (96800/110000)
[Kchain  6 [==========================>   ]  88% (96800/110000)
[Kchain  7 [==========================>   ]  88% (96800/110000)
[Kchain  8 [==========================>   ]  88% (96800/110000)
[Kchain  9 [==========================>   ]  88% (96800/110000)
[Kchain 10 [==========================>   ]  88% (96800/110000)
[Kchain 11 [==========================>   ]  88% (96800/110000)
[13A[KRunning N=2 | per-chain progress
[Kchain  0 [==========================>   ]  89% (97900/110000)
[Kchain  1 [==========================>   ]  89% (97900/110000)
[Kchain  2 [==========================>   ]  88% (96800/110000)
[Kchain  3 [==========================>   ]  88% (96800/110000)
[Kchain  4 [==========================>   ]  88% (96800/110000)
[Kchain  5 [==========================>   ]  88% (96800/110000)
[Kchain  6 [==========================>   ]  88% (96800/110000)
[Kchain  7 [==========================>   ]  88% (96800/110000)
[Kchain  8 [==========================>   ]  89% (97900/110000)
[Kchain  9 [==========================>   ]  88% (96800/110000)
[Kchain 10 [==========================>   ]  88% (96800/110000)
[Kchain 11 [==========================>   ]  88% (96800/110000)
[13A[KRunning N=2 | per-chain progress
[Kchain  0 [==========================>   ]  89% (97900/110000)
[Kchain  1 [==========================>   ]  89% (97900/110000)
[Kchain  2 [==========================>   ]  88% (96800/110000)
[Kchain  3 [==========================>   ]  88% (96800/110000)
[Kchain  4 [==========================>   ]  88% (96800/110000)
[Kchain  5 [==========================>   ]  88% (96800/110000)
[Kchain  6 [==========================>   ]  88% (96800/110000)
[Kchain  7 [==========================>   ]  88% (96800/110000)
[Kchain  8 [==========================>   ]  89% (97900/110000)
[Kchain  9 [==========================>   ]  88% (96800/110000)
[Kchain 10 [==========================>   ]  88% (96800/110000)
[Kchain 11 [==========================>   ]  88% (96800/110000)
[13A[KRunning N=2 | per-chain progress
[Kchain  0 [==========================>   ]  89% (97900/110000)
[Kchain  1 [==========================>   ]  89% (97900/110000)
[Kchain  2 [==========================>   ]  88% (96800/110000)
[Kchain  3 [==========================>   ]  89% (97900/110000)
[Kchain  4 [==========================>   ]  88% (96800/110000)
[Kchain  5 [==========================>   ]  88% (96800/110000)
[Kchain  6 [==========================>   ]  88% (96800/110000)
[Kchain  7 [==========================>   ]  88% (96800/110000)
[Kchain  8 [==========================>   ]  89% (97900/110000)
[Kchain  9 [==========================>   ]  88% (96800/110000)
[Kchain 10 [==========================>   ]  88% (96800/110000)
[Kchain 11 [==========================>   ]  88% (96800/110000)
[13A[KRunning N=2 | per-chain progress
[Kchain  0 [===========================>  ]  90% (99000/110000)
[Kchain  1 [==========================>   ]  89% (97900/110000)
[Kchain  2 [==========================>   ]  88% (96800/110000)
[Kchain  3 [==========================>   ]  89% (97900/110000)
[Kchain  4 [==========================>   ]  88% (96800/110000)
[Kchain  5 [==========================>   ]  88% (96800/110000)
[Kchain  6 [==========================>   ]  89% (97900/110000)
[Kchain  7 [==========================>   ]  88% (96800/110000)
[Kchain  8 [==========================>   ]  89% (97900/110000)
[Kchain  9 [==========================>   ]  88% (96800/110000)
[Kchain 10 [==========================>   ]  88% (96800/110000)
[Kchain 11 [==========================>   ]  88% (96800/110000)
[13A[KRunning N=2 | per-chain progress
[Kchain  0 [===========================>  ]  90% (99000/110000)
[Kchain  1 [==========================>   ]  89% (97900/110000)
[Kchain  2 [==========================>   ]  88% (96800/110000)
[Kchain  3 [==========================>   ]  89% (97900/110000)
[Kchain  4 [==========================>   ]  88% (96800/110000)
[Kchain  5 [==========================>   ]  88% (96800/110000)
[Kchain  6 [==========================>   ]  89% (97900/110000)
[Kchain  7 [==========================>   ]  89% (97900/110000)
[Kchain  8 [==========================>   ]  89% (97900/110000)
[Kchain  9 [==========================>   ]  88% (96800/110000)
[Kchain 10 [==========================>   ]  88% (96800/110000)
[Kchain 11 [==========================>   ]  88% (96800/110000)
[13A[KRunning N=2 | per-chain progress
[Kchain  0 [===========================>  ]  90% (99000/110000)
[Kchain  1 [==========================>   ]  89% (97900/110000)
[Kchain  2 [==========================>   ]  88% (96800/110000)
[Kchain  3 [==========================>   ]  89% (97900/110000)
[Kchain  4 [==========================>   ]  88% (96800/110000)
[Kchain  5 [==========================>   ]  88% (96800/110000)
[Kchain  6 [==========================>   ]  89% (97900/110000)
[Kchain  7 [==========================>   ]  89% (97900/110000)
[Kchain  8 [==========================>   ]  89% (97900/110000)
[Kchain  9 [==========================>   ]  89% (97900/110000)
[Kchain 10 [==========================>   ]  88% (96800/110000)
[Kchain 11 [==========================>   ]  88% (96800/110000)
[13A[KRunning N=2 | per-chain progress
[Kchain  0 [===========================>  ]  90% (99000/110000)
[Kchain  1 [==========================>   ]  89% (97900/110000)
[Kchain  2 [==========================>   ]  88% (96800/110000)
[Kchain  3 [==========================>   ]  89% (97900/110000)
[Kchain  4 [==========================>   ]  88% (96800/110000)
[Kchain  5 [==========================>   ]  88% (96800/110000)
[Kchain  6 [==========================>   ]  89% (97900/110000)
[Kchain  7 [==========================>   ]  89% (97900/110000)
[Kchain  8 [==========================>   ]  89% (97900/110000)
[Kchain  9 [==========================>   ]  89% (97900/110000)
[Kchain 10 [==========================>   ]  88% (96800/110000)
[Kchain 11 [==========================>   ]  89% (97900/110000)
[13A[KRunning N=2 | per-chain progress
[Kchain  0 [===========================>  ]  90% (99000/110000)
[Kchain  1 [==========================>   ]  89% (97900/110000)
[Kchain  2 [==========================>   ]  88% (96800/110000)
[Kchain  3 [==========================>   ]  89% (97900/110000)
[Kchain  4 [==========================>   ]  88% (96800/110000)
[Kchain  5 [==========================>   ]  88% (96800/110000)
[Kchain  6 [==========================>   ]  89% (97900/110000)
[Kchain  7 [==========================>   ]  89% (97900/110000)
[Kchain  8 [==========================>   ]  89% (97900/110000)
[Kchain  9 [==========================>   ]  89% (97900/110000)
[Kchain 10 [==========================>   ]  88% (96800/110000)
[Kchain 11 [==========================>   ]  89% (97900/110000)
[13A[KRunning N=2 | per-chain progress
[Kchain  0 [===========================>  ]  90% (99000/110000)
[Kchain  1 [==========================>   ]  89% (97900/110000)
[Kchain  2 [==========================>   ]  88% (96800/110000)
[Kchain  3 [==========================>   ]  89% (97900/110000)
[Kchain  4 [==========================>   ]  88% (96800/110000)
[Kchain  5 [==========================>   ]  89% (97900/110000)
[Kchain  6 [==========================>   ]  89% (97900/110000)
[Kchain  7 [==========================>   ]  89% (97900/110000)
[Kchain  8 [==========================>   ]  89% (97900/110000)
[Kchain  9 [==========================>   ]  89% (97900/110000)
[Kchain 10 [==========================>   ]  88% (96800/110000)
[Kchain 11 [==========================>   ]  89% (97900/110000)
[13A[KRunning N=2 | per-chain progress
[Kchain  0 [===========================>  ]  90% (99000/110000)
[Kchain  1 [==========================>   ]  89% (97900/110000)
[Kchain  2 [==========================>   ]  88% (96800/110000)
[Kchain  3 [==========================>   ]  89% (97900/110000)
[Kchain  4 [==========================>   ]  89% (97900/110000)
[Kchain  5 [==========================>   ]  89% (97900/110000)
[Kchain  6 [==========================>   ]  89% (97900/110000)
[Kchain  7 [==========================>   ]  89% (97900/110000)
[Kchain  8 [==========================>   ]  89% (97900/110000)
[Kchain  9 [==========================>   ]  89% (97900/110000)
[Kchain 10 [==========================>   ]  89% (97900/110000)
[Kchain 11 [==========================>   ]  89% (97900/110000)
[13A[KRunning N=2 | per-chain progress
[Kchain  0 [===========================>  ]  90% (99000/110000)
[Kchain  1 [==========================>   ]  89% (97900/110000)
[Kchain  2 [==========================>   ]  88% (96800/110000)
[Kchain  3 [==========================>   ]  89% (97900/110000)
[Kchain  4 [==========================>   ]  89% (97900/110000)
[Kchain  5 [==========================>   ]  89% (97900/110000)
[Kchain  6 [==========================>   ]  89% (97900/110000)
[Kchain  7 [==========================>   ]  89% (97900/110000)
[Kchain  8 [==========================>   ]  89% (97900/110000)
[Kchain  9 [==========================>   ]  89% (97900/110000)
[Kchain 10 [==========================>   ]  89% (97900/110000)
[Kchain 11 [==========================>   ]  89% (97900/110000)
[13A[KRunning N=2 | per-chain progress
[Kchain  0 [===========================>  ]  90% (99000/110000)
[Kchain  1 [===========================>  ]  90% (99000/110000)
[Kchain  2 [==========================>   ]  88% (96800/110000)
[Kchain  3 [==========================>   ]  89% (97900/110000)
[Kchain  4 [==========================>   ]  89% (97900/110000)
[Kchain  5 [==========================>   ]  89% (97900/110000)
[Kchain  6 [==========================>   ]  89% (97900/110000)
[Kchain  7 [==========================>   ]  89% (97900/110000)
[Kchain  8 [==========================>   ]  89% (97900/110000)
[Kchain  9 [==========================>   ]  89% (97900/110000)
[Kchain 10 [==========================>   ]  89% (97900/110000)
[Kchain 11 [==========================>   ]  89% (97900/110000)
[13A[KRunning N=2 | per-chain progress
[Kchain  0 [===========================>  ]  90% (99000/110000)
[Kchain  1 [===========================>  ]  90% (99000/110000)
[Kchain  2 [==========================>   ]  89% (97900/110000)
[Kchain  3 [==========================>   ]  89% (97900/110000)
[Kchain  4 [==========================>   ]  89% (97900/110000)
[Kchain  5 [==========================>   ]  89% (97900/110000)
[Kchain  6 [==========================>   ]  89% (97900/110000)
[Kchain  7 [==========================>   ]  89% (97900/110000)
[Kchain  8 [===========================>  ]  90% (99000/110000)
[Kchain  9 [==========================>   ]  89% (97900/110000)
[Kchain 10 [==========================>   ]  89% (97900/110000)
[Kchain 11 [==========================>   ]  89% (97900/110000)
[13A[KRunning N=2 | per-chain progress
[Kchain  0 [===========================>  ]  90% (99000/110000)
[Kchain  1 [===========================>  ]  90% (99000/110000)
[Kchain  2 [==========================>   ]  89% (97900/110000)
[Kchain  3 [==========================>   ]  89% (97900/110000)
[Kchain  4 [==========================>   ]  89% (97900/110000)
[Kchain  5 [==========================>   ]  89% (97900/110000)
[Kchain  6 [==========================>   ]  89% (97900/110000)
[Kchain  7 [==========================>   ]  89% (97900/110000)
[Kchain  8 [===========================>  ]  90% (99000/110000)
[Kchain  9 [==========================>   ]  89% (97900/110000)
[Kchain 10 [==========================>   ]  89% (97900/110000)
[Kchain 11 [==========================>   ]  89% (97900/110000)
[13A[KRunning N=2 | per-chain progress
[Kchain  0 [===========================>  ]  90% (99000/110000)
[Kchain  1 [===========================>  ]  90% (99000/110000)
[Kchain  2 [==========================>   ]  89% (97900/110000)
[Kchain  3 [===========================>  ]  90% (99000/110000)
[Kchain  4 [==========================>   ]  89% (97900/110000)
[Kchain  5 [==========================>   ]  89% (97900/110000)
[Kchain  6 [==========================>   ]  89% (97900/110000)
[Kchain  7 [==========================>   ]  89% (97900/110000)
[Kchain  8 [===========================>  ]  90% (99000/110000)
[Kchain  9 [==========================>   ]  89% (97900/110000)
[Kchain 10 [==========================>   ]  89% (97900/110000)
[Kchain 11 [==========================>   ]  89% (97900/110000)
[13A[KRunning N=2 | per-chain progress
[Kchain  0 [===========================>  ]  91% (100100/110000)
[Kchain  1 [===========================>  ]  90% (99000/110000)
[Kchain  2 [==========================>   ]  89% (97900/110000)
[Kchain  3 [===========================>  ]  90% (99000/110000)
[Kchain  4 [==========================>   ]  89% (97900/110000)
[Kchain  5 [==========================>   ]  89% (97900/110000)
[Kchain  6 [==========================>   ]  89% (97900/110000)
[Kchain  7 [==========================>   ]  89% (97900/110000)
[Kchain  8 [===========================>  ]  90% (99000/110000)
[Kchain  9 [==========================>   ]  89% (97900/110000)
[Kchain 10 [==========================>   ]  89% (97900/110000)
[Kchain 11 [==========================>   ]  89% (97900/110000)
[13A[KRunning N=2 | per-chain progress
[Kchain  0 [===========================>  ]  91% (100100/110000)
[Kchain  1 [===========================>  ]  90% (99000/110000)
[Kchain  2 [==========================>   ]  89% (97900/110000)
[Kchain  3 [===========================>  ]  90% (99000/110000)
[Kchain  4 [==========================>   ]  89% (97900/110000)
[Kchain  5 [==========================>   ]  89% (97900/110000)
[Kchain  6 [===========================>  ]  90% (99000/110000)
[Kchain  7 [===========================>  ]  90% (99000/110000)
[Kchain  8 [===========================>  ]  90% (99000/110000)
[Kchain  9 [==========================>   ]  89% (97900/110000)
[Kchain 10 [==========================>   ]  89% (97900/110000)
[Kchain 11 [==========================>   ]  89% (97900/110000)
[13A[KRunning N=2 | per-chain progress
[Kchain  0 [===========================>  ]  91% (100100/110000)
[Kchain  1 [===========================>  ]  90% (99000/110000)
[Kchain  2 [==========================>   ]  89% (97900/110000)
[Kchain  3 [===========================>  ]  90% (99000/110000)
[Kchain  4 [==========================>   ]  89% (97900/110000)
[Kchain  5 [==========================>   ]  89% (97900/110000)
[Kchain  6 [===========================>  ]  90% (99000/110000)
[Kchain  7 [===========================>  ]  90% (99000/110000)
[Kchain  8 [===========================>  ]  90% (99000/110000)
[Kchain  9 [===========================>  ]  90% (99000/110000)
[Kchain 10 [==========================>   ]  89% (97900/110000)
[Kchain 11 [==========================>   ]  89% (97900/110000)
[13A[KRunning N=2 | per-chain progress
[Kchain  0 [===========================>  ]  91% (100100/110000)
[Kchain  1 [===========================>  ]  90% (99000/110000)
[Kchain  2 [==========================>   ]  89% (97900/110000)
[Kchain  3 [===========================>  ]  90% (99000/110000)
[Kchain  4 [==========================>   ]  89% (97900/110000)
[Kchain  5 [==========================>   ]  89% (97900/110000)
[Kchain  6 [===========================>  ]  90% (99000/110000)
[Kchain  7 [===========================>  ]  90% (99000/110000)
[Kchain  8 [===========================>  ]  90% (99000/110000)
[Kchain  9 [===========================>  ]  90% (99000/110000)
[Kchain 10 [==========================>   ]  89% (97900/110000)
[Kchain 11 [===========================>  ]  90% (99000/110000)
[13A[KRunning N=2 | per-chain progress
[Kchain  0 [===========================>  ]  91% (100100/110000)
[Kchain  1 [===========================>  ]  90% (99000/110000)
[Kchain  2 [==========================>   ]  89% (97900/110000)
[Kchain  3 [===========================>  ]  90% (99000/110000)
[Kchain  4 [==========================>   ]  89% (97900/110000)
[Kchain  5 [==========================>   ]  89% (97900/110000)
[Kchain  6 [===========================>  ]  90% (99000/110000)
[Kchain  7 [===========================>  ]  90% (99000/110000)
[Kchain  8 [===========================>  ]  90% (99000/110000)
[Kchain  9 [===========================>  ]  90% (99000/110000)
[Kchain 10 [==========================>   ]  89% (97900/110000)
[Kchain 11 [===========================>  ]  90% (99000/110000)
[13A[KRunning N=2 | per-chain progress
[Kchain  0 [===========================>  ]  91% (100100/110000)
[Kchain  1 [===========================>  ]  90% (99000/110000)
[Kchain  2 [==========================>   ]  89% (97900/110000)
[Kchain  3 [===========================>  ]  90% (99000/110000)
[Kchain  4 [==========================>   ]  89% (97900/110000)
[Kchain  5 [===========================>  ]  90% (99000/110000)
[Kchain  6 [===========================>  ]  90% (99000/110000)
[Kchain  7 [===========================>  ]  90% (99000/110000)
[Kchain  8 [===========================>  ]  90% (99000/110000)
[Kchain  9 [===========================>  ]  90% (99000/110000)
[Kchain 10 [==========================>   ]  89% (97900/110000)
[Kchain 11 [===========================>  ]  90% (99000/110000)
[13A[KRunning N=2 | per-chain progress
[Kchain  0 [===========================>  ]  91% (100100/110000)
[Kchain  1 [===========================>  ]  90% (99000/110000)
[Kchain  2 [==========================>   ]  89% (97900/110000)
[Kchain  3 [===========================>  ]  90% (99000/110000)
[Kchain  4 [===========================>  ]  90% (99000/110000)
[Kchain  5 [===========================>  ]  90% (99000/110000)
[Kchain  6 [===========================>  ]  90% (99000/110000)
[Kchain  7 [===========================>  ]  90% (99000/110000)
[Kchain  8 [===========================>  ]  90% (99000/110000)
[Kchain  9 [===========================>  ]  90% (99000/110000)
[Kchain 10 [===========================>  ]  90% (99000/110000)
[Kchain 11 [===========================>  ]  90% (99000/110000)
[13A[KRunning N=2 | per-chain progress
[Kchain  0 [===========================>  ]  91% (100100/110000)
[Kchain  1 [===========================>  ]  90% (99000/110000)
[Kchain  2 [==========================>   ]  89% (97900/110000)
[Kchain  3 [===========================>  ]  90% (99000/110000)
[Kchain  4 [===========================>  ]  90% (99000/110000)
[Kchain  5 [===========================>  ]  90% (99000/110000)
[Kchain  6 [===========================>  ]  90% (99000/110000)
[Kchain  7 [===========================>  ]  90% (99000/110000)
[Kchain  8 [===========================>  ]  90% (99000/110000)
[Kchain  9 [===========================>  ]  90% (99000/110000)
[Kchain 10 [===========================>  ]  90% (99000/110000)
[Kchain 11 [===========================>  ]  90% (99000/110000)
[13A[KRunning N=2 | per-chain progress
[Kchain  0 [===========================>  ]  91% (100100/110000)
[Kchain  1 [===========================>  ]  91% (100100/110000)
[Kchain  2 [==========================>   ]  89% (97900/110000)
[Kchain  3 [===========================>  ]  90% (99000/110000)
[Kchain  4 [===========================>  ]  90% (99000/110000)
[Kchain  5 [===========================>  ]  90% (99000/110000)
[Kchain  6 [===========================>  ]  90% (99000/110000)
[Kchain  7 [===========================>  ]  90% (99000/110000)
[Kchain  8 [===========================>  ]  90% (99000/110000)
[Kchain  9 [===========================>  ]  90% (99000/110000)
[Kchain 10 [===========================>  ]  90% (99000/110000)
[Kchain 11 [===========================>  ]  90% (99000/110000)
[13A[KRunning N=2 | per-chain progress
[Kchain  0 [===========================>  ]  91% (100100/110000)
[Kchain  1 [===========================>  ]  91% (100100/110000)
[Kchain  2 [===========================>  ]  90% (99000/110000)
[Kchain  3 [===========================>  ]  90% (99000/110000)
[Kchain  4 [===========================>  ]  90% (99000/110000)
[Kchain  5 [===========================>  ]  90% (99000/110000)
[Kchain  6 [===========================>  ]  90% (99000/110000)
[Kchain  7 [===========================>  ]  90% (99000/110000)
[Kchain  8 [===========================>  ]  91% (100100/110000)
[Kchain  9 [===========================>  ]  90% (99000/110000)
[Kchain 10 [===========================>  ]  90% (99000/110000)
[Kchain 11 [===========================>  ]  90% (99000/110000)
[13A[KRunning N=2 | per-chain progress
[Kchain  0 [===========================>  ]  91% (100100/110000)
[Kchain  1 [===========================>  ]  91% (100100/110000)
[Kchain  2 [===========================>  ]  90% (99000/110000)
[Kchain  3 [===========================>  ]  90% (99000/110000)
[Kchain  4 [===========================>  ]  90% (99000/110000)
[Kchain  5 [===========================>  ]  90% (99000/110000)
[Kchain  6 [===========================>  ]  90% (99000/110000)
[Kchain  7 [===========================>  ]  90% (99000/110000)
[Kchain  8 [===========================>  ]  91% (100100/110000)
[Kchain  9 [===========================>  ]  90% (99000/110000)
[Kchain 10 [===========================>  ]  90% (99000/110000)
[Kchain 11 [===========================>  ]  90% (99000/110000)
[13A[KRunning N=2 | per-chain progress
[Kchain  0 [===========================>  ]  91% (100100/110000)
[Kchain  1 [===========================>  ]  91% (100100/110000)
[Kchain  2 [===========================>  ]  90% (99000/110000)
[Kchain  3 [===========================>  ]  91% (100100/110000)
[Kchain  4 [===========================>  ]  90% (99000/110000)
[Kchain  5 [===========================>  ]  90% (99000/110000)
[Kchain  6 [===========================>  ]  90% (99000/110000)
[Kchain  7 [===========================>  ]  90% (99000/110000)
[Kchain  8 [===========================>  ]  91% (100100/110000)
[Kchain  9 [===========================>  ]  90% (99000/110000)
[Kchain 10 [===========================>  ]  90% (99000/110000)
[Kchain 11 [===========================>  ]  90% (99000/110000)
[13A[KRunning N=2 | per-chain progress
[Kchain  0 [===========================>  ]  92% (101200/110000)
[Kchain  1 [===========================>  ]  91% (100100/110000)
[Kchain  2 [===========================>  ]  90% (99000/110000)
[Kchain  3 [===========================>  ]  91% (100100/110000)
[Kchain  4 [===========================>  ]  90% (99000/110000)
[Kchain  5 [===========================>  ]  90% (99000/110000)
[Kchain  6 [===========================>  ]  91% (100100/110000)
[Kchain  7 [===========================>  ]  90% (99000/110000)
[Kchain  8 [===========================>  ]  91% (100100/110000)
[Kchain  9 [===========================>  ]  90% (99000/110000)
[Kchain 10 [===========================>  ]  90% (99000/110000)
[Kchain 11 [===========================>  ]  90% (99000/110000)
[13A[KRunning N=2 | per-chain progress
[Kchain  0 [===========================>  ]  92% (101200/110000)
[Kchain  1 [===========================>  ]  91% (100100/110000)
[Kchain  2 [===========================>  ]  90% (99000/110000)
[Kchain  3 [===========================>  ]  91% (100100/110000)
[Kchain  4 [===========================>  ]  90% (99000/110000)
[Kchain  5 [===========================>  ]  90% (99000/110000)
[Kchain  6 [===========================>  ]  91% (100100/110000)
[Kchain  7 [===========================>  ]  91% (100100/110000)
[Kchain  8 [===========================>  ]  91% (100100/110000)
[Kchain  9 [===========================>  ]  90% (99000/110000)
[Kchain 10 [===========================>  ]  90% (99000/110000)
[Kchain 11 [===========================>  ]  90% (99000/110000)
[13A[KRunning N=2 | per-chain progress
[Kchain  0 [===========================>  ]  92% (101200/110000)
[Kchain  1 [===========================>  ]  91% (100100/110000)
[Kchain  2 [===========================>  ]  90% (99000/110000)
[Kchain  3 [===========================>  ]  91% (100100/110000)
[Kchain  4 [===========================>  ]  90% (99000/110000)
[Kchain  5 [===========================>  ]  90% (99000/110000)
[Kchain  6 [===========================>  ]  91% (100100/110000)
[Kchain  7 [===========================>  ]  91% (100100/110000)
[Kchain  8 [===========================>  ]  91% (100100/110000)
[Kchain  9 [===========================>  ]  91% (100100/110000)
[Kchain 10 [===========================>  ]  90% (99000/110000)
[Kchain 11 [===========================>  ]  90% (99000/110000)
[13A[KRunning N=2 | per-chain progress
[Kchain  0 [===========================>  ]  92% (101200/110000)
[Kchain  1 [===========================>  ]  91% (100100/110000)
[Kchain  2 [===========================>  ]  90% (99000/110000)
[Kchain  3 [===========================>  ]  91% (100100/110000)
[Kchain  4 [===========================>  ]  90% (99000/110000)
[Kchain  5 [===========================>  ]  90% (99000/110000)
[Kchain  6 [===========================>  ]  91% (100100/110000)
[Kchain  7 [===========================>  ]  91% (100100/110000)
[Kchain  8 [===========================>  ]  91% (100100/110000)
[Kchain  9 [===========================>  ]  91% (100100/110000)
[Kchain 10 [===========================>  ]  90% (99000/110000)
[Kchain 11 [===========================>  ]  91% (100100/110000)
[13A[KRunning N=2 | per-chain progress
[Kchain  0 [===========================>  ]  92% (101200/110000)
[Kchain  1 [===========================>  ]  91% (100100/110000)
[Kchain  2 [===========================>  ]  90% (99000/110000)
[Kchain  3 [===========================>  ]  91% (100100/110000)
[Kchain  4 [===========================>  ]  90% (99000/110000)
[Kchain  5 [===========================>  ]  90% (99000/110000)
[Kchain  6 [===========================>  ]  91% (100100/110000)
[Kchain  7 [===========================>  ]  91% (100100/110000)
[Kchain  8 [===========================>  ]  91% (100100/110000)
[Kchain  9 [===========================>  ]  91% (100100/110000)
[Kchain 10 [===========================>  ]  90% (99000/110000)
[Kchain 11 [===========================>  ]  91% (100100/110000)
[13A[KRunning N=2 | per-chain progress
[Kchain  0 [===========================>  ]  92% (101200/110000)
[Kchain  1 [===========================>  ]  91% (100100/110000)
[Kchain  2 [===========================>  ]  90% (99000/110000)
[Kchain  3 [===========================>  ]  91% (100100/110000)
[Kchain  4 [===========================>  ]  90% (99000/110000)
[Kchain  5 [===========================>  ]  91% (100100/110000)
[Kchain  6 [===========================>  ]  91% (100100/110000)
[Kchain  7 [===========================>  ]  91% (100100/110000)
[Kchain  8 [===========================>  ]  91% (100100/110000)
[Kchain  9 [===========================>  ]  91% (100100/110000)
[Kchain 10 [===========================>  ]  90% (99000/110000)
[Kchain 11 [===========================>  ]  91% (100100/110000)
[13A[KRunning N=2 | per-chain progress
[Kchain  0 [===========================>  ]  92% (101200/110000)
[Kchain  1 [===========================>  ]  91% (100100/110000)
[Kchain  2 [===========================>  ]  90% (99000/110000)
[Kchain  3 [===========================>  ]  91% (100100/110000)
[Kchain  4 [===========================>  ]  91% (100100/110000)
[Kchain  5 [===========================>  ]  91% (100100/110000)
[Kchain  6 [===========================>  ]  91% (100100/110000)
[Kchain  7 [===========================>  ]  91% (100100/110000)
[Kchain  8 [===========================>  ]  91% (100100/110000)
[Kchain  9 [===========================>  ]  91% (100100/110000)
[Kchain 10 [===========================>  ]  91% (100100/110000)
[Kchain 11 [===========================>  ]  91% (100100/110000)
[13A[KRunning N=2 | per-chain progress
[Kchain  0 [===========================>  ]  92% (101200/110000)
[Kchain  1 [===========================>  ]  91% (100100/110000)
[Kchain  2 [===========================>  ]  90% (99000/110000)
[Kchain  3 [===========================>  ]  91% (100100/110000)
[Kchain  4 [===========================>  ]  91% (100100/110000)
[Kchain  5 [===========================>  ]  91% (100100/110000)
[Kchain  6 [===========================>  ]  91% (100100/110000)
[Kchain  7 [===========================>  ]  91% (100100/110000)
[Kchain  8 [===========================>  ]  91% (100100/110000)
[Kchain  9 [===========================>  ]  91% (100100/110000)
[Kchain 10 [===========================>  ]  91% (100100/110000)
[Kchain 11 [===========================>  ]  91% (100100/110000)
[13A[KRunning N=2 | per-chain progress
[Kchain  0 [===========================>  ]  92% (101200/110000)
[Kchain  1 [===========================>  ]  92% (101200/110000)
[Kchain  2 [===========================>  ]  90% (99000/110000)
[Kchain  3 [===========================>  ]  91% (100100/110000)
[Kchain  4 [===========================>  ]  91% (100100/110000)
[Kchain  5 [===========================>  ]  91% (100100/110000)
[Kchain  6 [===========================>  ]  91% (100100/110000)
[Kchain  7 [===========================>  ]  91% (100100/110000)
[Kchain  8 [===========================>  ]  91% (100100/110000)
[Kchain  9 [===========================>  ]  91% (100100/110000)
[Kchain 10 [===========================>  ]  91% (100100/110000)
[Kchain 11 [===========================>  ]  91% (100100/110000)
[13A[KRunning N=2 | per-chain progress
[Kchain  0 [===========================>  ]  92% (101200/110000)
[Kchain  1 [===========================>  ]  92% (101200/110000)
[Kchain  2 [===========================>  ]  91% (100100/110000)
[Kchain  3 [===========================>  ]  91% (100100/110000)
[Kchain  4 [===========================>  ]  91% (100100/110000)
[Kchain  5 [===========================>  ]  91% (100100/110000)
[Kchain  6 [===========================>  ]  91% (100100/110000)
[Kchain  7 [===========================>  ]  91% (100100/110000)
[Kchain  8 [===========================>  ]  92% (101200/110000)
[Kchain  9 [===========================>  ]  91% (100100/110000)
[Kchain 10 [===========================>  ]  91% (100100/110000)
[Kchain 11 [===========================>  ]  91% (100100/110000)
[13A[KRunning N=2 | per-chain progress
[Kchain  0 [===========================>  ]  92% (101200/110000)
[Kchain  1 [===========================>  ]  92% (101200/110000)
[Kchain  2 [===========================>  ]  91% (100100/110000)
[Kchain  3 [===========================>  ]  91% (100100/110000)
[Kchain  4 [===========================>  ]  91% (100100/110000)
[Kchain  5 [===========================>  ]  91% (100100/110000)
[Kchain  6 [===========================>  ]  91% (100100/110000)
[Kchain  7 [===========================>  ]  91% (100100/110000)
[Kchain  8 [===========================>  ]  92% (101200/110000)
[Kchain  9 [===========================>  ]  91% (100100/110000)
[Kchain 10 [===========================>  ]  91% (100100/110000)
[Kchain 11 [===========================>  ]  91% (100100/110000)
[13A[KRunning N=2 | per-chain progress
[Kchain  0 [===========================>  ]  92% (101200/110000)
[Kchain  1 [===========================>  ]  92% (101200/110000)
[Kchain  2 [===========================>  ]  91% (100100/110000)
[Kchain  3 [===========================>  ]  92% (101200/110000)
[Kchain  4 [===========================>  ]  91% (100100/110000)
[Kchain  5 [===========================>  ]  91% (100100/110000)
[Kchain  6 [===========================>  ]  91% (100100/110000)
[Kchain  7 [===========================>  ]  91% (100100/110000)
[Kchain  8 [===========================>  ]  92% (101200/110000)
[Kchain  9 [===========================>  ]  91% (100100/110000)
[Kchain 10 [===========================>  ]  91% (100100/110000)
[Kchain 11 [===========================>  ]  91% (100100/110000)
[13A[KRunning N=2 | per-chain progress
[Kchain  0 [===========================>  ]  93% (102300/110000)
[Kchain  1 [===========================>  ]  92% (101200/110000)
[Kchain  2 [===========================>  ]  91% (100100/110000)
[Kchain  3 [===========================>  ]  92% (101200/110000)
[Kchain  4 [===========================>  ]  91% (100100/110000)
[Kchain  5 [===========================>  ]  91% (100100/110000)
[Kchain  6 [===========================>  ]  91% (100100/110000)
[Kchain  7 [===========================>  ]  91% (100100/110000)
[Kchain  8 [===========================>  ]  92% (101200/110000)
[Kchain  9 [===========================>  ]  91% (100100/110000)
[Kchain 10 [===========================>  ]  91% (100100/110000)
[Kchain 11 [===========================>  ]  91% (100100/110000)
[13A[KRunning N=2 | per-chain progress
[Kchain  0 [===========================>  ]  93% (102300/110000)
[Kchain  1 [===========================>  ]  92% (101200/110000)
[Kchain  2 [===========================>  ]  91% (100100/110000)
[Kchain  3 [===========================>  ]  92% (101200/110000)
[Kchain  4 [===========================>  ]  91% (100100/110000)
[Kchain  5 [===========================>  ]  91% (100100/110000)
[Kchain  6 [===========================>  ]  92% (101200/110000)
[Kchain  7 [===========================>  ]  92% (101200/110000)
[Kchain  8 [===========================>  ]  92% (101200/110000)
[Kchain  9 [===========================>  ]  91% (100100/110000)
[Kchain 10 [===========================>  ]  91% (100100/110000)
[Kchain 11 [===========================>  ]  91% (100100/110000)
[13A[KRunning N=2 | per-chain progress
[Kchain  0 [===========================>  ]  93% (102300/110000)
[Kchain  1 [===========================>  ]  92% (101200/110000)
[Kchain  2 [===========================>  ]  91% (100100/110000)
[Kchain  3 [===========================>  ]  92% (101200/110000)
[Kchain  4 [===========================>  ]  91% (100100/110000)
[Kchain  5 [===========================>  ]  91% (100100/110000)
[Kchain  6 [===========================>  ]  92% (101200/110000)
[Kchain  7 [===========================>  ]  92% (101200/110000)
[Kchain  8 [===========================>  ]  92% (101200/110000)
[Kchain  9 [===========================>  ]  92% (101200/110000)
[Kchain 10 [===========================>  ]  91% (100100/110000)
[Kchain 11 [===========================>  ]  91% (100100/110000)
[13A[KRunning N=2 | per-chain progress
[Kchain  0 [===========================>  ]  93% (102300/110000)
[Kchain  1 [===========================>  ]  92% (101200/110000)
[Kchain  2 [===========================>  ]  91% (100100/110000)
[Kchain  3 [===========================>  ]  92% (101200/110000)
[Kchain  4 [===========================>  ]  91% (100100/110000)
[Kchain  5 [===========================>  ]  91% (100100/110000)
[Kchain  6 [===========================>  ]  92% (101200/110000)
[Kchain  7 [===========================>  ]  92% (101200/110000)
[Kchain  8 [===========================>  ]  92% (101200/110000)
[Kchain  9 [===========================>  ]  92% (101200/110000)
[Kchain 10 [===========================>  ]  91% (100100/110000)
[Kchain 11 [===========================>  ]  92% (101200/110000)
[13A[KRunning N=2 | per-chain progress
[Kchain  0 [===========================>  ]  93% (102300/110000)
[Kchain  1 [===========================>  ]  92% (101200/110000)
[Kchain  2 [===========================>  ]  91% (100100/110000)
[Kchain  3 [===========================>  ]  92% (101200/110000)
[Kchain  4 [===========================>  ]  91% (100100/110000)
[Kchain  5 [===========================>  ]  91% (100100/110000)
[Kchain  6 [===========================>  ]  92% (101200/110000)
[Kchain  7 [===========================>  ]  92% (101200/110000)
[Kchain  8 [===========================>  ]  92% (101200/110000)
[Kchain  9 [===========================>  ]  92% (101200/110000)
[Kchain 10 [===========================>  ]  91% (100100/110000)
[Kchain 11 [===========================>  ]  92% (101200/110000)
[13A[KRunning N=2 | per-chain progress
[Kchain  0 [===========================>  ]  93% (102300/110000)
[Kchain  1 [===========================>  ]  92% (101200/110000)
[Kchain  2 [===========================>  ]  91% (100100/110000)
[Kchain  3 [===========================>  ]  92% (101200/110000)
[Kchain  4 [===========================>  ]  91% (100100/110000)
[Kchain  5 [===========================>  ]  92% (101200/110000)
[Kchain  6 [===========================>  ]  92% (101200/110000)
[Kchain  7 [===========================>  ]  92% (101200/110000)
[Kchain  8 [===========================>  ]  92% (101200/110000)
[Kchain  9 [===========================>  ]  92% (101200/110000)
[Kchain 10 [===========================>  ]  91% (100100/110000)
[Kchain 11 [===========================>  ]  92% (101200/110000)
[13A[KRunning N=2 | per-chain progress
[Kchain  0 [===========================>  ]  93% (102300/110000)
[Kchain  1 [===========================>  ]  92% (101200/110000)
[Kchain  2 [===========================>  ]  91% (100100/110000)
[Kchain  3 [===========================>  ]  92% (101200/110000)
[Kchain  4 [===========================>  ]  92% (101200/110000)
[Kchain  5 [===========================>  ]  92% (101200/110000)
[Kchain  6 [===========================>  ]  92% (101200/110000)
[Kchain  7 [===========================>  ]  92% (101200/110000)
[Kchain  8 [===========================>  ]  92% (101200/110000)
[Kchain  9 [===========================>  ]  92% (101200/110000)
[Kchain 10 [===========================>  ]  92% (101200/110000)
[Kchain 11 [===========================>  ]  92% (101200/110000)
[13A[KRunning N=2 | per-chain progress
[Kchain  0 [===========================>  ]  93% (102300/110000)
[Kchain  1 [===========================>  ]  92% (101200/110000)
[Kchain  2 [===========================>  ]  91% (100100/110000)
[Kchain  3 [===========================>  ]  92% (101200/110000)
[Kchain  4 [===========================>  ]  92% (101200/110000)
[Kchain  5 [===========================>  ]  92% (101200/110000)
[Kchain  6 [===========================>  ]  92% (101200/110000)
[Kchain  7 [===========================>  ]  92% (101200/110000)
[Kchain  8 [===========================>  ]  92% (101200/110000)
[Kchain  9 [===========================>  ]  92% (101200/110000)
[Kchain 10 [===========================>  ]  92% (101200/110000)
[Kchain 11 [===========================>  ]  92% (101200/110000)
[13A[KRunning N=2 | per-chain progress
[Kchain  0 [===========================>  ]  93% (102300/110000)
[Kchain  1 [===========================>  ]  93% (102300/110000)
[Kchain  2 [===========================>  ]  91% (100100/110000)
[Kchain  3 [===========================>  ]  92% (101200/110000)
[Kchain  4 [===========================>  ]  92% (101200/110000)
[Kchain  5 [===========================>  ]  92% (101200/110000)
[Kchain  6 [===========================>  ]  92% (101200/110000)
[Kchain  7 [===========================>  ]  92% (101200/110000)
[Kchain  8 [===========================>  ]  92% (101200/110000)
[Kchain  9 [===========================>  ]  92% (101200/110000)
[Kchain 10 [===========================>  ]  92% (101200/110000)
[Kchain 11 [===========================>  ]  92% (101200/110000)
[13A[KRunning N=2 | per-chain progress
[Kchain  0 [===========================>  ]  93% (102300/110000)
[Kchain  1 [===========================>  ]  93% (102300/110000)
[Kchain  2 [===========================>  ]  92% (101200/110000)
[Kchain  3 [===========================>  ]  92% (101200/110000)
[Kchain  4 [===========================>  ]  92% (101200/110000)
[Kchain  5 [===========================>  ]  92% (101200/110000)
[Kchain  6 [===========================>  ]  92% (101200/110000)
[Kchain  7 [===========================>  ]  92% (101200/110000)
[Kchain  8 [===========================>  ]  93% (102300/110000)
[Kchain  9 [===========================>  ]  92% (101200/110000)
[Kchain 10 [===========================>  ]  92% (101200/110000)
[Kchain 11 [===========================>  ]  92% (101200/110000)
[13A[KRunning N=2 | per-chain progress
[Kchain  0 [===========================>  ]  93% (102300/110000)
[Kchain  1 [===========================>  ]  93% (102300/110000)
[Kchain  2 [===========================>  ]  92% (101200/110000)
[Kchain  3 [===========================>  ]  92% (101200/110000)
[Kchain  4 [===========================>  ]  92% (101200/110000)
[Kchain  5 [===========================>  ]  92% (101200/110000)
[Kchain  6 [===========================>  ]  92% (101200/110000)
[Kchain  7 [===========================>  ]  92% (101200/110000)
[Kchain  8 [===========================>  ]  93% (102300/110000)
[Kchain  9 [===========================>  ]  92% (101200/110000)
[Kchain 10 [===========================>  ]  92% (101200/110000)
[Kchain 11 [===========================>  ]  92% (101200/110000)
[13A[KRunning N=2 | per-chain progress
[Kchain  0 [===========================>  ]  93% (102300/110000)
[Kchain  1 [===========================>  ]  93% (102300/110000)
[Kchain  2 [===========================>  ]  92% (101200/110000)
[Kchain  3 [===========================>  ]  93% (102300/110000)
[Kchain  4 [===========================>  ]  92% (101200/110000)
[Kchain  5 [===========================>  ]  92% (101200/110000)
[Kchain  6 [===========================>  ]  92% (101200/110000)
[Kchain  7 [===========================>  ]  92% (101200/110000)
[Kchain  8 [===========================>  ]  93% (102300/110000)
[Kchain  9 [===========================>  ]  92% (101200/110000)
[Kchain 10 [===========================>  ]  92% (101200/110000)
[Kchain 11 [===========================>  ]  92% (101200/110000)
[13A[KRunning N=2 | per-chain progress
[Kchain  0 [============================> ]  94% (103400/110000)
[Kchain  1 [===========================>  ]  93% (102300/110000)
[Kchain  2 [===========================>  ]  92% (101200/110000)
[Kchain  3 [===========================>  ]  93% (102300/110000)
[Kchain  4 [===========================>  ]  92% (101200/110000)
[Kchain  5 [===========================>  ]  92% (101200/110000)
[Kchain  6 [===========================>  ]  92% (101200/110000)
[Kchain  7 [===========================>  ]  92% (101200/110000)
[Kchain  8 [===========================>  ]  93% (102300/110000)
[Kchain  9 [===========================>  ]  92% (101200/110000)
[Kchain 10 [===========================>  ]  92% (101200/110000)
[Kchain 11 [===========================>  ]  92% (101200/110000)
[13A[KRunning N=2 | per-chain progress
[Kchain  0 [============================> ]  94% (103400/110000)
[Kchain  1 [===========================>  ]  93% (102300/110000)
[Kchain  2 [===========================>  ]  92% (101200/110000)
[Kchain  3 [===========================>  ]  93% (102300/110000)
[Kchain  4 [===========================>  ]  92% (101200/110000)
[Kchain  5 [===========================>  ]  92% (101200/110000)
[Kchain  6 [===========================>  ]  93% (102300/110000)
[Kchain  7 [===========================>  ]  93% (102300/110000)
[Kchain  8 [===========================>  ]  93% (102300/110000)
[Kchain  9 [===========================>  ]  92% (101200/110000)
[Kchain 10 [===========================>  ]  92% (101200/110000)
[Kchain 11 [===========================>  ]  92% (101200/110000)
[13A[KRunning N=2 | per-chain progress
[Kchain  0 [============================> ]  94% (103400/110000)
[Kchain  1 [===========================>  ]  93% (102300/110000)
[Kchain  2 [===========================>  ]  92% (101200/110000)
[Kchain  3 [===========================>  ]  93% (102300/110000)
[Kchain  4 [===========================>  ]  92% (101200/110000)
[Kchain  5 [===========================>  ]  92% (101200/110000)
[Kchain  6 [===========================>  ]  93% (102300/110000)
[Kchain  7 [===========================>  ]  93% (102300/110000)
[Kchain  8 [===========================>  ]  93% (102300/110000)
[Kchain  9 [===========================>  ]  93% (102300/110000)
[Kchain 10 [===========================>  ]  92% (101200/110000)
[Kchain 11 [===========================>  ]  92% (101200/110000)
[13A[KRunning N=2 | per-chain progress
[Kchain  0 [============================> ]  94% (103400/110000)
[Kchain  1 [===========================>  ]  93% (102300/110000)
[Kchain  2 [===========================>  ]  92% (101200/110000)
[Kchain  3 [===========================>  ]  93% (102300/110000)
[Kchain  4 [===========================>  ]  92% (101200/110000)
[Kchain  5 [===========================>  ]  92% (101200/110000)
[Kchain  6 [===========================>  ]  93% (102300/110000)
[Kchain  7 [===========================>  ]  93% (102300/110000)
[Kchain  8 [===========================>  ]  93% (102300/110000)
[Kchain  9 [===========================>  ]  93% (102300/110000)
[Kchain 10 [===========================>  ]  92% (101200/110000)
[Kchain 11 [===========================>  ]  93% (102300/110000)
[13A[KRunning N=2 | per-chain progress
[Kchain  0 [============================> ]  94% (103400/110000)
[Kchain  1 [===========================>  ]  93% (102300/110000)
[Kchain  2 [===========================>  ]  92% (101200/110000)
[Kchain  3 [===========================>  ]  93% (102300/110000)
[Kchain  4 [===========================>  ]  92% (101200/110000)
[Kchain  5 [===========================>  ]  92% (101200/110000)
[Kchain  6 [===========================>  ]  93% (102300/110000)
[Kchain  7 [===========================>  ]  93% (102300/110000)
[Kchain  8 [===========================>  ]  93% (102300/110000)
[Kchain  9 [===========================>  ]  93% (102300/110000)
[Kchain 10 [===========================>  ]  92% (101200/110000)
[Kchain 11 [===========================>  ]  93% (102300/110000)
[13A[KRunning N=2 | per-chain progress
[Kchain  0 [============================> ]  94% (103400/110000)
[Kchain  1 [===========================>  ]  93% (102300/110000)
[Kchain  2 [===========================>  ]  92% (101200/110000)
[Kchain  3 [===========================>  ]  93% (102300/110000)
[Kchain  4 [===========================>  ]  92% (101200/110000)
[Kchain  5 [===========================>  ]  93% (102300/110000)
[Kchain  6 [===========================>  ]  93% (102300/110000)
[Kchain  7 [===========================>  ]  93% (102300/110000)
[Kchain  8 [===========================>  ]  93% (102300/110000)
[Kchain  9 [===========================>  ]  93% (102300/110000)
[Kchain 10 [===========================>  ]  92% (101200/110000)
[Kchain 11 [===========================>  ]  93% (102300/110000)
[13A[KRunning N=2 | per-chain progress
[Kchain  0 [============================> ]  94% (103400/110000)
[Kchain  1 [===========================>  ]  93% (102300/110000)
[Kchain  2 [===========================>  ]  92% (101200/110000)
[Kchain  3 [===========================>  ]  93% (102300/110000)
[Kchain  4 [===========================>  ]  93% (102300/110000)
[Kchain  5 [===========================>  ]  93% (102300/110000)
[Kchain  6 [===========================>  ]  93% (102300/110000)
[Kchain  7 [===========================>  ]  93% (102300/110000)
[Kchain  8 [===========================>  ]  93% (102300/110000)
[Kchain  9 [===========================>  ]  93% (102300/110000)
[Kchain 10 [===========================>  ]  93% (102300/110000)
[Kchain 11 [===========================>  ]  93% (102300/110000)
[13A[KRunning N=2 | per-chain progress
[Kchain  0 [============================> ]  94% (103400/110000)
[Kchain  1 [===========================>  ]  93% (102300/110000)
[Kchain  2 [===========================>  ]  92% (101200/110000)
[Kchain  3 [===========================>  ]  93% (102300/110000)
[Kchain  4 [===========================>  ]  93% (102300/110000)
[Kchain  5 [===========================>  ]  93% (102300/110000)
[Kchain  6 [===========================>  ]  93% (102300/110000)
[Kchain  7 [===========================>  ]  93% (102300/110000)
[Kchain  8 [===========================>  ]  93% (102300/110000)
[Kchain  9 [===========================>  ]  93% (102300/110000)
[Kchain 10 [===========================>  ]  93% (102300/110000)
[Kchain 11 [===========================>  ]  93% (102300/110000)
[13A[KRunning N=2 | per-chain progress
[Kchain  0 [============================> ]  94% (103400/110000)
[Kchain  1 [============================> ]  94% (103400/110000)
[Kchain  2 [===========================>  ]  92% (101200/110000)
[Kchain  3 [===========================>  ]  93% (102300/110000)
[Kchain  4 [===========================>  ]  93% (102300/110000)
[Kchain  5 [===========================>  ]  93% (102300/110000)
[Kchain  6 [===========================>  ]  93% (102300/110000)
[Kchain  7 [===========================>  ]  93% (102300/110000)
[Kchain  8 [===========================>  ]  93% (102300/110000)
[Kchain  9 [===========================>  ]  93% (102300/110000)
[Kchain 10 [===========================>  ]  93% (102300/110000)
[Kchain 11 [===========================>  ]  93% (102300/110000)
[13A[KRunning N=2 | per-chain progress
[Kchain  0 [============================> ]  94% (103400/110000)
[Kchain  1 [============================> ]  94% (103400/110000)
[Kchain  2 [===========================>  ]  93% (102300/110000)
[Kchain  3 [===========================>  ]  93% (102300/110000)
[Kchain  4 [===========================>  ]  93% (102300/110000)
[Kchain  5 [===========================>  ]  93% (102300/110000)
[Kchain  6 [===========================>  ]  93% (102300/110000)
[Kchain  7 [===========================>  ]  93% (102300/110000)
[Kchain  8 [============================> ]  94% (103400/110000)
[Kchain  9 [===========================>  ]  93% (102300/110000)
[Kchain 10 [===========================>  ]  93% (102300/110000)
[Kchain 11 [===========================>  ]  93% (102300/110000)
[13A[KRunning N=2 | per-chain progress
[Kchain  0 [============================> ]  94% (103400/110000)
[Kchain  1 [============================> ]  94% (103400/110000)
[Kchain  2 [===========================>  ]  93% (102300/110000)
[Kchain  3 [===========================>  ]  93% (102300/110000)
[Kchain  4 [===========================>  ]  93% (102300/110000)
[Kchain  5 [===========================>  ]  93% (102300/110000)
[Kchain  6 [===========================>  ]  93% (102300/110000)
[Kchain  7 [===========================>  ]  93% (102300/110000)
[Kchain  8 [============================> ]  94% (103400/110000)
[Kchain  9 [===========================>  ]  93% (102300/110000)
[Kchain 10 [===========================>  ]  93% (102300/110000)
[Kchain 11 [===========================>  ]  93% (102300/110000)
[13A[KRunning N=2 | per-chain progress
[Kchain  0 [============================> ]  94% (103400/110000)
[Kchain  1 [============================> ]  94% (103400/110000)
[Kchain  2 [===========================>  ]  93% (102300/110000)
[Kchain  3 [============================> ]  94% (103400/110000)
[Kchain  4 [===========================>  ]  93% (102300/110000)
[Kchain  5 [===========================>  ]  93% (102300/110000)
[Kchain  6 [===========================>  ]  93% (102300/110000)
[Kchain  7 [===========================>  ]  93% (102300/110000)
[Kchain  8 [============================> ]  94% (103400/110000)
[Kchain  9 [===========================>  ]  93% (102300/110000)
[Kchain 10 [===========================>  ]  93% (102300/110000)
[Kchain 11 [===========================>  ]  93% (102300/110000)
[13A[KRunning N=2 | per-chain progress
[Kchain  0 [============================> ]  95% (104500/110000)
[Kchain  1 [============================> ]  94% (103400/110000)
[Kchain  2 [===========================>  ]  93% (102300/110000)
[Kchain  3 [============================> ]  94% (103400/110000)
[Kchain  4 [===========================>  ]  93% (102300/110000)
[Kchain  5 [===========================>  ]  93% (102300/110000)
[Kchain  6 [===========================>  ]  93% (102300/110000)
[Kchain  7 [===========================>  ]  93% (102300/110000)
[Kchain  8 [============================> ]  94% (103400/110000)
[Kchain  9 [===========================>  ]  93% (102300/110000)
[Kchain 10 [===========================>  ]  93% (102300/110000)
[Kchain 11 [===========================>  ]  93% (102300/110000)
[13A[KRunning N=2 | per-chain progress
[Kchain  0 [============================> ]  95% (104500/110000)
[Kchain  1 [============================> ]  94% (103400/110000)
[Kchain  2 [===========================>  ]  93% (102300/110000)
[Kchain  3 [============================> ]  94% (103400/110000)
[Kchain  4 [===========================>  ]  93% (102300/110000)
[Kchain  5 [===========================>  ]  93% (102300/110000)
[Kchain  6 [============================> ]  94% (103400/110000)
[Kchain  7 [============================> ]  94% (103400/110000)
[Kchain  8 [============================> ]  94% (103400/110000)
[Kchain  9 [===========================>  ]  93% (102300/110000)
[Kchain 10 [===========================>  ]  93% (102300/110000)
[Kchain 11 [===========================>  ]  93% (102300/110000)
[13A[KRunning N=2 | per-chain progress
[Kchain  0 [============================> ]  95% (104500/110000)
[Kchain  1 [============================> ]  94% (103400/110000)
[Kchain  2 [===========================>  ]  93% (102300/110000)
[Kchain  3 [============================> ]  94% (103400/110000)
[Kchain  4 [===========================>  ]  93% (102300/110000)
[Kchain  5 [===========================>  ]  93% (102300/110000)
[Kchain  6 [============================> ]  94% (103400/110000)
[Kchain  7 [============================> ]  94% (103400/110000)
[Kchain  8 [============================> ]  94% (103400/110000)
[Kchain  9 [============================> ]  94% (103400/110000)
[Kchain 10 [===========================>  ]  93% (102300/110000)
[Kchain 11 [===========================>  ]  93% (102300/110000)
[13A[KRunning N=2 | per-chain progress
[Kchain  0 [============================> ]  95% (104500/110000)
[Kchain  1 [============================> ]  94% (103400/110000)
[Kchain  2 [===========================>  ]  93% (102300/110000)
[Kchain  3 [============================> ]  94% (103400/110000)
[Kchain  4 [===========================>  ]  93% (102300/110000)
[Kchain  5 [===========================>  ]  93% (102300/110000)
[Kchain  6 [============================> ]  94% (103400/110000)
[Kchain  7 [============================> ]  94% (103400/110000)
[Kchain  8 [============================> ]  94% (103400/110000)
[Kchain  9 [============================> ]  94% (103400/110000)
[Kchain 10 [===========================>  ]  93% (102300/110000)
[Kchain 11 [============================> ]  94% (103400/110000)
[13A[KRunning N=2 | per-chain progress
[Kchain  0 [============================> ]  95% (104500/110000)
[Kchain  1 [============================> ]  94% (103400/110000)
[Kchain  2 [===========================>  ]  93% (102300/110000)
[Kchain  3 [============================> ]  94% (103400/110000)
[Kchain  4 [===========================>  ]  93% (102300/110000)
[Kchain  5 [===========================>  ]  93% (102300/110000)
[Kchain  6 [============================> ]  94% (103400/110000)
[Kchain  7 [============================> ]  94% (103400/110000)
[Kchain  8 [============================> ]  94% (103400/110000)
[Kchain  9 [============================> ]  94% (103400/110000)
[Kchain 10 [===========================>  ]  93% (102300/110000)
[Kchain 11 [============================> ]  94% (103400/110000)
[13A[KRunning N=2 | per-chain progress
[Kchain  0 [============================> ]  95% (104500/110000)
[Kchain  1 [============================> ]  94% (103400/110000)
[Kchain  2 [===========================>  ]  93% (102300/110000)
[Kchain  3 [============================> ]  94% (103400/110000)
[Kchain  4 [===========================>  ]  93% (102300/110000)
[Kchain  5 [============================> ]  94% (103400/110000)
[Kchain  6 [============================> ]  94% (103400/110000)
[Kchain  7 [============================> ]  94% (103400/110000)
[Kchain  8 [============================> ]  94% (103400/110000)
[Kchain  9 [============================> ]  94% (103400/110000)
[Kchain 10 [===========================>  ]  93% (102300/110000)
[Kchain 11 [============================> ]  94% (103400/110000)
[13A[KRunning N=2 | per-chain progress
[Kchain  0 [============================> ]  95% (104500/110000)
[Kchain  1 [============================> ]  94% (103400/110000)
[Kchain  2 [===========================>  ]  93% (102300/110000)
[Kchain  3 [============================> ]  94% (103400/110000)
[Kchain  4 [============================> ]  94% (103400/110000)
[Kchain  5 [============================> ]  94% (103400/110000)
[Kchain  6 [============================> ]  94% (103400/110000)
[Kchain  7 [============================> ]  94% (103400/110000)
[Kchain  8 [============================> ]  94% (103400/110000)
[Kchain  9 [============================> ]  94% (103400/110000)
[Kchain 10 [============================> ]  94% (103400/110000)
[Kchain 11 [============================> ]  94% (103400/110000)
[13A[KRunning N=2 | per-chain progress
[Kchain  0 [============================> ]  95% (104500/110000)
[Kchain  1 [============================> ]  94% (103400/110000)
[Kchain  2 [===========================>  ]  93% (102300/110000)
[Kchain  3 [============================> ]  94% (103400/110000)
[Kchain  4 [============================> ]  94% (103400/110000)
[Kchain  5 [============================> ]  94% (103400/110000)
[Kchain  6 [============================> ]  94% (103400/110000)
[Kchain  7 [============================> ]  94% (103400/110000)
[Kchain  8 [============================> ]  94% (103400/110000)
[Kchain  9 [============================> ]  94% (103400/110000)
[Kchain 10 [============================> ]  94% (103400/110000)
[Kchain 11 [============================> ]  94% (103400/110000)
[13A[KRunning N=2 | per-chain progress
[Kchain  0 [============================> ]  95% (104500/110000)
[Kchain  1 [============================> ]  95% (104500/110000)
[Kchain  2 [===========================>  ]  93% (102300/110000)
[Kchain  3 [============================> ]  94% (103400/110000)
[Kchain  4 [============================> ]  94% (103400/110000)
[Kchain  5 [============================> ]  94% (103400/110000)
[Kchain  6 [============================> ]  94% (103400/110000)
[Kchain  7 [============================> ]  94% (103400/110000)
[Kchain  8 [============================> ]  94% (103400/110000)
[Kchain  9 [============================> ]  94% (103400/110000)
[Kchain 10 [============================> ]  94% (103400/110000)
[Kchain 11 [============================> ]  94% (103400/110000)
[13A[KRunning N=2 | per-chain progress
[Kchain  0 [============================> ]  95% (104500/110000)
[Kchain  1 [============================> ]  95% (104500/110000)
[Kchain  2 [============================> ]  94% (103400/110000)
[Kchain  3 [============================> ]  94% (103400/110000)
[Kchain  4 [============================> ]  94% (103400/110000)
[Kchain  5 [============================> ]  94% (103400/110000)
[Kchain  6 [============================> ]  94% (103400/110000)
[Kchain  7 [============================> ]  94% (103400/110000)
[Kchain  8 [============================> ]  95% (104500/110000)
[Kchain  9 [============================> ]  94% (103400/110000)
[Kchain 10 [============================> ]  94% (103400/110000)
[Kchain 11 [============================> ]  94% (103400/110000)
[13A[KRunning N=2 | per-chain progress
[Kchain  0 [============================> ]  95% (104500/110000)
[Kchain  1 [============================> ]  95% (104500/110000)
[Kchain  2 [============================> ]  94% (103400/110000)
[Kchain  3 [============================> ]  94% (103400/110000)
[Kchain  4 [============================> ]  94% (103400/110000)
[Kchain  5 [============================> ]  94% (103400/110000)
[Kchain  6 [============================> ]  94% (103400/110000)
[Kchain  7 [============================> ]  94% (103400/110000)
[Kchain  8 [============================> ]  95% (104500/110000)
[Kchain  9 [============================> ]  94% (103400/110000)
[Kchain 10 [============================> ]  94% (103400/110000)
[Kchain 11 [============================> ]  94% (103400/110000)
[13A[KRunning N=2 | per-chain progress
[Kchain  0 [============================> ]  95% (104500/110000)
[Kchain  1 [============================> ]  95% (104500/110000)
[Kchain  2 [============================> ]  94% (103400/110000)
[Kchain  3 [============================> ]  95% (104500/110000)
[Kchain  4 [============================> ]  94% (103400/110000)
[Kchain  5 [============================> ]  94% (103400/110000)
[Kchain  6 [============================> ]  94% (103400/110000)
[Kchain  7 [============================> ]  94% (103400/110000)
[Kchain  8 [============================> ]  95% (104500/110000)
[Kchain  9 [============================> ]  94% (103400/110000)
[Kchain 10 [============================> ]  94% (103400/110000)
[Kchain 11 [============================> ]  94% (103400/110000)
[13A[KRunning N=2 | per-chain progress
[Kchain  0 [============================> ]  96% (105600/110000)
[Kchain  1 [============================> ]  95% (104500/110000)
[Kchain  2 [============================> ]  94% (103400/110000)
[Kchain  3 [============================> ]  95% (104500/110000)
[Kchain  4 [============================> ]  94% (103400/110000)
[Kchain  5 [============================> ]  94% (103400/110000)
[Kchain  6 [============================> ]  95% (104500/110000)
[Kchain  7 [============================> ]  94% (103400/110000)
[Kchain  8 [============================> ]  95% (104500/110000)
[Kchain  9 [============================> ]  94% (103400/110000)
[Kchain 10 [============================> ]  94% (103400/110000)
[Kchain 11 [============================> ]  94% (103400/110000)
[13A[KRunning N=2 | per-chain progress
[Kchain  0 [============================> ]  96% (105600/110000)
[Kchain  1 [============================> ]  95% (104500/110000)
[Kchain  2 [============================> ]  94% (103400/110000)
[Kchain  3 [============================> ]  95% (104500/110000)
[Kchain  4 [============================> ]  94% (103400/110000)
[Kchain  5 [============================> ]  94% (103400/110000)
[Kchain  6 [============================> ]  95% (104500/110000)
[Kchain  7 [============================> ]  95% (104500/110000)
[Kchain  8 [============================> ]  95% (104500/110000)
[Kchain  9 [============================> ]  94% (103400/110000)
[Kchain 10 [============================> ]  94% (103400/110000)
[Kchain 11 [============================> ]  94% (103400/110000)
[13A[KRunning N=2 | per-chain progress
[Kchain  0 [============================> ]  96% (105600/110000)
[Kchain  1 [============================> ]  95% (104500/110000)
[Kchain  2 [============================> ]  94% (103400/110000)
[Kchain  3 [============================> ]  95% (104500/110000)
[Kchain  4 [============================> ]  94% (103400/110000)
[Kchain  5 [============================> ]  94% (103400/110000)
[Kchain  6 [============================> ]  95% (104500/110000)
[Kchain  7 [============================> ]  95% (104500/110000)
[Kchain  8 [============================> ]  95% (104500/110000)
[Kchain  9 [============================> ]  95% (104500/110000)
[Kchain 10 [============================> ]  94% (103400/110000)
[Kchain 11 [============================> ]  94% (103400/110000)
[13A[KRunning N=2 | per-chain progress
[Kchain  0 [============================> ]  96% (105600/110000)
[Kchain  1 [============================> ]  95% (104500/110000)
[Kchain  2 [============================> ]  94% (103400/110000)
[Kchain  3 [============================> ]  95% (104500/110000)
[Kchain  4 [============================> ]  94% (103400/110000)
[Kchain  5 [============================> ]  94% (103400/110000)
[Kchain  6 [============================> ]  95% (104500/110000)
[Kchain  7 [============================> ]  95% (104500/110000)
[Kchain  8 [============================> ]  95% (104500/110000)
[Kchain  9 [============================> ]  95% (104500/110000)
[Kchain 10 [============================> ]  94% (103400/110000)
[Kchain 11 [============================> ]  95% (104500/110000)
[13A[KRunning N=2 | per-chain progress
[Kchain  0 [============================> ]  96% (105600/110000)
[Kchain  1 [============================> ]  95% (104500/110000)
[Kchain  2 [============================> ]  94% (103400/110000)
[Kchain  3 [============================> ]  95% (104500/110000)
[Kchain  4 [============================> ]  94% (103400/110000)
[Kchain  5 [============================> ]  94% (103400/110000)
[Kchain  6 [============================> ]  95% (104500/110000)
[Kchain  7 [============================> ]  95% (104500/110000)
[Kchain  8 [============================> ]  95% (104500/110000)
[Kchain  9 [============================> ]  95% (104500/110000)
[Kchain 10 [============================> ]  94% (103400/110000)
[Kchain 11 [============================> ]  95% (104500/110000)
[13A[KRunning N=2 | per-chain progress
[Kchain  0 [============================> ]  96% (105600/110000)
[Kchain  1 [============================> ]  95% (104500/110000)
[Kchain  2 [============================> ]  94% (103400/110000)
[Kchain  3 [============================> ]  95% (104500/110000)
[Kchain  4 [============================> ]  94% (103400/110000)
[Kchain  5 [============================> ]  95% (104500/110000)
[Kchain  6 [============================> ]  95% (104500/110000)
[Kchain  7 [============================> ]  95% (104500/110000)
[Kchain  8 [============================> ]  95% (104500/110000)
[Kchain  9 [============================> ]  95% (104500/110000)
[Kchain 10 [============================> ]  94% (103400/110000)
[Kchain 11 [============================> ]  95% (104500/110000)
[13A[KRunning N=2 | per-chain progress
[Kchain  0 [============================> ]  96% (105600/110000)
[Kchain  1 [============================> ]  95% (104500/110000)
[Kchain  2 [============================> ]  94% (103400/110000)
[Kchain  3 [============================> ]  95% (104500/110000)
[Kchain  4 [============================> ]  95% (104500/110000)
[Kchain  5 [============================> ]  95% (104500/110000)
[Kchain  6 [============================> ]  95% (104500/110000)
[Kchain  7 [============================> ]  95% (104500/110000)
[Kchain  8 [============================> ]  95% (104500/110000)
[Kchain  9 [============================> ]  95% (104500/110000)
[Kchain 10 [============================> ]  95% (104500/110000)
[Kchain 11 [============================> ]  95% (104500/110000)
[13A[KRunning N=2 | per-chain progress
[Kchain  0 [============================> ]  96% (105600/110000)
[Kchain  1 [============================> ]  95% (104500/110000)
[Kchain  2 [============================> ]  94% (103400/110000)
[Kchain  3 [============================> ]  95% (104500/110000)
[Kchain  4 [============================> ]  95% (104500/110000)
[Kchain  5 [============================> ]  95% (104500/110000)
[Kchain  6 [============================> ]  95% (104500/110000)
[Kchain  7 [============================> ]  95% (104500/110000)
[Kchain  8 [============================> ]  95% (104500/110000)
[Kchain  9 [============================> ]  95% (104500/110000)
[Kchain 10 [============================> ]  95% (104500/110000)
[Kchain 11 [============================> ]  95% (104500/110000)
[13A[KRunning N=2 | per-chain progress
[Kchain  0 [============================> ]  96% (105600/110000)
[Kchain  1 [============================> ]  96% (105600/110000)
[Kchain  2 [============================> ]  94% (103400/110000)
[Kchain  3 [============================> ]  95% (104500/110000)
[Kchain  4 [============================> ]  95% (104500/110000)
[Kchain  5 [============================> ]  95% (104500/110000)
[Kchain  6 [============================> ]  95% (104500/110000)
[Kchain  7 [============================> ]  95% (104500/110000)
[Kchain  8 [============================> ]  95% (104500/110000)
[Kchain  9 [============================> ]  95% (104500/110000)
[Kchain 10 [============================> ]  95% (104500/110000)
[Kchain 11 [============================> ]  95% (104500/110000)
[13A[KRunning N=2 | per-chain progress
[Kchain  0 [============================> ]  96% (105600/110000)
[Kchain  1 [============================> ]  96% (105600/110000)
[Kchain  2 [============================> ]  95% (104500/110000)
[Kchain  3 [============================> ]  95% (104500/110000)
[Kchain  4 [============================> ]  95% (104500/110000)
[Kchain  5 [============================> ]  95% (104500/110000)
[Kchain  6 [============================> ]  95% (104500/110000)
[Kchain  7 [============================> ]  95% (104500/110000)
[Kchain  8 [============================> ]  96% (105600/110000)
[Kchain  9 [============================> ]  95% (104500/110000)
[Kchain 10 [============================> ]  95% (104500/110000)
[Kchain 11 [============================> ]  95% (104500/110000)
[13A[KRunning N=2 | per-chain progress
[Kchain  0 [============================> ]  96% (105600/110000)
[Kchain  1 [============================> ]  96% (105600/110000)
[Kchain  2 [============================> ]  95% (104500/110000)
[Kchain  3 [============================> ]  95% (104500/110000)
[Kchain  4 [============================> ]  95% (104500/110000)
[Kchain  5 [============================> ]  95% (104500/110000)
[Kchain  6 [============================> ]  95% (104500/110000)
[Kchain  7 [============================> ]  95% (104500/110000)
[Kchain  8 [============================> ]  96% (105600/110000)
[Kchain  9 [============================> ]  95% (104500/110000)
[Kchain 10 [============================> ]  95% (104500/110000)
[Kchain 11 [============================> ]  95% (104500/110000)
[13A[KRunning N=2 | per-chain progress
[Kchain  0 [============================> ]  96% (105600/110000)
[Kchain  1 [============================> ]  96% (105600/110000)
[Kchain  2 [============================> ]  95% (104500/110000)
[Kchain  3 [============================> ]  96% (105600/110000)
[Kchain  4 [============================> ]  95% (104500/110000)
[Kchain  5 [============================> ]  95% (104500/110000)
[Kchain  6 [============================> ]  95% (104500/110000)
[Kchain  7 [============================> ]  95% (104500/110000)
[Kchain  8 [============================> ]  96% (105600/110000)
[Kchain  9 [============================> ]  95% (104500/110000)
[Kchain 10 [============================> ]  95% (104500/110000)
[Kchain 11 [============================> ]  95% (104500/110000)
[13A[KRunning N=2 | per-chain progress
[Kchain  0 [=============================>]  97% (106700/110000)
[Kchain  1 [============================> ]  96% (105600/110000)
[Kchain  2 [============================> ]  95% (104500/110000)
[Kchain  3 [============================> ]  96% (105600/110000)
[Kchain  4 [============================> ]  95% (104500/110000)
[Kchain  5 [============================> ]  95% (104500/110000)
[Kchain  6 [============================> ]  96% (105600/110000)
[Kchain  7 [============================> ]  95% (104500/110000)
[Kchain  8 [============================> ]  96% (105600/110000)
[Kchain  9 [============================> ]  95% (104500/110000)
[Kchain 10 [============================> ]  95% (104500/110000)
[Kchain 11 [============================> ]  95% (104500/110000)
[13A[KRunning N=2 | per-chain progress
[Kchain  0 [=============================>]  97% (106700/110000)
[Kchain  1 [============================> ]  96% (105600/110000)
[Kchain  2 [============================> ]  95% (104500/110000)
[Kchain  3 [============================> ]  96% (105600/110000)
[Kchain  4 [============================> ]  95% (104500/110000)
[Kchain  5 [============================> ]  95% (104500/110000)
[Kchain  6 [============================> ]  96% (105600/110000)
[Kchain  7 [============================> ]  96% (105600/110000)
[Kchain  8 [============================> ]  96% (105600/110000)
[Kchain  9 [============================> ]  95% (104500/110000)
[Kchain 10 [============================> ]  95% (104500/110000)
[Kchain 11 [============================> ]  95% (104500/110000)
[13A[KRunning N=2 | per-chain progress
[Kchain  0 [=============================>]  97% (106700/110000)
[Kchain  1 [============================> ]  96% (105600/110000)
[Kchain  2 [============================> ]  95% (104500/110000)
[Kchain  3 [============================> ]  96% (105600/110000)
[Kchain  4 [============================> ]  95% (104500/110000)
[Kchain  5 [============================> ]  95% (104500/110000)
[Kchain  6 [============================> ]  96% (105600/110000)
[Kchain  7 [============================> ]  96% (105600/110000)
[Kchain  8 [============================> ]  96% (105600/110000)
[Kchain  9 [============================> ]  96% (105600/110000)
[Kchain 10 [============================> ]  95% (104500/110000)
[Kchain 11 [============================> ]  95% (104500/110000)
[13A[KRunning N=2 | per-chain progress
[Kchain  0 [=============================>]  97% (106700/110000)
[Kchain  1 [============================> ]  96% (105600/110000)
[Kchain  2 [============================> ]  95% (104500/110000)
[Kchain  3 [============================> ]  96% (105600/110000)
[Kchain  4 [============================> ]  95% (104500/110000)
[Kchain  5 [============================> ]  95% (104500/110000)
[Kchain  6 [============================> ]  96% (105600/110000)
[Kchain  7 [============================> ]  96% (105600/110000)
[Kchain  8 [============================> ]  96% (105600/110000)
[Kchain  9 [============================> ]  96% (105600/110000)
[Kchain 10 [============================> ]  95% (104500/110000)
[Kchain 11 [============================> ]  96% (105600/110000)
[13A[KRunning N=2 | per-chain progress
[Kchain  0 [=============================>]  97% (106700/110000)
[Kchain  1 [============================> ]  96% (105600/110000)
[Kchain  2 [============================> ]  95% (104500/110000)
[Kchain  3 [============================> ]  96% (105600/110000)
[Kchain  4 [============================> ]  95% (104500/110000)
[Kchain  5 [============================> ]  95% (104500/110000)
[Kchain  6 [============================> ]  96% (105600/110000)
[Kchain  7 [============================> ]  96% (105600/110000)
[Kchain  8 [============================> ]  96% (105600/110000)
[Kchain  9 [============================> ]  96% (105600/110000)
[Kchain 10 [============================> ]  95% (104500/110000)
[Kchain 11 [============================> ]  96% (105600/110000)
[13A[KRunning N=2 | per-chain progress
[Kchain  0 [=============================>]  97% (106700/110000)
[Kchain  1 [============================> ]  96% (105600/110000)
[Kchain  2 [============================> ]  95% (104500/110000)
[Kchain  3 [============================> ]  96% (105600/110000)
[Kchain  4 [============================> ]  95% (104500/110000)
[Kchain  5 [============================> ]  96% (105600/110000)
[Kchain  6 [============================> ]  96% (105600/110000)
[Kchain  7 [============================> ]  96% (105600/110000)
[Kchain  8 [============================> ]  96% (105600/110000)
[Kchain  9 [============================> ]  96% (105600/110000)
[Kchain 10 [============================> ]  95% (104500/110000)
[Kchain 11 [============================> ]  96% (105600/110000)
[13A[KRunning N=2 | per-chain progress
[Kchain  0 [=============================>]  97% (106700/110000)
[Kchain  1 [============================> ]  96% (105600/110000)
[Kchain  2 [============================> ]  95% (104500/110000)
[Kchain  3 [============================> ]  96% (105600/110000)
[Kchain  4 [============================> ]  96% (105600/110000)
[Kchain  5 [============================> ]  96% (105600/110000)
[Kchain  6 [============================> ]  96% (105600/110000)
[Kchain  7 [============================> ]  96% (105600/110000)
[Kchain  8 [============================> ]  96% (105600/110000)
[Kchain  9 [============================> ]  96% (105600/110000)
[Kchain 10 [============================> ]  96% (105600/110000)
[Kchain 11 [============================> ]  96% (105600/110000)
[13A[KRunning N=2 | per-chain progress
[Kchain  0 [=============================>]  97% (106700/110000)
[Kchain  1 [============================> ]  96% (105600/110000)
[Kchain  2 [============================> ]  95% (104500/110000)
[Kchain  3 [============================> ]  96% (105600/110000)
[Kchain  4 [============================> ]  96% (105600/110000)
[Kchain  5 [============================> ]  96% (105600/110000)
[Kchain  6 [============================> ]  96% (105600/110000)
[Kchain  7 [============================> ]  96% (105600/110000)
[Kchain  8 [============================> ]  96% (105600/110000)
[Kchain  9 [============================> ]  96% (105600/110000)
[Kchain 10 [============================> ]  96% (105600/110000)
[Kchain 11 [============================> ]  96% (105600/110000)
[13A[KRunning N=2 | per-chain progress
[Kchain  0 [=============================>]  97% (106700/110000)
[Kchain  1 [=============================>]  97% (106700/110000)
[Kchain  2 [============================> ]  95% (104500/110000)
[Kchain  3 [============================> ]  96% (105600/110000)
[Kchain  4 [============================> ]  96% (105600/110000)
[Kchain  5 [============================> ]  96% (105600/110000)
[Kchain  6 [============================> ]  96% (105600/110000)
[Kchain  7 [============================> ]  96% (105600/110000)
[Kchain  8 [============================> ]  96% (105600/110000)
[Kchain  9 [============================> ]  96% (105600/110000)
[Kchain 10 [============================> ]  96% (105600/110000)
[Kchain 11 [============================> ]  96% (105600/110000)
[13A[KRunning N=2 | per-chain progress
[Kchain  0 [=============================>]  97% (106700/110000)
[Kchain  1 [=============================>]  97% (106700/110000)
[Kchain  2 [============================> ]  96% (105600/110000)
[Kchain  3 [============================> ]  96% (105600/110000)
[Kchain  4 [============================> ]  96% (105600/110000)
[Kchain  5 [============================> ]  96% (105600/110000)
[Kchain  6 [============================> ]  96% (105600/110000)
[Kchain  7 [============================> ]  96% (105600/110000)
[Kchain  8 [=============================>]  97% (106700/110000)
[Kchain  9 [============================> ]  96% (105600/110000)
[Kchain 10 [============================> ]  96% (105600/110000)
[Kchain 11 [============================> ]  96% (105600/110000)
[13A[KRunning N=2 | per-chain progress
[Kchain  0 [=============================>]  97% (106700/110000)
[Kchain  1 [=============================>]  97% (106700/110000)
[Kchain  2 [============================> ]  96% (105600/110000)
[Kchain  3 [============================> ]  96% (105600/110000)
[Kchain  4 [============================> ]  96% (105600/110000)
[Kchain  5 [============================> ]  96% (105600/110000)
[Kchain  6 [============================> ]  96% (105600/110000)
[Kchain  7 [============================> ]  96% (105600/110000)
[Kchain  8 [=============================>]  97% (106700/110000)
[Kchain  9 [============================> ]  96% (105600/110000)
[Kchain 10 [============================> ]  96% (105600/110000)
[Kchain 11 [============================> ]  96% (105600/110000)
[13A[KRunning N=2 | per-chain progress
[Kchain  0 [=============================>]  97% (106700/110000)
[Kchain  1 [=============================>]  97% (106700/110000)
[Kchain  2 [============================> ]  96% (105600/110000)
[Kchain  3 [=============================>]  97% (106700/110000)
[Kchain  4 [============================> ]  96% (105600/110000)
[Kchain  5 [============================> ]  96% (105600/110000)
[Kchain  6 [============================> ]  96% (105600/110000)
[Kchain  7 [============================> ]  96% (105600/110000)
[Kchain  8 [=============================>]  97% (106700/110000)
[Kchain  9 [============================> ]  96% (105600/110000)
[Kchain 10 [============================> ]  96% (105600/110000)
[Kchain 11 [============================> ]  96% (105600/110000)
[13A[KRunning N=2 | per-chain progress
[Kchain  0 [=============================>]  98% (107800/110000)
[Kchain  1 [=============================>]  97% (106700/110000)
[Kchain  2 [============================> ]  96% (105600/110000)
[Kchain  3 [=============================>]  97% (106700/110000)
[Kchain  4 [============================> ]  96% (105600/110000)
[Kchain  5 [============================> ]  96% (105600/110000)
[Kchain  6 [============================> ]  96% (105600/110000)
[Kchain  7 [============================> ]  96% (105600/110000)
[Kchain  8 [=============================>]  97% (106700/110000)
[Kchain  9 [============================> ]  96% (105600/110000)
[Kchain 10 [============================> ]  96% (105600/110000)
[Kchain 11 [============================> ]  96% (105600/110000)
[13A[KRunning N=2 | per-chain progress
[Kchain  0 [=============================>]  98% (107800/110000)
[Kchain  1 [=============================>]  97% (106700/110000)
[Kchain  2 [============================> ]  96% (105600/110000)
[Kchain  3 [=============================>]  97% (106700/110000)
[Kchain  4 [============================> ]  96% (105600/110000)
[Kchain  5 [============================> ]  96% (105600/110000)
[Kchain  6 [=============================>]  97% (106700/110000)
[Kchain  7 [=============================>]  97% (106700/110000)
[Kchain  8 [=============================>]  97% (106700/110000)
[Kchain  9 [============================> ]  96% (105600/110000)
[Kchain 10 [============================> ]  96% (105600/110000)
[Kchain 11 [============================> ]  96% (105600/110000)
[13A[KRunning N=2 | per-chain progress
[Kchain  0 [=============================>]  98% (107800/110000)
[Kchain  1 [=============================>]  97% (106700/110000)
[Kchain  2 [============================> ]  96% (105600/110000)
[Kchain  3 [=============================>]  97% (106700/110000)
[Kchain  4 [============================> ]  96% (105600/110000)
[Kchain  5 [============================> ]  96% (105600/110000)
[Kchain  6 [=============================>]  97% (106700/110000)
[Kchain  7 [=============================>]  97% (106700/110000)
[Kchain  8 [=============================>]  97% (106700/110000)
[Kchain  9 [=============================>]  97% (106700/110000)
[Kchain 10 [============================> ]  96% (105600/110000)
[Kchain 11 [============================> ]  96% (105600/110000)
[13A[KRunning N=2 | per-chain progress
[Kchain  0 [=============================>]  98% (107800/110000)
[Kchain  1 [=============================>]  97% (106700/110000)
[Kchain  2 [============================> ]  96% (105600/110000)
[Kchain  3 [=============================>]  97% (106700/110000)
[Kchain  4 [============================> ]  96% (105600/110000)
[Kchain  5 [============================> ]  96% (105600/110000)
[Kchain  6 [=============================>]  97% (106700/110000)
[Kchain  7 [=============================>]  97% (106700/110000)
[Kchain  8 [=============================>]  97% (106700/110000)
[Kchain  9 [=============================>]  97% (106700/110000)
[Kchain 10 [============================> ]  96% (105600/110000)
[Kchain 11 [=============================>]  97% (106700/110000)
[13A[KRunning N=2 | per-chain progress
[Kchain  0 [=============================>]  98% (107800/110000)
[Kchain  1 [=============================>]  97% (106700/110000)
[Kchain  2 [============================> ]  96% (105600/110000)
[Kchain  3 [=============================>]  97% (106700/110000)
[Kchain  4 [============================> ]  96% (105600/110000)
[Kchain  5 [============================> ]  96% (105600/110000)
[Kchain  6 [=============================>]  97% (106700/110000)
[Kchain  7 [=============================>]  97% (106700/110000)
[Kchain  8 [=============================>]  97% (106700/110000)
[Kchain  9 [=============================>]  97% (106700/110000)
[Kchain 10 [============================> ]  96% (105600/110000)
[Kchain 11 [=============================>]  97% (106700/110000)
[13A[KRunning N=2 | per-chain progress
[Kchain  0 [=============================>]  98% (107800/110000)
[Kchain  1 [=============================>]  97% (106700/110000)
[Kchain  2 [============================> ]  96% (105600/110000)
[Kchain  3 [=============================>]  97% (106700/110000)
[Kchain  4 [============================> ]  96% (105600/110000)
[Kchain  5 [=============================>]  97% (106700/110000)
[Kchain  6 [=============================>]  97% (106700/110000)
[Kchain  7 [=============================>]  97% (106700/110000)
[Kchain  8 [=============================>]  97% (106700/110000)
[Kchain  9 [=============================>]  97% (106700/110000)
[Kchain 10 [============================> ]  96% (105600/110000)
[Kchain 11 [=============================>]  97% (106700/110000)
[13A[KRunning N=2 | per-chain progress
[Kchain  0 [=============================>]  98% (107800/110000)
[Kchain  1 [=============================>]  97% (106700/110000)
[Kchain  2 [============================> ]  96% (105600/110000)
[Kchain  3 [=============================>]  97% (106700/110000)
[Kchain  4 [=============================>]  97% (106700/110000)
[Kchain  5 [=============================>]  97% (106700/110000)
[Kchain  6 [=============================>]  97% (106700/110000)
[Kchain  7 [=============================>]  97% (106700/110000)
[Kchain  8 [=============================>]  97% (106700/110000)
[Kchain  9 [=============================>]  97% (106700/110000)
[Kchain 10 [=============================>]  97% (106700/110000)
[Kchain 11 [=============================>]  97% (106700/110000)
[13A[KRunning N=2 | per-chain progress
[Kchain  0 [=============================>]  98% (107800/110000)
[Kchain  1 [=============================>]  97% (106700/110000)
[Kchain  2 [============================> ]  96% (105600/110000)
[Kchain  3 [=============================>]  97% (106700/110000)
[Kchain  4 [=============================>]  97% (106700/110000)
[Kchain  5 [=============================>]  97% (106700/110000)
[Kchain  6 [=============================>]  97% (106700/110000)
[Kchain  7 [=============================>]  97% (106700/110000)
[Kchain  8 [=============================>]  97% (106700/110000)
[Kchain  9 [=============================>]  97% (106700/110000)
[Kchain 10 [=============================>]  97% (106700/110000)
[Kchain 11 [=============================>]  97% (106700/110000)
[13A[KRunning N=2 | per-chain progress
[Kchain  0 [=============================>]  98% (107800/110000)
[Kchain  1 [=============================>]  98% (107800/110000)
[Kchain  2 [============================> ]  96% (105600/110000)
[Kchain  3 [=============================>]  97% (106700/110000)
[Kchain  4 [=============================>]  97% (106700/110000)
[Kchain  5 [=============================>]  97% (106700/110000)
[Kchain  6 [=============================>]  97% (106700/110000)
[Kchain  7 [=============================>]  97% (106700/110000)
[Kchain  8 [=============================>]  97% (106700/110000)
[Kchain  9 [=============================>]  97% (106700/110000)
[Kchain 10 [=============================>]  97% (106700/110000)
[Kchain 11 [=============================>]  97% (106700/110000)
[13A[KRunning N=2 | per-chain progress
[Kchain  0 [=============================>]  98% (107800/110000)
[Kchain  1 [=============================>]  98% (107800/110000)
[Kchain  2 [=============================>]  97% (106700/110000)
[Kchain  3 [=============================>]  97% (106700/110000)
[Kchain  4 [=============================>]  97% (106700/110000)
[Kchain  5 [=============================>]  97% (106700/110000)
[Kchain  6 [=============================>]  97% (106700/110000)
[Kchain  7 [=============================>]  97% (106700/110000)
[Kchain  8 [=============================>]  98% (107800/110000)
[Kchain  9 [=============================>]  97% (106700/110000)
[Kchain 10 [=============================>]  97% (106700/110000)
[Kchain 11 [=============================>]  97% (106700/110000)
[13A[KRunning N=2 | per-chain progress
[Kchain  0 [=============================>]  98% (107800/110000)
[Kchain  1 [=============================>]  98% (107800/110000)
[Kchain  2 [=============================>]  97% (106700/110000)
[Kchain  3 [=============================>]  97% (106700/110000)
[Kchain  4 [=============================>]  97% (106700/110000)
[Kchain  5 [=============================>]  97% (106700/110000)
[Kchain  6 [=============================>]  97% (106700/110000)
[Kchain  7 [=============================>]  97% (106700/110000)
[Kchain  8 [=============================>]  98% (107800/110000)
[Kchain  9 [=============================>]  97% (106700/110000)
[Kchain 10 [=============================>]  97% (106700/110000)
[Kchain 11 [=============================>]  97% (106700/110000)
[13A[KRunning N=2 | per-chain progress
[Kchain  0 [=============================>]  98% (107800/110000)
[Kchain  1 [=============================>]  98% (107800/110000)
[Kchain  2 [=============================>]  97% (106700/110000)
[Kchain  3 [=============================>]  98% (107800/110000)
[Kchain  4 [=============================>]  97% (106700/110000)
[Kchain  5 [=============================>]  97% (106700/110000)
[Kchain  6 [=============================>]  97% (106700/110000)
[Kchain  7 [=============================>]  97% (106700/110000)
[Kchain  8 [=============================>]  98% (107800/110000)
[Kchain  9 [=============================>]  97% (106700/110000)
[Kchain 10 [=============================>]  97% (106700/110000)
[Kchain 11 [=============================>]  97% (106700/110000)
[13A[KRunning N=2 | per-chain progress
[Kchain  0 [=============================>]  99% (108900/110000)
[Kchain  1 [=============================>]  98% (107800/110000)
[Kchain  2 [=============================>]  97% (106700/110000)
[Kchain  3 [=============================>]  98% (107800/110000)
[Kchain  4 [=============================>]  97% (106700/110000)
[Kchain  5 [=============================>]  97% (106700/110000)
[Kchain  6 [=============================>]  98% (107800/110000)
[Kchain  7 [=============================>]  97% (106700/110000)
[Kchain  8 [=============================>]  98% (107800/110000)
[Kchain  9 [=============================>]  97% (106700/110000)
[Kchain 10 [=============================>]  97% (106700/110000)
[Kchain 11 [=============================>]  97% (106700/110000)
[13A[KRunning N=2 | per-chain progress
[Kchain  0 [=============================>]  99% (108900/110000)
[Kchain  1 [=============================>]  98% (107800/110000)
[Kchain  2 [=============================>]  97% (106700/110000)
[Kchain  3 [=============================>]  98% (107800/110000)
[Kchain  4 [=============================>]  97% (106700/110000)
[Kchain  5 [=============================>]  97% (106700/110000)
[Kchain  6 [=============================>]  98% (107800/110000)
[Kchain  7 [=============================>]  98% (107800/110000)
[Kchain  8 [=============================>]  98% (107800/110000)
[Kchain  9 [=============================>]  97% (106700/110000)
[Kchain 10 [=============================>]  97% (106700/110000)
[Kchain 11 [=============================>]  97% (106700/110000)
[13A[KRunning N=2 | per-chain progress
[Kchain  0 [=============================>]  99% (108900/110000)
[Kchain  1 [=============================>]  98% (107800/110000)
[Kchain  2 [=============================>]  97% (106700/110000)
[Kchain  3 [=============================>]  98% (107800/110000)
[Kchain  4 [=============================>]  97% (106700/110000)
[Kchain  5 [=============================>]  97% (106700/110000)
[Kchain  6 [=============================>]  98% (107800/110000)
[Kchain  7 [=============================>]  98% (107800/110000)
[Kchain  8 [=============================>]  98% (107800/110000)
[Kchain  9 [=============================>]  98% (107800/110000)
[Kchain 10 [=============================>]  97% (106700/110000)
[Kchain 11 [=============================>]  97% (106700/110000)
[13A[KRunning N=2 | per-chain progress
[Kchain  0 [=============================>]  99% (108900/110000)
[Kchain  1 [=============================>]  98% (107800/110000)
[Kchain  2 [=============================>]  97% (106700/110000)
[Kchain  3 [=============================>]  98% (107800/110000)
[Kchain  4 [=============================>]  97% (106700/110000)
[Kchain  5 [=============================>]  97% (106700/110000)
[Kchain  6 [=============================>]  98% (107800/110000)
[Kchain  7 [=============================>]  98% (107800/110000)
[Kchain  8 [=============================>]  98% (107800/110000)
[Kchain  9 [=============================>]  98% (107800/110000)
[Kchain 10 [=============================>]  97% (106700/110000)
[Kchain 11 [=============================>]  98% (107800/110000)
[13A[KRunning N=2 | per-chain progress
[Kchain  0 [=============================>]  99% (108900/110000)
[Kchain  1 [=============================>]  98% (107800/110000)
[Kchain  2 [=============================>]  97% (106700/110000)
[Kchain  3 [=============================>]  98% (107800/110000)
[Kchain  4 [=============================>]  97% (106700/110000)
[Kchain  5 [=============================>]  97% (106700/110000)
[Kchain  6 [=============================>]  98% (107800/110000)
[Kchain  7 [=============================>]  98% (107800/110000)
[Kchain  8 [=============================>]  98% (107800/110000)
[Kchain  9 [=============================>]  98% (107800/110000)
[Kchain 10 [=============================>]  97% (106700/110000)
[Kchain 11 [=============================>]  98% (107800/110000)
[13A[KRunning N=2 | per-chain progress
[Kchain  0 [=============================>]  99% (108900/110000)
[Kchain  1 [=============================>]  98% (107800/110000)
[Kchain  2 [=============================>]  97% (106700/110000)
[Kchain  3 [=============================>]  98% (107800/110000)
[Kchain  4 [=============================>]  97% (106700/110000)
[Kchain  5 [=============================>]  98% (107800/110000)
[Kchain  6 [=============================>]  98% (107800/110000)
[Kchain  7 [=============================>]  98% (107800/110000)
[Kchain  8 [=============================>]  98% (107800/110000)
[Kchain  9 [=============================>]  98% (107800/110000)
[Kchain 10 [=============================>]  97% (106700/110000)
[Kchain 11 [=============================>]  98% (107800/110000)
[13A[KRunning N=2 | per-chain progress
[Kchain  0 [=============================>]  99% (108900/110000)
[Kchain  1 [=============================>]  98% (107800/110000)
[Kchain  2 [=============================>]  97% (106700/110000)
[Kchain  3 [=============================>]  98% (107800/110000)
[Kchain  4 [=============================>]  98% (107800/110000)
[Kchain  5 [=============================>]  98% (107800/110000)
[Kchain  6 [=============================>]  98% (107800/110000)
[Kchain  7 [=============================>]  98% (107800/110000)
[Kchain  8 [=============================>]  98% (107800/110000)
[Kchain  9 [=============================>]  98% (107800/110000)
[Kchain 10 [=============================>]  98% (107800/110000)
[Kchain 11 [=============================>]  98% (107800/110000)
[13A[KRunning N=2 | per-chain progress
[Kchain  0 [=============================>]  99% (108900/110000)
[Kchain  1 [=============================>]  98% (107800/110000)
[Kchain  2 [=============================>]  97% (106700/110000)
[Kchain  3 [=============================>]  98% (107800/110000)
[Kchain  4 [=============================>]  98% (107800/110000)
[Kchain  5 [=============================>]  98% (107800/110000)
[Kchain  6 [=============================>]  98% (107800/110000)
[Kchain  7 [=============================>]  98% (107800/110000)
[Kchain  8 [=============================>]  98% (107800/110000)
[Kchain  9 [=============================>]  98% (107800/110000)
[Kchain 10 [=============================>]  98% (107800/110000)
[Kchain 11 [=============================>]  98% (107800/110000)
[13A[KRunning N=2 | per-chain progress
[Kchain  0 [=============================>]  99% (108900/110000)
[Kchain  1 [=============================>]  99% (108900/110000)
[Kchain  2 [=============================>]  97% (106700/110000)
[Kchain  3 [=============================>]  98% (107800/110000)
[Kchain  4 [=============================>]  98% (107800/110000)
[Kchain  5 [=============================>]  98% (107800/110000)
[Kchain  6 [=============================>]  98% (107800/110000)
[Kchain  7 [=============================>]  98% (107800/110000)
[Kchain  8 [=============================>]  98% (107800/110000)
[Kchain  9 [=============================>]  98% (107800/110000)
[Kchain 10 [=============================>]  98% (107800/110000)
[Kchain 11 [=============================>]  98% (107800/110000)
[13A[KRunning N=2 | per-chain progress
[Kchain  0 [=============================>]  99% (108900/110000)
[Kchain  1 [=============================>]  99% (108900/110000)
[Kchain  2 [=============================>]  98% (107800/110000)
[Kchain  3 [=============================>]  98% (107800/110000)
[Kchain  4 [=============================>]  98% (107800/110000)
[Kchain  5 [=============================>]  98% (107800/110000)
[Kchain  6 [=============================>]  98% (107800/110000)
[Kchain  7 [=============================>]  98% (107800/110000)
[Kchain  8 [=============================>]  99% (108900/110000)
[Kchain  9 [=============================>]  98% (107800/110000)
[Kchain 10 [=============================>]  98% (107800/110000)
[Kchain 11 [=============================>]  98% (107800/110000)
[13A[KRunning N=2 | per-chain progress
[Kchain  0 [=============================>]  99% (108900/110000)
[Kchain  1 [=============================>]  99% (108900/110000)
[Kchain  2 [=============================>]  98% (107800/110000)
[Kchain  3 [=============================>]  98% (107800/110000)
[Kchain  4 [=============================>]  98% (107800/110000)
[Kchain  5 [=============================>]  98% (107800/110000)
[Kchain  6 [=============================>]  98% (107800/110000)
[Kchain  7 [=============================>]  98% (107800/110000)
[Kchain  8 [=============================>]  99% (108900/110000)
[Kchain  9 [=============================>]  98% (107800/110000)
[Kchain 10 [=============================>]  98% (107800/110000)
[Kchain 11 [=============================>]  98% (107800/110000)
[13A[KRunning N=2 | per-chain progress
[Kchain  0 [=============================>]  99% (108900/110000)
[Kchain  1 [=============================>]  99% (108900/110000)
[Kchain  2 [=============================>]  98% (107800/110000)
[Kchain  3 [=============================>]  99% (108900/110000)
[Kchain  4 [=============================>]  98% (107800/110000)
[Kchain  5 [=============================>]  98% (107800/110000)
[Kchain  6 [=============================>]  98% (107800/110000)
[Kchain  7 [=============================>]  98% (107800/110000)
[Kchain  8 [=============================>]  99% (108900/110000)
[Kchain  9 [=============================>]  98% (107800/110000)
[Kchain 10 [=============================>]  98% (107800/110000)
[Kchain 11 [=============================>]  98% (107800/110000)
[13A[KRunning N=2 | per-chain progress
[Kchain  0 [==============================] 100% (110000/110000)
[Kchain  1 [=============================>]  99% (108900/110000)
[Kchain  2 [=============================>]  98% (107800/110000)
[Kchain  3 [=============================>]  99% (108900/110000)
[Kchain  4 [=============================>]  98% (107800/110000)
[Kchain  5 [=============================>]  98% (107800/110000)
[Kchain  6 [=============================>]  99% (108900/110000)
[Kchain  7 [=============================>]  98% (107800/110000)
[Kchain  8 [=============================>]  99% (108900/110000)
[Kchain  9 [=============================>]  98% (107800/110000)
[Kchain 10 [=============================>]  98% (107800/110000)
[Kchain 11 [=============================>]  98% (107800/110000)
[13A[KRunning N=2 | per-chain progress
[Kchain  0 [==============================] 100% (110000/110000)
[Kchain  1 [=============================>]  99% (108900/110000)
[Kchain  2 [=============================>]  98% (107800/110000)
[Kchain  3 [=============================>]  99% (108900/110000)
[Kchain  4 [=============================>]  98% (107800/110000)
[Kchain  5 [=============================>]  98% (107800/110000)
[Kchain  6 [=============================>]  99% (108900/110000)
[Kchain  7 [=============================>]  99% (108900/110000)
[Kchain  8 [=============================>]  99% (108900/110000)
[Kchain  9 [=============================>]  98% (107800/110000)
[Kchain 10 [=============================>]  98% (107800/110000)
[Kchain 11 [=============================>]  98% (107800/110000)
[13A[KRunning N=2 | per-chain progress
[Kchain  0 [==============================] 100% (110000/110000)
[Kchain  1 [=============================>]  99% (108900/110000)
[Kchain  2 [=============================>]  98% (107800/110000)
[Kchain  3 [=============================>]  99% (108900/110000)
[Kchain  4 [=============================>]  98% (107800/110000)
[Kchain  5 [=============================>]  98% (107800/110000)
[Kchain  6 [=============================>]  99% (108900/110000)
[Kchain  7 [=============================>]  99% (108900/110000)
[Kchain  8 [=============================>]  99% (108900/110000)
[Kchain  9 [=============================>]  99% (108900/110000)
[Kchain 10 [=============================>]  98% (107800/110000)
[Kchain 11 [=============================>]  98% (107800/110000)
[13A[KRunning N=2 | per-chain progress
[Kchain  0 [==============================] 100% (110000/110000)
[Kchain  1 [=============================>]  99% (108900/110000)
[Kchain  2 [=============================>]  98% (107800/110000)
[Kchain  3 [=============================>]  99% (108900/110000)
[Kchain  4 [=============================>]  98% (107800/110000)
[Kchain  5 [=============================>]  98% (107800/110000)
[Kchain  6 [=============================>]  99% (108900/110000)
[Kchain  7 [=============================>]  99% (108900/110000)
[Kchain  8 [=============================>]  99% (108900/110000)
[Kchain  9 [=============================>]  99% (108900/110000)
[Kchain 10 [=============================>]  98% (107800/110000)
[Kchain 11 [=============================>]  99% (108900/110000)
[13A[KRunning N=2 | per-chain progress
[Kchain  0 [==============================] 100% (110000/110000)
[Kchain  1 [=============================>]  99% (108900/110000)
[Kchain  2 [=============================>]  98% (107800/110000)
[Kchain  3 [=============================>]  99% (108900/110000)
[Kchain  4 [=============================>]  98% (107800/110000)
[Kchain  5 [=============================>]  98% (107800/110000)
[Kchain  6 [=============================>]  99% (108900/110000)
[Kchain  7 [=============================>]  99% (108900/110000)
[Kchain  8 [=============================>]  99% (108900/110000)
[Kchain  9 [=============================>]  99% (108900/110000)
[Kchain 10 [=============================>]  98% (107800/110000)
[Kchain 11 [=============================>]  99% (108900/110000)
[13A[KRunning N=2 | per-chain progress
[Kchain  0 [==============================] 100% (110000/110000)
[Kchain  1 [=============================>]  99% (108900/110000)
[Kchain  2 [=============================>]  98% (107800/110000)
[Kchain  3 [=============================>]  99% (108900/110000)
[Kchain  4 [=============================>]  98% (107800/110000)
[Kchain  5 [=============================>]  99% (108900/110000)
[Kchain  6 [=============================>]  99% (108900/110000)
[Kchain  7 [=============================>]  99% (108900/110000)
[Kchain  8 [=============================>]  99% (108900/110000)
[Kchain  9 [=============================>]  99% (108900/110000)
[Kchain 10 [=============================>]  98% (107800/110000)
[Kchain 11 [=============================>]  99% (108900/110000)
[13A[KRunning N=2 | per-chain progress
[Kchain  0 [==============================] 100% (110000/110000)
[Kchain  1 [=============================>]  99% (108900/110000)
[Kchain  2 [=============================>]  98% (107800/110000)
[Kchain  3 [=============================>]  99% (108900/110000)
[Kchain  4 [=============================>]  99% (108900/110000)
[Kchain  5 [=============================>]  99% (108900/110000)
[Kchain  6 [=============================>]  99% (108900/110000)
[Kchain  7 [=============================>]  99% (108900/110000)
[Kchain  8 [=============================>]  99% (108900/110000)
[Kchain  9 [=============================>]  99% (108900/110000)
[Kchain 10 [=============================>]  99% (108900/110000)
[Kchain 11 [=============================>]  99% (108900/110000)
[13A[KRunning N=2 | per-chain progress
[Kchain  0 [==============================] 100% (110000/110000)
[Kchain  1 [=============================>]  99% (108900/110000)
[Kchain  2 [=============================>]  98% (107800/110000)
[Kchain  3 [=============================>]  99% (108900/110000)
[Kchain  4 [=============================>]  99% (108900/110000)
[Kchain  5 [=============================>]  99% (108900/110000)
[Kchain  6 [=============================>]  99% (108900/110000)
[Kchain  7 [=============================>]  99% (108900/110000)
[Kchain  8 [=============================>]  99% (108900/110000)
[Kchain  9 [=============================>]  99% (108900/110000)
[Kchain 10 [=============================>]  99% (108900/110000)
[Kchain 11 [=============================>]  99% (108900/110000)
[13A[KRunning N=2 | per-chain progress
[Kchain  0 [==============================] 100% (110000/110000)
[Kchain  1 [==============================] 100% (110000/110000)
[Kchain  2 [=============================>]  98% (107800/110000)
[Kchain  3 [=============================>]  99% (108900/110000)
[Kchain  4 [=============================>]  99% (108900/110000)
[Kchain  5 [=============================>]  99% (108900/110000)
[Kchain  6 [=============================>]  99% (108900/110000)
[Kchain  7 [=============================>]  99% (108900/110000)
[Kchain  8 [=============================>]  99% (108900/110000)
[Kchain  9 [=============================>]  99% (108900/110000)
[Kchain 10 [=============================>]  99% (108900/110000)
[Kchain 11 [=============================>]  99% (108900/110000)
[13A[KRunning N=2 | per-chain progress
[Kchain  0 [==============================] 100% (110000/110000)
[Kchain  1 [==============================] 100% (110000/110000)
[Kchain  2 [=============================>]  99% (108900/110000)
[Kchain  3 [=============================>]  99% (108900/110000)
[Kchain  4 [=============================>]  99% (108900/110000)
[Kchain  5 [=============================>]  99% (108900/110000)
[Kchain  6 [=============================>]  99% (108900/110000)
[Kchain  7 [=============================>]  99% (108900/110000)
[Kchain  8 [==============================] 100% (110000/110000)
[Kchain  9 [=============================>]  99% (108900/110000)
[Kchain 10 [=============================>]  99% (108900/110000)
[Kchain 11 [=============================>]  99% (108900/110000)
[13A[KRunning N=2 | per-chain progress
[Kchain  0 [==============================] 100% (110000/110000)
[Kchain  1 [==============================] 100% (110000/110000)
[Kchain  2 [=============================>]  99% (108900/110000)
[Kchain  3 [=============================>]  99% (108900/110000)
[Kchain  4 [=============================>]  99% (108900/110000)
[Kchain  5 [=============================>]  99% (108900/110000)
[Kchain  6 [=============================>]  99% (108900/110000)
[Kchain  7 [=============================>]  99% (108900/110000)
[Kchain  8 [==============================] 100% (110000/110000)
[Kchain  9 [=============================>]  99% (108900/110000)
[Kchain 10 [=============================>]  99% (108900/110000)
[Kchain 11 [=============================>]  99% (108900/110000)
[13A[KRunning N=2 | per-chain progress
[Kchain  0 [==============================] 100% (110000/110000)
[Kchain  1 [==============================] 100% (110000/110000)
[Kchain  2 [=============================>]  99% (108900/110000)
[Kchain  3 [==============================] 100% (110000/110000)
[Kchain  4 [=============================>]  99% (108900/110000)
[Kchain  5 [=============================>]  99% (108900/110000)
[Kchain  6 [=============================>]  99% (108900/110000)
[Kchain  7 [=============================>]  99% (108900/110000)
[Kchain  8 [==============================] 100% (110000/110000)
[Kchain  9 [=============================>]  99% (108900/110000)
[Kchain 10 [=============================>]  99% (108900/110000)
[Kchain 11 [=============================>]  99% (108900/110000)
[13A[KRunning N=2 | per-chain progress
[Kchain  0 [==============================] 100% (110000/110000)
[Kchain  1 [==============================] 100% (110000/110000)
[Kchain  2 [=============================>]  99% (108900/110000)
[Kchain  3 [==============================] 100% (110000/110000)
[Kchain  4 [=============================>]  99% (108900/110000)
[Kchain  5 [=============================>]  99% (108900/110000)
[Kchain  6 [==============================] 100% (110000/110000)
[Kchain  7 [=============================>]  99% (108900/110000)
[Kchain  8 [==============================] 100% (110000/110000)
[Kchain  9 [=============================>]  99% (108900/110000)
[Kchain 10 [=============================>]  99% (108900/110000)
[Kchain 11 [=============================>]  99% (108900/110000)
[13A[KRunning N=2 | per-chain progress
[Kchain  0 [==============================] 100% (110000/110000)
[Kchain  1 [==============================] 100% (110000/110000)
[Kchain  2 [=============================>]  99% (108900/110000)
[Kchain  3 [==============================] 100% (110000/110000)
[Kchain  4 [=============================>]  99% (108900/110000)
[Kchain  5 [=============================>]  99% (108900/110000)
[Kchain  6 [==============================] 100% (110000/110000)
[Kchain  7 [==============================] 100% (110000/110000)
[Kchain  8 [==============================] 100% (110000/110000)
[Kchain  9 [=============================>]  99% (108900/110000)
[Kchain 10 [=============================>]  99% (108900/110000)
[Kchain 11 [=============================>]  99% (108900/110000)
[13A[KRunning N=2 | per-chain progress
[Kchain  0 [==============================] 100% (110000/110000)
[Kchain  1 [==============================] 100% (110000/110000)
[Kchain  2 [=============================>]  99% (108900/110000)
[Kchain  3 [==============================] 100% (110000/110000)
[Kchain  4 [=============================>]  99% (108900/110000)
[Kchain  5 [=============================>]  99% (108900/110000)
[Kchain  6 [==============================] 100% (110000/110000)
[Kchain  7 [==============================] 100% (110000/110000)
[Kchain  8 [==============================] 100% (110000/110000)
[Kchain  9 [==============================] 100% (110000/110000)
[Kchain 10 [=============================>]  99% (108900/110000)
[Kchain 11 [=============================>]  99% (108900/110000)
[13A[KRunning N=2 | per-chain progress
[Kchain  0 [==============================] 100% (110000/110000)
[Kchain  1 [==============================] 100% (110000/110000)
[Kchain  2 [=============================>]  99% (108900/110000)
[Kchain  3 [==============================] 100% (110000/110000)
[Kchain  4 [=============================>]  99% (108900/110000)
[Kchain  5 [=============================>]  99% (108900/110000)
[Kchain  6 [==============================] 100% (110000/110000)
[Kchain  7 [==============================] 100% (110000/110000)
[Kchain  8 [==============================] 100% (110000/110000)
[Kchain  9 [==============================] 100% (110000/110000)
[Kchain 10 [=============================>]  99% (108900/110000)
[Kchain 11 [==============================] 100% (110000/110000)
[13A[KRunning N=2 | per-chain progress
[Kchain  0 [==============================] 100% (110000/110000)
[Kchain  1 [==============================] 100% (110000/110000)
[Kchain  2 [=============================>]  99% (108900/110000)
[Kchain  3 [==============================] 100% (110000/110000)
[Kchain  4 [=============================>]  99% (108900/110000)
[Kchain  5 [==============================] 100% (110000/110000)
[Kchain  6 [==============================] 100% (110000/110000)
[Kchain  7 [==============================] 100% (110000/110000)
[Kchain  8 [==============================] 100% (110000/110000)
[Kchain  9 [==============================] 100% (110000/110000)
[Kchain 10 [=============================>]  99% (108900/110000)
[Kchain 11 [==============================] 100% (110000/110000)
[13A[KRunning N=2 | per-chain progress
[Kchain  0 [==============================] 100% (110000/110000)
[Kchain  1 [==============================] 100% (110000/110000)
[Kchain  2 [=============================>]  99% (108900/110000)
[Kchain  3 [==============================] 100% (110000/110000)
[Kchain  4 [==============================] 100% (110000/110000)
[Kchain  5 [==============================] 100% (110000/110000)
[Kchain  6 [==============================] 100% (110000/110000)
[Kchain  7 [==============================] 100% (110000/110000)
[Kchain  8 [==============================] 100% (110000/110000)
[Kchain  9 [==============================] 100% (110000/110000)
[Kchain 10 [=============================>]  99% (108900/110000)
[Kchain 11 [==============================] 100% (110000/110000)
[13A[KRunning N=2 | per-chain progress
[Kchain  0 [==============================] 100% (110000/110000)
[Kchain  1 [==============================] 100% (110000/110000)
[Kchain  2 [=============================>]  99% (108900/110000)
[Kchain  3 [==============================] 100% (110000/110000)
[Kchain  4 [==============================] 100% (110000/110000)
[Kchain  5 [==============================] 100% (110000/110000)
[Kchain  6 [==============================] 100% (110000/110000)
[Kchain  7 [==============================] 100% (110000/110000)
[Kchain  8 [==============================] 100% (110000/110000)
[Kchain  9 [==============================] 100% (110000/110000)
[Kchain 10 [==============================] 100% (110000/110000)
[Kchain 11 [==============================] 100% (110000/110000)
[13A[KRunning N=2 | per-chain progress
[Kchain  0 [==============================] 100% (110000/110000)
[Kchain  1 [==============================] 100% (110000/110000)
[Kchain  2 [=============================>]  99% (108900/110000)
[Kchain  3 [==============================] 100% (110000/110000)
[Kchain  4 [==============================] 100% (110000/110000)
[Kchain  5 [==============================] 100% (110000/110000)
[Kchain  6 [==============================] 100% (110000/110000)
[Kchain  7 [==============================] 100% (110000/110000)
[Kchain  8 [==============================] 100% (110000/110000)
[Kchain  9 [==============================] 100% (110000/110000)
[Kchain 10 [==============================] 100% (110000/110000)
[Kchain 11 [==============================] 100% (110000/110000)
[13A[KRunning N=2 | per-chain progress
[Kchain  0 [==============================] 100% (110000/110000)
[Kchain  1 [==============================] 100% (110000/110000)
[Kchain  2 [==============================] 100% (110000/110000)
[Kchain  3 [==============================] 100% (110000/110000)
[Kchain  4 [==============================] 100% (110000/110000)
[Kchain  5 [==============================] 100% (110000/110000)
[Kchain  6 [==============================] 100% (110000/110000)
[Kchain  7 [==============================] 100% (110000/110000)
[Kchain  8 [==============================] 100% (110000/110000)
[Kchain  9 [==============================] 100% (110000/110000)
[Kchain 10 [==============================] 100% (110000/110000)
[Kchain 11 [==============================] 100% (110000/110000)
[13A[KRunning N=2 | per-chain progress
[Kchain  0 [==============================] 100% (110000/110000)
[Kchain  1 [==============================] 100% (110000/110000)
[Kchain  2 [==============================] 100% (110000/110000)
[Kchain  3 [==============================] 100% (110000/110000)
[Kchain  4 [==============================] 100% (110000/110000)
[Kchain  5 [==============================] 100% (110000/110000)
[Kchain  6 [==============================] 100% (110000/110000)
[Kchain  7 [==============================] 100% (110000/110000)
[Kchain  8 [==============================] 100% (110000/110000)
[Kchain  9 [==============================] 100% (110000/110000)
[Kchain 10 [==============================] 100% (110000/110000)
[Kchain 11 [==============================] 100% (110000/110000)
[13A[KRunning N=2 | per-chain progress
[Kchain  0 [==============================] 100% (110000/110000)
[Kchain  1 [==============================] 100% (110000/110000)
[Kchain  2 [==============================] 100% (110000/110000)
[Kchain  3 [==============================] 100% (110000/110000)
[Kchain  4 [==============================] 100% (110000/110000)
[Kchain  5 [==============================] 100% (110000/110000)
[Kchain  6 [==============================] 100% (110000/110000)
[Kchain  7 [==============================] 100% (110000/110000)
[Kchain  8 [==============================] 100% (110000/110000)
[Kchain  9 [==============================] 100% (110000/110000)
[Kchain 10 [==============================] 100% (110000/110000)
[Kchain 11 [==============================] 100% (110000/110000)
[13A[KRunning N=2 | per-chain progress
[Kchain  0 [==============================] 100% (110000/110000)
[Kchain  1 [==============================] 100% (110000/110000)
[Kchain  2 [==============================] 100% (110000/110000)
[Kchain  3 [==============================] 100% (110000/110000)
[Kchain  4 [==============================] 100% (110000/110000)
[Kchain  5 [==============================] 100% (110000/110000)
[Kchain  6 [==============================] 100% (110000/110000)
[Kchain  7 [==============================] 100% (110000/110000)
[Kchain  8 [==============================] 100% (110000/110000)
[Kchain  9 [==============================] 100% (110000/110000)
[Kchain 10 [==============================] 100% (110000/110000)
[Kchain 11 [==============================] 100% (110000/110000)
[13A[KRunning N=2 | per-chain progress
[Kchain  0 [==============================] 100% (110000/110000)
[Kchain  1 [==============================] 100% (110000/110000)
[Kchain  2 [==============================] 100% (110000/110000)
[Kchain  3 [==============================] 100% (110000/110000)
[Kchain  4 [==============================] 100% (110000/110000)
[Kchain  5 [==============================] 100% (110000/110000)
[Kchain  6 [==============================] 100% (110000/110000)
[Kchain  7 [==============================] 100% (110000/110000)
[Kchain  8 [==============================] 100% (110000/110000)
[Kchain  9 [==============================] 100% (110000/110000)
[Kchain 10 [==============================] 100% (110000/110000)
[Kchain 11 [==============================] 100% (110000/110000)
[13A[KRunning N=2 | per-chain progress
[Kchain  0 [==============================] 100% (110000/110000)
[Kchain  1 [==============================] 100% (110000/110000)
[Kchain  2 [==============================] 100% (110000/110000)
[Kchain  3 [==============================] 100% (110000/110000)
[Kchain  4 [==============================] 100% (110000/110000)
[Kchain  5 [==============================] 100% (110000/110000)
[Kchain  6 [==============================] 100% (110000/110000)
[Kchain  7 [==============================] 100% (110000/110000)
[Kchain  8 [==============================] 100% (110000/110000)
[Kchain  9 [==============================] 100% (110000/110000)
[Kchain 10 [==============================] 100% (110000/110000)
[Kchain 11 [==============================] 100% (110000/110000)
[13A[KRunning N=2 | per-chain progress
[Kchain  0 [==============================] 100% (110000/110000)
[Kchain  1 [==============================] 100% (110000/110000)
[Kchain  2 [==============================] 100% (110000/110000)
[Kchain  3 [==============================] 100% (110000/110000)
[Kchain  4 [==============================] 100% (110000/110000)
[Kchain  5 [==============================] 100% (110000/110000)
[Kchain  6 [==============================] 100% (110000/110000)
[Kchain  7 [==============================] 100% (110000/110000)
[Kchain  8 [==============================] 100% (110000/110000)
[Kchain  9 [==============================] 100% (110000/110000)
[Kchain 10 [==============================] 100% (110000/110000)
[Kchain 11 [==============================] 100% (110000/110000)
[13A[KRunning N=2 | per-chain progress
[Kchain  0 [==============================] 100% (110000/110000)
[Kchain  1 [==============================] 100% (110000/110000)
[Kchain  2 [==============================] 100% (110000/110000)
[Kchain  3 [==============================] 100% (110000/110000)
[Kchain  4 [==============================] 100% (110000/110000)
[Kchain  5 [==============================] 100% (110000/110000)
[Kchain  6 [==============================] 100% (110000/110000)
[Kchain  7 [==============================] 100% (110000/110000)
[Kchain  8 [==============================] 100% (110000/110000)
[Kchain  9 [==============================] 100% (110000/110000)
[Kchain 10 [==============================] 100% (110000/110000)
[Kchain 11 [==============================] 100% (110000/110000)

Per-chain energies:
chain 0: E = -63.58894000, err = 0.09426559, <Nop> = 63.58894000, <P> = 0.00000000, <V> = 0.00000000, <sgn> = 1.00000000 +/- 0.00000000, accD = 0.43063084, accW = 0.01217164, accS = 0.00322020
chain 1: E = -63.53917000, err = 0.08439852, <Nop> = 63.53917000, <P> = 0.00000000, <V> = 0.00000000, <sgn> = 1.00000000 +/- 0.00000000, accD = 0.43084367, accW = 0.01218622, accS = 0.00338737
chain 2: E = -63.50876000, err = 0.08593724, <Nop> = 63.50876000, <P> = 0.00000000, <V> = 0.00000000, <sgn> = 1.00000000 +/- 0.00000000, accD = 0.43075164, accW = 0.01218070, accS = 0.00322323
chain 3: E = -63.71243000, err = 0.09714525, <Nop> = 63.71243000, <P> = 0.00000000, <V> = 0.00000000, <sgn> = 1.00000000 +/- 0.00000000, accD = 0.43047304, accW = 0.01214171, accS = 0.00303434
chain 4: E = -63.73339000, err = 0.11740009, <Nop> = 63.73339000, <P> = 0.00000000, <V> = 0.00000000, <sgn> = 1.00000000 +/- 0.00000000, accD = 0.43098350, accW = 0.01218161, accS = 0.00327172
chain 5: E = -63.58659000, err = 0.10086372, <Nop> = 63.58659000, <P> = 0.00000000, <V> = 0.00000000, <sgn> = 1.00000000 +/- 0.00000000, accD = 0.43090853, accW = 0.01216643, accS = 0.00328081
chain 6: E = -63.55107000, err = 0.09645993, <Nop> = 63.55107000, <P> = 0.00000000, <V> = 0.00000000, <sgn> = 1.00000000 +/- 0.00000000, accD = 0.43069601, accW = 0.01213874, accS = 0.00326111
chain 7: E = -63.52049000, err = 0.10369216, <Nop> = 63.52049000, <P> = 0.00000000, <V> = 0.00000000, <sgn> = 1.00000000 +/- 0.00000000, accD = 0.43076986, accW = 0.01216776, accS = 0.00322121
chain 8: E = -63.61375000, err = 0.08973534, <Nop> = 63.61375000, <P> = 0.00000000, <V> = 0.00000000, <sgn> = 1.00000000 +/- 0.00000000, accD = 0.43043643, accW = 0.01216566, accS = 0.00320303
chain 9: E = -63.56006000, err = 0.10077470, <Nop> = 63.56006000, <P> = 0.00000000, <V> = 0.00000000, <sgn> = 1.00000000 +/- 0.00000000, accD = 0.43070633, accW = 0.01220497, accS = 0.00331566
chain 10: E = -63.51812000, err = 0.08514742, <Nop> = 63.51812000, <P> = 0.00000000, <V> = 0.00000000, <sgn> = 1.00000000 +/- 0.00000000, accD = 0.43077594, accW = 0.01217885, accS = 0.00335859
chain 11: E = -63.42946000, err = 0.07819911, <Nop> = 63.42946000, <P> = 0.00000000, <V> = 0.00000000, <sgn> = 1.00000000 +/- 0.00000000, accD = 0.43080290, accW = 0.01218972, accS = 0.00343384
2       -63.571852 +/-  0.024548    -63.569140     -0.002712 63.571852 55.987850  7.584003  0.000000    0.000000  1.000000  0.000000  0.430732  0.012173  0.003268
